LAST,Net Chng,Volume,Prob.ITM,Prob.OTM,Prob.Touch,Rho,Theta,Vega,Volume.1,Open.Int,Extrinsic,Gamma,Impl Vol,Intrinsic,BID,ASK,Exp,Strike,BID.1,ASK.1,LAST.1,Net Chng.1,Volume.2,Prob.ITM.1,Prob.OTM.1,Prob.Touch.1,Rho.1,Theta.1,Vega.1,Volume.3,Open.Int.1,Extrinsic.1,Gamma.1,Impl Vol.1,Intrinsic.1,expire_days,target
11.84,3.29,3,90.48,9.52,18.53,0.01,-0.12,0.03,3,1907,0.12,0.02,35.36,11.89,11.92,12.1,2 OCT 20,326.0,0.19,0.2,0.2,-0.55,8,6.23,93.77,12.11,0.0,-0.17,0.03,8,7231,0.195,0.02,30.22,0.0,1,True
11.09,3.37,3,87.99,12.01,23.35,0.01,-0.21,0.04,3,4394,0.22,0.02,35.87,10.89,10.73,11.49,2 OCT 20,327.0,0.24,0.25,0.26,-0.65,83,7.67,92.33,14.9,0.0,-0.21,0.03,83,10839,0.245,0.02,29.62,0.0,1,True
9.05,3.16,1,86.56,13.44,26.05,0.01,-0.19,0.04,1,4795,0.21,0.03,30.77,8.89,9.03,9.17,2 OCT 20,329.0,0.41,0.42,0.4,-0.9,27,12.04,87.96,23.32,0.0,-0.33,0.05,27,20693,0.415,0.03,29.04,0.0,1,True
8.32,2.92,4,84.07,15.93,30.82,0.01,-0.25,0.05,4,17529,0.295,0.04,30.02,7.89,8.13,8.24,2 OCT 20,330.0,0.52,0.53,0.52,-1.03,1265,14.73,85.27,28.48,0.0,-0.39,0.06,1265,37760,0.525,0.03,28.59,0.0,1,True
6.41,2.55,9,76.47,23.53,45.35,0.01,-0.43,0.07,9,3969,0.655,0.04,30.17,5.89,6.49,6.6,2 OCT 20,332.0,0.81,0.83,0.77,-1.41,462,21.45,78.55,41.3,0.0,-0.53,0.07,462,7304,0.82,0.04,27.6,0.0,1,True
5.82,2.57,285,73.09,26.91,51.73,0.01,-0.48,0.08,285,17082,0.79,0.05,28.82,4.89,5.62,5.74,2 OCT 20,333.0,0.98,0.99,0.97,-1.51,200,25.27,74.73,48.5,0.0,-0.59,0.08,200,16047,0.985,0.05,26.69,0.0,1,True
4.92,2.18,23,67.8,32.2,61.77,0.01,-0.59,0.09,23,9416,1.135,0.05,29.57,3.89,4.98,5.07,2 OCT 20,334.0,1.2,1.23,1.21,-1.77,200,29.96,70.04,57.34,-0.01,-0.66,0.09,200,8478,1.215,0.05,26.14,0.0,1,True
4.22,2.0,140,63.56,36.44,69.65,0.01,-0.6,0.09,140,16262,1.315,0.06,27.86,2.89,4.16,4.25,2 OCT 20,335.0,1.47,1.5,1.48,-1.95,111,35.18,64.82,67.1,-0.01,-0.72,0.09,111,9665,1.485,0.06,25.52,0.0,1,True
3.51,1.73,535,58.23,41.77,79.57,0.01,-0.64,0.1,535,14904,1.635,0.06,27.2,1.89,3.49,3.56,2 OCT 20,336.0,1.77,1.8,1.8,-2.22,123,40.87,59.13,77.62,-0.01,-0.76,0.1,123,8250,1.785,0.06,24.67,0.0,1,True
2.95,1.59,310,52.47,47.53,90.16,0.01,-0.66,0.1,310,13690,2.01,0.06,26.53,0.89,2.88,2.92,2 OCT 20,337.0,2.18,2.21,2.17,-2.37,290,47.24,52.76,89.34,-0.01,-0.8,0.1,290,7812,2.195,0.07,24.37,0.0,1,True
2.33,1.27,500,46.37,53.63,98.51,0.01,-0.66,0.1,500,16423,2.32,0.06,25.72,0.0,2.31,2.33,2 OCT 20,338.0,2.59,2.63,2.65,-2.78,75,53.91,46.09,98.35,-0.01,-0.79,0.1,75,5694,2.5,0.07,23.46,0.11,1,False
1.88,1.09,234,40.12,59.88,84.92,0.01,-0.64,0.1,234,13811,1.84,0.06,25.27,0.0,1.82,1.86,2 OCT 20,339.0,3.09,3.13,3.14,-3.01,7,60.9,39.1,83.15,-0.01,-0.76,0.1,7,3267,2.0,0.07,22.7,1.11,1,False
1.42,0.84,1018,33.91,66.09,71.55,0.01,-0.59,0.09,1018,16568,1.425,0.06,24.82,0.0,1.42,1.43,2 OCT 20,340.0,3.67,3.76,3.62,-3.17,23,67.72,32.28,68.36,-0.01,-0.72,0.09,23,4503,1.605,0.06,22.29,2.11,1,False
1.11,0.68,298,28.06,71.94,59.02,0.01,-0.53,0.09,298,9458,1.09,0.06,24.55,0.0,1.08,1.1,2 OCT 20,341.0,4.27,4.37,5.59,0.0,0,75.04,24.96,52.75,-0.01,-0.62,0.08,0,1673,1.21,0.06,21.02,3.11,1,False
0.79,0.48,246,22.37,77.63,46.91,0.0,-0.44,0.08,246,8268,0.79,0.05,23.96,0.0,0.78,0.8,2 OCT 20,342.0,4.97,5.03,6.4,0.0,0,82.31,17.69,37.29,-0.02,-0.5,0.07,0,1300,0.89,0.05,19.56,4.11,1,False
0.54,0.32,171,16.93,83.07,35.42,0.0,-0.34,0.06,171,17944,0.535,0.04,23.13,0.0,0.53,0.54,2 OCT 20,343.0,5.75,5.86,9.65,0.0,0,88.06,11.94,25.1,-0.02,-0.41,0.05,0,1192,0.695,0.04,18.74,5.11,1,False
0.38,0.22,50,12.97,87.03,27.05,0.0,-0.27,0.05,50,24070,0.385,0.04,23.11,0.0,0.38,0.39,2 OCT 20,344.0,6.49,6.64,9.35,0.0,0,96.98,3.02,6.35,-0.02,-0.24,0.02,0,745,0.455,0.02,13.81,6.11,1,False
0.25,0.13,91,9.35,90.65,19.46,0.0,-0.2,0.04,91,12694,0.255,0.03,22.73,0.0,0.25,0.26,2 OCT 20,345.0,7.4,7.65,7.5,-3.78,4,99.87,0.13,0.27,-0.02,-0.21,0.0,4,1383,0.415,0.0,9.88,7.11,1,False
0.16,0.08,55,6.79,93.21,14.09,0.0,-0.14,0.03,55,6927,0.175,0.02,22.73,0.0,0.17,0.18,2 OCT 20,346.0,8.26,8.44,10.2,0.0,0,100.0,0.0,0.0,0.0,0.0,-91.1,0,720,0.24,0.0,0.14,8.11,1,False
0.11,0.05,13,4.75,95.25,9.85,0.0,-0.1,0.03,13,4174,0.115,0.02,22.65,0.0,0.11,0.12,2 OCT 20,347.0,9.22,9.56,9.1,0.0,0,100.0,0.0,0.0,0.0,0.0,-101.1,0,486,0.28,0.0,0.14,9.11,1,False
0.05,0.02,38,2.43,97.57,5.02,0.0,-0.05,0.01,38,3469,0.055,0.01,23.12,0.0,0.05,0.06,2 OCT 20,349.0,11.18,11.43,12.99,0.0,0,100.0,0.0,0.0,-0.02,-0.21,0.0,0,1346,0.195,0.0,0.14,11.11,1,False
0.04,0.0,84,1.62,98.38,3.35,0.0,-0.03,0.01,84,7766,0.035,0.01,23.12,0.0,0.03,0.04,2 OCT 20,350.0,12.12,12.46,12.14,-1.85,30,100.0,0.0,0.0,0.0,0.0,-131.1,30,2084,0.18,0.0,0.14,12.11,1,False
0.02,0.0,1,0.69,99.31,1.42,0.0,-0.01,0.01,1,1098,0.015,0.0,24.79,0.0,0.01,0.02,2 OCT 20,353.0,15.09,15.34,15.91,0.0,0,100.0,0.0,0.0,0.0,0.0,-161.1,0,338,0.105,0.0,0.13,15.11,1,False
0.02,0.0,1,0.66,99.34,1.35,0.0,-0.01,0.0,1,1751,0.015,0.0,26.16,0.0,0.01,0.02,2 OCT 20,354.0,16.05,16.4,18.05,0.0,0,100.0,0.0,0.0,-0.02,-0.21,0.0,0,701,0.115,0.0,0.14,16.11,1,False
0.02,0.01,27,0.22,99.78,0.44,0.0,0.0,0.0,27,697,0.005,0.0,29.4,0.0,0.0,0.01,2 OCT 20,359.0,20.93,21.31,26.19,1.19,1,100.0,0.0,0.0,0.0,0.0,-221.1,1,141,0.01,0.0,0.13,21.11,1,False
0.01,0.0,14,0.18,99.82,0.37,0.0,0.0,0.0,14,1047,0.005,0.0,35.29,0.0,0.0,0.01,2 OCT 20,364.0,26.01,26.35,29.29,0.0,0,100.0,0.0,0.0,-0.02,-0.21,0.0,0,13,0.07,0.0,0.14,26.11,1,False
0.01,-0.02,11,0.17,99.83,0.35,0.0,0.0,0.0,11,1017,0.005,0.0,36.44,0.0,0.0,0.01,2 OCT 20,365.0,27.1,27.45,31.58,-7.17,1,100.0,0.0,0.0,-0.02,-0.21,0.0,1,23,0.165,0.0,0.13,27.11,1,False
0.01,0.0,4,0.17,99.83,0.34,0.0,0.0,0.0,4,633,0.005,0.0,37.59,0.0,0.0,0.01,2 OCT 20,366.0,28.06,28.38,25.74,-4.96,1,100.0,0.0,0.0,0.0,0.0,-291.1,1,0,0.11,0.0,0.13,28.11,1,False
0.03,0.01,1,0.16,99.84,0.33,0.0,0.0,0.0,1,697,0.005,0.0,38.73,0.0,0.0,0.01,2 OCT 20,367.0,29.1,29.48,18.2,0.0,2,100.0,0.0,0.0,0.0,0.0,-301.1,2,2,0.18,0.0,0.14,29.11,1,False
0.01,0.0,3,0.16,99.84,0.32,0.0,0.0,0.0,3,424,0.005,0.0,39.88,0.0,0.0,0.01,2 OCT 20,368.0,30.09,30.51,22.87,6.99,2,100.0,0.0,0.0,-0.02,-0.21,0.0,2,0,0.19,0.0,0.14,30.11,1,False
0.01,0.0,1,0.15,99.85,0.31,0.0,0.0,0.0,1,530,0.005,0.0,41.01,0.0,0.0,0.01,2 OCT 20,369.0,31.1,31.45,34.88,-1.38,2,100.0,0.0,0.0,-0.02,-0.21,0.0,2,4,0.165,0.0,0.13,31.11,1,False
0.01,0.0,2,0.15,99.85,0.3,0.0,0.0,0.0,2,733,0.005,0.0,43.25,0.0,0.0,0.01,2 OCT 20,371.0,33.1,33.33,36.88,-1.3,2,100.0,0.0,0.0,0.0,0.0,-341.1,2,3,0.105,0.0,0.13,33.11,1,False
0.01,-0.03,7,0.14,99.86,0.29,0.0,0.0,0.0,7,224,0.005,0.0,44.37,0.0,0.0,0.01,2 OCT 20,372.0,34.07,34.34,0.0,0.0,0,100.0,0.0,0.0,-0.02,-0.21,0.0,0,0,0.095,0.0,0.14,34.11,1,False
0.01,-0.06,40,0.14,99.86,0.28,0.0,0.0,0.0,40,83,0.005,0.0,45.48,0.0,0.0,0.01,2 OCT 20,373.0,34.97,35.35,0.0,0.0,0,100.0,0.0,0.0,-0.02,-0.21,0.0,0,0,0.05,0.0,0.13,35.11,1,False
0.01,-0.02,1,0.14,99.86,0.28,0.0,0.0,0.0,1,52,0.005,0.0,46.58,0.0,0.0,0.01,2 OCT 20,374.0,36.0,36.33,24.91,0.0,10,100.0,0.0,0.0,0.0,0.0,-371.1,10,0,0.055,0.0,0.14,36.11,1,False
0.01,-0.01,1,0.13,99.87,0.27,0.0,0.0,0.0,1,1278,0.005,0.0,47.68,0.0,0.0,0.01,2 OCT 20,375.0,37.1,37.45,41.61,8.68,2,100.0,0.0,0.0,-0.02,-0.21,0.0,2,0,0.165,0.0,0.13,37.11,1,False
0.01,-0.02,25,0.13,99.87,0.26,0.0,0.0,0.0,25,183,0.005,0.0,48.78,0.0,0.0,0.01,2 OCT 20,376.0,38.02,38.34,0.0,0.0,0,100.0,0.0,0.0,-0.02,-0.21,0.0,0,1,0.07,0.0,0.14,38.11,1,False
0.01,-0.02,15,0.13,99.87,0.26,0.0,0.0,0.0,15,545,0.005,0.0,49.86,0.0,0.0,0.01,2 OCT 20,377.0,39.0,39.34,0.0,0.0,0,100.0,0.0,0.0,-0.02,-0.21,0.0,0,0,0.06,0.0,0.13,39.11,1,False
0.01,-0.01,1,0.12,99.88,0.25,0.0,0.0,0.0,1,261,0.005,0.0,50.95,0.0,0.0,0.01,2 OCT 20,378.0,40.07,40.31,0.0,0.0,0,100.0,0.0,0.0,0.0,0.0,-411.1,0,0,0.08,0.0,0.13,40.11,1,False
0.01,0.0,1,0.12,99.88,0.25,0.0,0.0,0.0,1,203,0.005,0.0,52.02,0.0,0.0,0.01,2 OCT 20,379.0,41.09,41.42,0.0,0.0,0,100.0,0.0,0.0,-0.02,-0.21,0.0,0,0,0.145,0.0,0.14,41.11,1,False
0.01,-0.01,5,0.12,99.88,0.24,0.0,0.0,0.0,5,1000,0.005,0.0,53.09,0.0,0.0,0.01,2 OCT 20,380.0,42.19,42.46,46.62,12.12,2,100.0,0.0,0.0,0.0,0.0,-431.1,2,0,0.215,0.0,0.14,42.11,1,False
0.01,0.0,1,0.12,99.88,0.23,0.0,0.0,0.0,1,225,0.005,0.0,54.17,0.0,0.0,0.01,2 OCT 20,381.0,43.18,43.53,0.0,0.0,0,100.0,0.0,0.0,0.0,0.0,-441.1,0,0,0.245,0.0,0.14,43.11,1,False
0.01,0.0,760,0.11,99.89,0.23,0.0,0.0,0.0,760,1420,0.005,0.0,56.29,0.0,0.0,0.01,2 OCT 20,383.0,45.08,45.44,0.0,0.0,0,100.0,0.0,0.0,0.0,0.0,-461.1,0,0,0.15,0.0,0.14,45.11,1,False
0.08,-0.08,1,0.11,99.89,0.22,0.0,0.0,0.0,1,19,0.005,0.0,57.34,0.0,0.0,0.01,2 OCT 20,384.0,46.09,46.42,46.29,6.29,2,100.0,0.0,0.0,-0.02,-0.21,0.0,2,1,0.145,0.0,0.14,46.11,1,False
0.01,0.0,1,0.1,99.9,0.21,0.0,0.0,0.0,1,6,0.005,0.0,59.44,0.0,0.0,0.01,2 OCT 20,386.0,48.13,48.56,0.0,0.0,0,100.0,0.0,0.0,-0.02,-0.21,0.0,0,0,0.235,0.0,0.14,48.11,1,False
0.07,-0.06,1,0.1,99.9,0.21,0.0,0.0,0.0,1,3,0.005,0.0,60.49,0.0,0.0,0.01,2 OCT 20,387.0,49.03,49.42,0.0,0.0,0,100.0,0.0,0.0,-0.02,-0.21,0.0,0,0,0.115,0.0,0.14,49.11,1,False
0.02,-0.01,10,0.1,99.9,0.2,0.0,0.0,0.0,10,708,0.005,0.0,61.52,0.0,0.0,0.01,2 OCT 20,388.0,50.1,50.42,0.0,0.0,0,100.0,0.0,0.0,0.0,0.0,-511.1,0,0,0.15,0.0,0.14,50.11,1,False
0.04,-0.08,1,0.1,99.9,0.2,0.0,0.0,0.0,1,2,0.005,0.0,62.56,0.0,0.0,0.01,2 OCT 20,389.0,51.08,51.33,0.0,0.0,0,100.0,0.0,0.0,-0.02,-0.21,0.0,0,0,0.095,0.0,0.14,51.11,1,False
0.01,0.0,20,0.1,99.9,0.2,0.0,0.0,0.0,20,910,0.005,0.0,63.58,0.0,0.0,0.01,2 OCT 20,390.0,52.05,52.39,38.54,2.04,2,100.0,0.0,0.0,0.0,0.0,-531.1,2,0,0.11,0.0,0.14,52.11,1,False
0.01,-0.01,4,0.1,99.9,0.19,0.0,0.0,0.0,4,9,0.005,0.0,64.61,0.0,0.0,0.01,2 OCT 20,391.0,52.97,53.31,0.0,0.0,0,100.0,0.0,0.0,-0.02,-0.21,0.0,0,0,0.03,0.0,0.13,53.11,1,False
0.01,0.0,2,0.09,99.91,0.18,0.0,0.0,0.0,2,466,0.005,0.0,68.67,0.0,0.0,0.01,2 OCT 20,395.0,56.99,57.38,45.89,0.0,50,100.0,0.0,0.0,-0.02,-0.21,0.0,50,0,0.075,0.0,0.14,57.11,1,False
0.01,0.0,150,0.08,99.92,0.17,0.0,0.0,0.0,150,2608,0.005,0.0,73.66,0.0,0.0,0.01,2 OCT 20,400.0,62.09,62.42,64.58,13.7,1,100.0,0.0,0.0,-0.02,-0.21,0.0,1,1,0.145,0.0,0.13,62.11,1,False
0.01,-0.01,26,0.08,99.92,0.16,0.0,0.0,0.0,26,1067,0.005,0.0,78.56,0.0,0.0,0.01,2 OCT 20,405.0,67.18,67.5,58.94,0.0,1,100.0,0.0,0.0,-0.02,-0.21,0.0,1,0,0.23,0.0,0.14,67.11,1,False
0.01,-0.02,1,0.07,99.93,0.15,0.0,0.0,0.0,1,614,0.005,0.0,83.37,0.0,0.0,0.01,2 OCT 20,410.0,72.03,72.37,74.96,0.0,0,100.0,0.0,0.0,-0.02,-0.21,0.0,0,10,0.09,0.0,0.14,72.11,1,False
0.02,0.01,1,0.07,99.93,0.14,0.0,0.0,0.0,1,50,0.005,0.0,88.09,0.0,0.0,0.01,2 OCT 20,415.0,76.98,77.37,0.0,0.0,0,100.0,0.0,0.0,-0.02,-0.21,0.0,0,10,0.065,0.0,0.13,77.11,1,False
0.01,-0.01,5,0.06,99.94,0.13,0.0,0.0,0.0,5,705,0.005,0.0,92.74,0.0,0.0,0.01,2 OCT 20,420.0,81.9,82.35,0.0,0.0,0,100.0,0.0,0.0,-0.02,-0.21,0.0,0,0,0.015,0.0,0.14,82.11,1,False
0.01,0.0,1,0.06,99.94,0.12,0.0,0.0,0.0,1,47,0.005,0.0,97.32,0.0,0.0,0.01,2 OCT 20,425.0,86.94,87.4,90.4,0.0,0,100.0,0.0,0.0,-0.02,-0.21,0.0,0,1,0.06,0.0,0.14,87.11,1,False
74.11,0.0,100,100.0,0.0,0.0,0.0,0.0,0.0,100,100,0.0,0.0,0.0,77.89,77.68,78.1,5 OCT 20,260.0,0.0,0.01,0.01,0.0,0,0.09,99.91,0.17,0.0,0.0,0.0,0,1264,0.005,0.0,70.35,0.0,4,True
11.17,1.29,1,86.53,13.47,26.3,0.02,-0.14,0.08,1,908,0.375,0.02,24.28,10.89,11.19,11.34,5 OCT 20,327.0,0.57,0.58,1.36,0.0,0,12.86,87.14,25.12,-0.01,-0.19,0.08,0,1657,0.575,0.02,23.69,0.0,4,True
6.35,2.42,4,69.29,30.71,59.55,0.03,-0.28,0.14,4,2045,1.395,0.04,22.48,4.89,6.23,6.34,5 OCT 20,333.0,1.56,1.59,1.61,-1.58,238,29.93,70.07,58.03,-0.01,-0.32,0.14,238,2227,1.575,0.04,21.58,0.0,4,True
5.57,2.13,14,65.43,34.57,66.93,0.03,-0.29,0.14,14,2655,1.665,0.04,22.12,3.89,5.5,5.61,5 OCT 20,334.0,1.82,1.84,1.83,-1.73,4,33.84,66.16,65.49,-0.02,-0.34,0.14,4,3450,1.83,0.04,21.13,0.0,4,True
4.9,2.07,32,61.22,38.78,74.95,0.03,-0.31,0.15,32,9970,1.99,0.04,21.87,2.89,4.84,4.92,5 OCT 20,335.0,2.12,2.14,2.14,-1.95,20,38.12,61.88,73.63,-0.02,-0.35,0.15,20,1905,2.13,0.05,20.72,0.0,4,True
4.24,1.89,6,56.75,43.25,83.43,0.02,-0.32,0.15,6,1954,2.37,0.05,21.7,1.89,4.23,4.29,5 OCT 20,336.0,2.45,2.48,2.53,-2.17,17,42.71,57.29,82.3,-0.02,-0.36,0.15,17,1434,2.465,0.05,20.26,0.0,4,True
3.61,1.64,35,52.14,47.86,92.13,0.02,-0.32,0.16,35,2714,2.79,0.05,21.49,0.89,3.65,3.71,5 OCT 20,337.0,2.83,2.87,2.86,-2.22,70,47.6,52.4,91.5,-0.02,-0.36,0.16,70,675,2.85,0.05,19.84,0.0,4,True
3.06,1.5,39,47.36,52.64,98.84,0.02,-0.31,0.16,39,1772,3.01,0.05,20.41,0.0,2.99,3.03,5 OCT 20,338.0,3.27,3.3,3.3,-2.68,35,52.73,47.27,98.78,-0.02,-0.36,0.16,35,900,3.175,0.05,19.42,0.11,4,True
2.54,1.25,12,42.37,57.63,88.24,0.02,-0.3,0.16,12,1967,2.51,0.05,20.09,0.0,2.5,2.52,5 OCT 20,339.0,3.72,3.77,3.78,-2.81,6,58.09,41.91,87.42,-0.03,-0.35,0.15,6,314,2.635,0.05,18.82,1.11,4,True
2.09,1.06,73,37.29,62.71,77.52,0.02,-0.29,0.15,73,13663,2.045,0.05,19.67,0.0,2.03,2.06,5 OCT 20,340.0,4.19,4.29,7.4,0.0,0,63.72,36.28,75.55,-0.03,-0.32,0.15,0,3416,2.13,0.05,18.07,2.11,4,False
1.68,0.91,16,32.6,67.4,67.62,0.01,-0.28,0.14,16,3381,1.7,0.05,19.7,0.0,1.69,1.71,5 OCT 20,341.0,4.79,4.89,6.74,0.0,0,69.21,30.79,63.99,-0.03,-0.3,0.14,0,233,1.73,0.05,17.62,3.11,4,False
1.34,0.73,75,27.54,72.46,57.04,0.01,-0.25,0.13,75,11443,1.31,0.05,19.06,0.0,1.3,1.32,5 OCT 20,342.0,5.54,5.65,7.5,0.0,0,73.68,26.32,54.57,-0.03,-0.29,0.13,0,193,1.485,0.05,17.92,4.11,4,False
1.06,0.6,26,23.11,76.89,47.78,0.01,-0.22,0.12,26,11138,1.03,0.04,18.86,0.0,1.02,1.04,5 OCT 20,343.0,6.32,6.42,8.2,0.0,0,77.85,22.15,45.83,-0.04,-0.27,0.12,0,185,1.26,0.04,18.05,5.11,4,False
0.78,0.4,9,19.2,80.8,39.63,0.01,-0.2,0.11,9,2050,0.81,0.04,18.79,0.0,0.8,0.82,5 OCT 20,344.0,6.95,7.08,9.8,0.0,0,83.75,16.25,33.58,-0.04,-0.22,0.1,0,180,0.905,0.04,16.57,6.11,4,False
0.61,0.32,35,15.74,84.26,32.43,0.01,-0.17,0.1,35,3492,0.63,0.03,18.73,0.0,0.62,0.64,5 OCT 20,345.0,7.77,7.9,11.23,0.0,0,87.76,12.24,25.25,-0.04,-0.19,0.08,0,204,0.725,0.03,16.15,7.11,4,False
0.45,0.23,4,12.35,87.65,25.43,0.01,-0.14,0.08,4,1001,0.46,0.03,18.4,0.0,0.45,0.47,5 OCT 20,346.0,8.6,8.75,9.11,0.0,0,91.68,8.32,17.13,-0.04,-0.15,0.06,0,361,0.565,0.03,15.34,8.11,4,False
0.34,0.17,1,9.67,90.33,19.87,0.0,-0.12,0.07,1,2215,0.34,0.02,18.27,0.0,0.33,0.35,5 OCT 20,347.0,9.43,9.6,9.99,0.0,0,96.38,3.62,7.46,-0.05,-0.1,0.03,0,469,0.405,0.02,13.18,9.11,4,False
0.26,0.14,21,7.38,92.62,15.15,0.0,-0.09,0.06,21,772,0.245,0.02,18.11,0.0,0.24,0.25,5 OCT 20,348.0,10.29,10.56,13.85,-10.35,6,100.0,0.0,0.0,0.0,0.0,-111.1,6,171,0.315,0.0,0.09,10.11,4,False
0.11,0.05,1,3.46,96.54,7.09,0.0,-0.05,0.03,1,2585,0.105,0.01,18.48,0.0,0.1,0.11,5 OCT 20,351.0,13.19,13.57,15.06,0.0,0,100.0,0.0,0.0,-0.05,-0.07,0.0,0,20,0.27,0.0,0.09,13.11,4,False
0.08,0.03,4,2.82,97.18,5.77,0.0,-0.04,0.03,4,949,0.085,0.01,18.88,0.0,0.08,0.09,5 OCT 20,352.0,14.02,14.31,16.28,0.0,0,100.0,0.0,0.0,0.0,0.0,-151.1,0,119,0.055,0.0,0.08,14.11,4,False
0.02,-0.02,1,0.19,99.81,0.38,0.0,0.0,0.0,1,37,0.005,0.0,21.51,0.0,0.0,0.01,5 OCT 20,363.0,25.08,25.46,0.0,0.0,0,100.0,0.0,0.0,-0.05,-0.07,0.0,0,0,0.16,0.0,0.09,25.11,4,False
0.01,-0.01,12,0.18,99.82,0.37,0.0,0.0,0.0,12,123,0.005,0.0,22.24,0.0,0.0,0.01,5 OCT 20,364.0,26.18,26.52,0.0,0.0,0,100.0,0.0,0.0,-0.05,-0.07,0.0,0,0,0.24,0.0,0.09,26.11,4,False
0.01,0.0,162,0.17,99.83,0.35,0.0,0.0,0.0,162,534,0.005,0.0,22.98,0.0,0.0,0.01,5 OCT 20,365.0,27.04,27.36,40.66,10.39,1,100.0,0.0,0.0,-0.05,-0.07,0.0,1,2,0.09,0.0,0.08,27.11,4,False
0.01,0.0,15,0.17,99.83,0.34,0.0,0.0,0.0,15,40,0.005,0.0,23.71,0.0,0.0,0.01,5 OCT 20,366.0,28.03,28.37,0.0,0.0,0,100.0,0.0,0.0,-0.05,-0.07,0.0,0,0,0.09,0.0,0.08,28.11,4,False
0.01,-0.01,50,0.16,99.84,0.33,0.0,0.0,0.0,50,71,0.005,0.0,24.43,0.0,0.0,0.01,5 OCT 20,367.0,29.11,29.51,0.0,0.0,0,100.0,0.0,0.0,0.0,0.0,-301.1,0,0,0.2,0.0,0.08,29.11,4,False
0.01,0.0,2,0.16,99.84,0.32,0.0,0.0,0.0,2,6,0.005,0.0,25.15,0.0,0.0,0.01,5 OCT 20,368.0,30.18,30.52,0.0,0.0,0,100.0,0.0,0.0,-0.05,-0.07,0.0,0,0,0.24,0.0,0.09,30.11,4,False
0.01,0.0,21,0.16,99.84,0.31,0.0,0.0,0.0,21,21,0.005,0.0,25.87,0.0,0.0,0.01,5 OCT 20,369.0,31.09,31.5,0.0,0.0,0,100.0,0.0,0.0,0.0,0.0,-321.1,0,0,0.185,0.0,0.09,31.11,4,False
0.01,-0.02,6,0.15,99.85,0.31,0.0,0.0,0.0,6,571,0.005,0.0,26.58,0.0,0.0,0.01,5 OCT 20,370.0,31.93,32.31,0.0,0.0,0,100.0,0.0,0.0,0.0,0.0,-331.1,0,0,0.01,0.0,0.08,32.11,4,False
0.01,-0.04,1,0.15,99.85,0.3,0.0,0.0,0.0,1,11,0.005,0.0,27.29,0.0,0.0,0.01,5 OCT 20,371.0,33.17,33.54,0.0,0.0,0,100.0,0.0,0.0,0.0,0.0,-341.1,0,0,0.245,0.0,0.09,33.11,4,False
0.01,0.0,4,0.13,99.87,0.27,0.0,0.0,0.0,4,424,0.005,0.0,30.09,0.0,0.0,0.01,5 OCT 20,375.0,37.19,37.5,41.68,12.12,1,100.0,0.0,0.0,0.0,0.0,-381.1,1,1,0.235,0.0,0.09,37.11,4,False
0.01,0.0,247,0.12,99.88,0.24,0.0,0.0,0.0,247,1072,0.005,0.0,33.51,0.0,0.0,0.01,5 OCT 20,380.0,41.91,42.35,39.0,12.61,2,100.0,0.0,0.0,-0.05,-0.07,0.0,2,0,0.02,0.0,0.09,42.11,4,False
0.01,0.0,1,0.11,99.89,0.22,0.0,0.0,0.0,1,638,0.005,0.0,36.87,0.0,0.0,0.01,5 OCT 20,385.0,47.0,47.38,31.06,-0.76,1,100.0,0.0,0.0,-0.05,-0.07,0.0,1,0,0.08,0.0,0.08,47.11,4,False
0.01,0.0,4,0.1,99.9,0.2,0.0,0.0,0.0,4,67,0.005,0.0,40.15,0.0,0.0,0.01,5 OCT 20,390.0,52.09,52.5,0.0,0.0,0,100.0,0.0,0.0,0.0,0.0,-531.1,0,0,0.185,0.0,0.09,52.11,4,False
0.02,0.0,6,0.09,99.91,0.18,0.0,0.0,0.0,6,938,0.005,0.0,43.37,0.0,0.0,0.01,5 OCT 20,395.0,57.18,57.5,0.0,0.0,0,100.0,0.0,0.0,0.0,0.0,-581.1,0,0,0.23,0.0,0.09,57.11,4,False
0.01,0.0,39,0.08,99.92,0.17,0.0,0.0,0.0,39,306,0.005,0.0,46.52,0.0,0.0,0.01,5 OCT 20,400.0,62.09,62.49,0.0,0.0,0,100.0,0.0,0.0,0.0,0.0,-631.1,0,0,0.18,0.0,0.09,62.11,4,False
0.1,0.01,2,0.08,99.92,0.16,0.0,0.0,0.0,2,28,0.005,0.0,49.62,0.0,0.0,0.01,5 OCT 20,405.0,67.18,67.51,0.0,0.0,0,100.0,0.0,0.0,0.0,0.0,-681.1,0,0,0.235,0.0,0.08,67.11,4,False
0.02,-0.05,1,0.07,99.93,0.15,0.0,0.0,0.0,1,200,0.005,0.0,52.66,0.0,0.0,0.01,5 OCT 20,410.0,72.1,72.42,0.0,0.0,0,100.0,0.0,0.0,0.0,0.0,-731.1,0,0,0.15,0.0,0.09,72.11,4,False
0.01,-0.04,1,0.07,99.93,0.14,0.0,0.0,0.0,1,5,0.005,0.0,55.65,0.0,0.0,0.01,5 OCT 20,415.0,77.07,77.43,78.13,0.0,0,100.0,0.0,0.0,-0.06,-0.07,0.0,0,8,0.14,0.0,0.08,77.11,4,False
0.02,-0.03,2,0.06,99.94,0.13,0.0,0.0,0.0,2,55,0.005,0.0,58.59,0.0,0.0,0.01,5 OCT 20,420.0,82.12,82.51,0.0,0.0,0,100.0,0.0,0.0,0.0,0.0,-831.1,0,0,0.205,0.0,0.08,82.11,4,False
13.41,0.0,4,94.44,5.56,10.93,0.02,-0.09,0.04,4,4,0.13,0.01,33.8,24.89,24.88,25.16,7 OCT 20,313.0,0.18,0.19,0.45,0.0,0,3.62,96.38,7.13,0.0,-0.07,0.03,0,562,0.185,0.01,30.06,0.0,6,True
11.13,-3.85,12,93.94,6.06,11.91,0.02,-0.08,0.05,12,6,0.14,0.01,30.39,21.89,21.88,22.18,7 OCT 20,316.0,0.25,0.26,0.49,0.0,0,4.96,95.04,9.74,0.0,-0.09,0.04,0,746,0.255,0.01,28.6,0.0,6,True
6.4,2.25,8,62.5,37.5,72.82,0.04,-0.27,0.17,8,923,2.43,0.04,23.06,3.89,6.29,6.35,7 OCT 20,334.0,2.62,2.64,2.64,-1.76,15,37.2,62.8,72.23,-0.02,-0.31,0.17,15,894,2.63,0.04,22.55,0.0,6,True
5.7,2.1,2,59.05,40.95,79.42,0.04,-0.28,0.18,2,1443,2.76,0.04,22.72,2.89,5.63,5.67,7 OCT 20,335.0,2.92,2.95,2.97,-1.82,127,40.65,59.35,78.83,-0.03,-0.31,0.18,127,3312,2.935,0.04,22.07,0.0,6,True
4.98,1.86,3,55.4,44.6,86.39,0.03,-0.28,0.18,3,936,3.145,0.04,22.5,1.89,5.0,5.07,7 OCT 20,336.0,3.26,3.28,5.4,0.0,0,44.32,55.68,85.82,-0.03,-0.31,0.18,0,1124,3.27,0.04,21.58,0.0,6,True
4.45,1.79,54,51.66,48.34,93.48,0.03,-0.28,0.19,54,1252,3.53,0.04,22.08,0.89,4.4,4.44,7 OCT 20,337.0,3.66,3.7,3.8,-2.2,11,48.24,51.76,93.24,-0.03,-0.31,0.19,11,509,3.68,0.04,21.29,0.0,6,True
3.89,1.56,34,47.79,52.21,99.1,0.03,-0.28,0.19,34,2006,3.89,0.04,21.92,0.0,3.86,3.92,7 OCT 20,338.0,4.16,4.21,4.11,-1.51,13,52.24,47.76,99.07,-0.03,-0.32,0.19,13,368,4.075,0.04,21.31,0.11,6,True
3.3,1.45,13,43.8,56.2,90.71,0.03,-0.27,0.18,13,3780,3.33,0.04,21.37,0.0,3.32,3.34,7 OCT 20,339.0,4.55,4.59,5.91,0.0,0,56.42,43.58,90.29,-0.04,-0.3,0.18,0,239,3.46,0.04,20.46,1.11,6,True
2.9,1.32,664,39.79,60.21,82.28,0.03,-0.27,0.18,664,29040,2.855,0.04,21.07,0.0,2.84,2.87,7 OCT 20,340.0,4.99,5.06,6.2,0.0,0,60.81,39.19,81.1,-0.04,-0.29,0.18,0,490,2.915,0.04,19.74,2.11,6,True
2.4,1.04,6,35.77,64.23,73.88,0.02,-0.25,0.18,6,691,2.42,0.04,20.75,0.0,2.41,2.43,7 OCT 20,341.0,5.69,5.76,6.81,0.0,0,64.6,35.4,73.12,-0.04,-0.29,0.18,0,221,2.615,0.04,20.15,3.11,6,True
2.0,0.91,1,32.11,67.89,66.22,0.02,-0.25,0.17,1,1082,2.095,0.04,20.84,0.0,2.08,2.11,7 OCT 20,342.0,6.23,6.31,8.11,0.0,0,69.02,30.98,63.93,-0.05,-0.27,0.17,0,78,2.16,0.04,19.43,4.11,6,False
1.69,0.82,2,28.26,71.74,58.21,0.02,-0.23,0.16,2,1007,1.735,0.04,20.49,0.0,1.72,1.75,7 OCT 20,343.0,6.8,6.91,10.15,0.0,0,73.55,26.45,54.52,-0.05,-0.24,0.16,0,167,1.745,0.04,18.64,5.11,6,False
1.39,0.63,1,24.7,75.3,50.82,0.02,-0.21,0.15,1,1047,1.44,0.03,20.3,0.0,1.43,1.45,7 OCT 20,344.0,7.55,7.64,10.13,0.0,0,77.21,22.79,46.9,-0.05,-0.23,0.14,0,19,1.485,0.04,18.55,6.11,6,False
1.16,0.54,60,21.37,78.63,43.92,0.01,-0.19,0.14,60,3028,1.185,0.03,20.13,0.0,1.17,1.2,7 OCT 20,345.0,8.37,8.49,10.24,0.0,0,80.05,19.95,41.0,-0.05,-0.22,0.13,0,156,1.32,0.03,18.89,7.11,6,False
0.75,0.36,1,15.38,84.62,31.55,0.01,-0.15,0.11,1,1332,0.77,0.03,19.74,0.0,0.76,0.78,7 OCT 20,347.0,10.04,10.2,11.82,0.0,0,85.3,14.7,30.16,-0.06,-0.19,0.11,0,108,1.01,0.03,19.18,9.11,6,False
0.65,0.32,3,13.11,86.89,26.85,0.01,-0.14,0.1,3,1149,0.635,0.02,19.81,0.0,0.63,0.64,7 OCT 20,348.0,10.73,10.9,11.36,0.0,0,89.95,10.05,20.6,-0.06,-0.14,0.08,0,53,0.705,0.02,17.33,10.11,6,False
0.52,0.27,2,10.95,89.05,22.41,0.01,-0.12,0.09,2,115,0.51,0.02,19.76,0.0,0.5,0.52,7 OCT 20,349.0,11.55,11.82,13.54,0.0,0,92.57,7.43,15.21,-0.06,-0.12,0.07,0,95,0.575,0.02,16.76,11.11,6,False
0.4,0.19,2,9.12,90.88,18.64,0.01,-0.11,0.08,2,1819,0.41,0.02,19.76,0.0,0.4,0.42,7 OCT 20,350.0,12.41,12.71,12.99,0.0,0,95.35,4.65,9.51,-0.06,-0.09,0.05,0,156,0.45,0.01,15.63,12.11,6,False
0.32,0.06,2,7.63,92.37,15.6,0.01,-0.09,0.07,2,302,0.335,0.02,19.87,0.0,0.33,0.34,7 OCT 20,351.0,13.34,13.6,21.3,0.0,1,97.79,2.21,4.52,-0.07,-0.07,0.03,1,6,0.36,0.01,14.06,13.11,6,False
0.22,0.05,2,5.34,94.66,10.91,0.0,-0.07,0.05,2,402,0.225,0.01,20.18,0.0,0.22,0.23,7 OCT 20,353.0,15.17,15.44,21.14,0.32,1,100.0,0.0,0.0,0.0,0.0,-161.1,1,10,0.195,0.0,0.07,15.11,6,False
0.03,0.01,6,1.15,98.85,2.33,0.0,-0.02,0.02,6,100,0.045,0.0,22.33,0.0,0.04,0.05,7 OCT 20,362.0,24.1,24.43,0.0,0.0,0,100.0,0.0,0.0,0.0,0.0,-251.1,0,0,0.155,0.0,0.07,24.11,6,False
0.02,-0.01,3,0.66,99.34,1.34,0.0,-0.01,0.01,3,5366,0.025,0.0,22.9,0.0,0.02,0.03,7 OCT 20,365.0,27.18,27.5,26.93,0.0,0,100.0,0.0,0.0,-0.07,-0.04,0.0,0,5,0.23,0.0,0.07,27.11,6,False
0.01,0.0,11,0.12,99.88,0.24,0.0,0.0,0.0,11,5077,0.005,0.0,28.31,0.0,0.0,0.01,7 OCT 20,380.0,42.15,42.49,0.0,0.0,0,100.0,0.0,0.0,0.0,0.0,-431.1,0,0,0.21,0.0,0.07,42.11,6,False
0.01,-0.02,1,0.11,99.89,0.22,0.0,0.0,0.0,1,2748,0.005,0.0,31.14,0.0,0.0,0.01,7 OCT 20,385.0,47.11,47.4,0.0,0.0,0,100.0,0.0,0.0,-0.07,-0.04,0.0,0,0,0.145,0.0,0.07,47.11,6,False
0.01,0.0,1,0.1,99.9,0.2,0.0,0.0,0.0,1,63,0.005,0.0,33.91,0.0,0.0,0.01,7 OCT 20,390.0,52.04,52.36,0.0,0.0,0,100.0,0.0,0.0,0.0,0.0,-531.1,0,0,0.09,0.0,0.07,52.11,6,False
0.01,-0.02,1,0.09,99.91,0.18,0.0,0.0,0.0,1,51,0.005,0.0,36.64,0.0,0.0,0.01,7 OCT 20,395.0,57.1,57.42,0.0,0.0,0,100.0,0.0,0.0,-0.08,-0.04,0.0,0,0,0.15,0.0,0.07,57.11,6,False
0.01,-0.01,1,0.08,99.92,0.17,0.0,0.0,0.0,1,111,0.005,0.0,39.3,0.0,0.0,0.01,7 OCT 20,400.0,62.14,62.56,65.57,-11.88,2,100.0,0.0,0.0,-0.08,-0.04,0.0,2,0,0.24,0.0,0.08,62.11,6,False
0.01,-0.01,4,0.08,99.92,0.16,0.0,0.0,0.0,4,7,0.005,0.0,41.92,0.0,0.0,0.01,7 OCT 20,405.0,67.15,67.49,0.0,0.0,0,100.0,0.0,0.0,0.0,0.0,-681.1,0,0,0.21,0.0,0.07,67.11,6,False
0.02,0.0,8,0.07,99.93,0.15,0.0,0.0,0.0,8,38,0.005,0.0,44.49,0.0,0.0,0.01,7 OCT 20,410.0,72.1,72.55,0.0,0.0,0,100.0,0.0,0.0,-0.08,-0.04,0.0,0,0,0.215,0.0,0.07,72.11,6,False
0.03,-0.08,1,0.07,99.93,0.14,0.0,0.0,0.0,1,692,0.005,0.0,47.02,0.0,0.0,0.01,7 OCT 20,415.0,77.11,77.53,0.0,0.0,0,100.0,0.0,0.0,0.0,0.0,-781.1,0,0,0.21,0.0,0.07,77.11,6,False
0.02,0.0,2,0.06,99.94,0.13,0.0,0.0,0.0,2,115,0.005,0.0,49.5,0.0,0.0,0.01,7 OCT 20,420.0,81.97,82.38,0.0,0.0,0,100.0,0.0,0.0,-0.08,-0.04,0.0,0,0,0.065,0.0,0.08,82.11,6,False
0.02,0.0,1,0.06,99.94,0.12,0.0,0.0,0.0,1,1,0.005,0.0,51.95,0.0,0.0,0.01,7 OCT 20,425.0,87.05,87.51,0.0,0.0,0,100.0,0.0,0.0,-0.08,-0.04,0.0,0,0,0.17,0.0,0.07,87.11,6,False
49.86,-4.64,1,95.17,4.83,9.4,0.01,-0.08,0.05,1,1,0.085,0.0,75.89,62.89,62.76,63.19,9 OCT 20,275.0,0.02,0.03,0.06,0.0,0,0.4,99.6,0.78,0.0,-0.01,0.01,0,3953,0.025,0.0,48.49,0.0,8,True
44.92,0.0,4,95.5,4.5,8.82,0.01,-0.08,0.05,4,7,0.08,0.0,55.67,47.89,47.77,48.17,9 OCT 20,290.0,0.05,0.06,0.08,0.0,0,0.91,99.09,1.79,0.0,-0.02,0.01,0,2799,0.055,0.0,40.43,0.0,8,True
22.6,2.04,1,95.9,4.1,8.05,0.01,-0.04,0.04,1,7,0.035,0.0,37.73,33.89,33.79,34.06,9 OCT 20,304.0,0.15,0.16,0.18,0.0,0,2.58,97.42,5.07,0.0,-0.05,0.03,0,1104,0.155,0.0,33.83,0.0,8,True
22.82,3.89,3,94.6,5.4,10.6,0.02,-0.1,0.05,3,15,0.165,0.0,38.23,31.89,31.86,32.25,9 OCT 20,306.0,0.18,0.19,0.34,0.0,0,3.06,96.94,6.02,0.0,-0.06,0.03,0,853,0.185,0.0,32.98,0.0,8,True
26.58,-1.79,1,95.29,4.71,9.25,0.02,-0.08,0.05,1,5,0.09,0.0,35.56,30.89,30.8,31.16,9 OCT 20,307.0,0.2,0.21,0.25,0.0,0,3.37,96.63,6.63,0.0,-0.06,0.04,0,3996,0.205,0.0,32.63,0.0,8,True
23.55,-0.98,5,95.51,4.49,8.82,0.01,-0.06,0.04,5,84,0.06,0.0,31.55,27.89,27.76,28.14,9 OCT 20,310.0,0.26,0.28,0.27,-0.21,1,4.4,95.6,8.65,0.0,-0.08,0.05,1,7782,0.27,0.01,31.38,0.0,8,True
16.26,1.67,3,92.91,7.09,13.91,0.03,-0.1,0.06,3,17,0.28,0.01,33.57,25.89,26.0,26.34,9 OCT 20,312.0,0.33,0.34,0.58,0.0,0,5.36,94.64,10.54,0.0,-0.09,0.05,0,4082,0.335,0.01,30.72,0.0,8,True
20.64,3.07,1,92.27,7.73,15.17,0.03,-0.1,0.07,1,22,0.33,0.01,33.23,24.89,25.03,25.41,9 OCT 20,313.0,0.35,0.37,0.65,0.0,0,5.78,94.22,11.36,0.0,-0.09,0.06,0,1131,0.36,0.01,30.16,0.0,8,True
16.72,-2.02,4,93.54,6.46,12.69,0.03,-0.08,0.06,4,42,0.195,0.01,29.95,23.89,23.92,24.25,9 OCT 20,314.0,0.39,0.41,0.41,-0.24,2,6.37,93.63,12.51,0.0,-0.1,0.06,2,5239,0.4,0.01,29.81,0.0,8,True
13.04,-1.77,7,84.29,15.71,30.73,0.05,-0.18,0.12,7,226,1.01,0.01,31.13,16.89,17.59,18.21,9 OCT 20,321.0,0.85,0.87,0.86,-0.65,3,12.66,87.34,24.81,-0.01,-0.16,0.1,3,1103,0.86,0.01,27.57,0.0,8,True
9.85,2.53,1,71.08,28.92,56.38,0.05,-0.23,0.18,1,2074,2.035,0.03,25.17,7.89,9.87,9.98,9 OCT 20,330.0,2.2,2.23,2.21,-1.34,56,28.46,71.54,55.48,-0.02,-0.25,0.18,56,13969,2.215,0.03,24.61,0.0,8,True
8.4,2.28,1,65.75,34.25,66.66,0.05,-0.25,0.19,1,1331,2.63,0.03,25.01,5.89,8.46,8.58,9 OCT 20,332.0,2.72,2.76,2.75,-1.53,50,33.63,66.37,65.45,-0.03,-0.27,0.19,50,1336,2.74,0.03,24.09,0.0,8,True
7.6,2.18,14,63.41,36.59,71.14,0.05,-0.25,0.2,14,2862,2.805,0.03,24.1,4.89,7.64,7.75,9 OCT 20,333.0,2.98,3.0,2.95,-1.72,18,36.27,63.73,70.52,-0.03,-0.27,0.2,18,3125,2.99,0.03,23.57,0.0,8,True
7.0,2.19,5,60.55,39.45,76.64,0.05,-0.25,0.2,5,2203,3.12,0.03,23.78,3.89,6.97,7.05,9 OCT 20,334.0,3.27,3.3,3.31,-1.83,2,39.14,60.86,76.02,-0.03,-0.28,0.2,2,2045,3.285,0.03,23.16,0.0,8,True
6.4,2.1,16,57.47,42.53,82.53,0.04,-0.26,0.21,16,3498,3.51,0.03,23.7,2.89,6.36,6.44,9 OCT 20,335.0,3.6,3.64,3.69,-1.94,45,42.19,57.81,81.87,-0.03,-0.28,0.21,45,2881,3.62,0.03,22.81,0.0,8,True
5.7,1.88,8,54.42,45.58,88.34,0.04,-0.26,0.21,8,2545,3.85,0.03,23.22,1.89,5.68,5.8,9 OCT 20,336.0,3.96,3.99,4.0,-2.0,4,45.37,54.63,87.92,-0.04,-0.28,0.21,4,1523,3.975,0.03,22.41,0.0,8,True
5.07,1.73,1,51.2,48.8,94.48,0.04,-0.26,0.21,1,2766,4.285,0.03,23.05,0.89,5.15,5.2,9 OCT 20,337.0,4.34,4.38,4.47,-2.25,7,48.68,51.32,94.22,-0.04,-0.28,0.21,7,1019,4.36,0.03,22.01,0.0,8,True
4.52,1.57,43,47.92,52.08,99.23,0.04,-0.26,0.21,43,4145,4.605,0.03,22.71,0.0,4.58,4.63,9 OCT 20,338.0,4.85,4.91,4.75,-2.32,1,52.09,47.91,99.21,-0.04,-0.28,0.21,1,915,4.77,0.03,22.08,0.11,8,True
4.0,1.49,24,44.58,55.42,92.19,0.04,-0.25,0.21,24,2384,4.075,0.03,22.39,0.0,4.06,4.09,9 OCT 20,339.0,5.25,5.3,5.39,-1.07,2,55.61,44.39,91.83,-0.05,-0.28,0.21,2,883,4.165,0.03,21.4,1.11,8,True
3.54,1.39,131,41.08,58.92,84.86,0.03,-0.24,0.21,131,27177,3.515,0.03,21.77,0.0,3.5,3.53,9 OCT 20,340.0,5.72,5.83,8.5,0.0,0,59.17,40.83,84.35,-0.05,-0.27,0.21,0,5112,3.665,0.04,21.05,2.11,8,True
3.12,1.27,5,37.81,62.19,78.01,0.03,-0.24,0.2,5,2160,3.135,0.03,21.84,0.0,3.11,3.16,9 OCT 20,341.0,6.33,6.45,7.22,0.0,0,62.57,37.43,77.23,-0.05,-0.26,0.2,0,348,3.28,0.03,21.08,3.11,8,True
2.65,1.02,3,34.25,65.75,70.59,0.03,-0.23,0.2,3,23100,2.66,0.03,21.27,0.0,2.64,2.68,9 OCT 20,342.0,6.84,6.96,8.41,0.0,0,66.33,33.67,69.41,-0.06,-0.25,0.2,0,730,2.79,0.03,20.41,4.11,8,True
2.35,1.01,5,30.97,69.03,63.75,0.03,-0.22,0.19,5,1917,2.3,0.03,21.1,0.0,2.28,2.32,9 OCT 20,343.0,7.45,7.56,9.06,0.0,0,69.92,30.08,61.93,-0.06,-0.24,0.19,0,240,2.395,0.03,20.01,5.11,8,True
1.93,0.75,1,28.03,71.97,57.65,0.02,-0.21,0.18,1,1813,2.025,0.03,21.21,0.0,2.01,2.04,9 OCT 20,344.0,8.1,8.24,11.5,0.0,0,73.34,26.66,54.83,-0.06,-0.22,0.18,0,546,2.06,0.03,19.73,6.11,8,True
1.68,0.71,21,24.7,75.3,50.74,0.02,-0.19,0.17,21,3247,1.675,0.03,20.72,0.0,1.66,1.69,9 OCT 20,345.0,8.89,9.05,12.1,0.0,0,76.0,24.0,49.3,-0.06,-0.22,0.17,0,801,1.86,0.03,20.03,7.11,8,True
1.43,0.34,3,22.06,77.94,45.28,0.02,-0.18,0.16,3,1163,1.455,0.03,20.8,0.0,1.44,1.47,9 OCT 20,346.0,9.66,9.81,10.72,0.0,0,78.83,21.17,43.45,-0.07,-0.2,0.16,0,406,1.625,0.03,19.98,8.11,8,True
1.01,0.43,1,17.0,83.0,34.84,0.01,-0.15,0.14,1,1371,1.04,0.02,20.63,0.0,1.03,1.05,9 OCT 20,348.0,11.1,11.25,11.97,0.0,0,85.51,14.49,29.67,-0.07,-0.16,0.12,0,104,1.065,0.02,18.53,10.11,8,False
0.86,0.37,6,14.58,85.42,29.84,0.01,-0.14,0.13,6,1975,0.85,0.02,20.39,0.0,0.84,0.86,9 OCT 20,349.0,12.11,12.28,12.6,0.0,0,86.05,13.95,28.55,-0.07,-0.16,0.12,0,91,1.085,0.02,19.85,11.11,8,False
0.72,0.3,223,12.93,87.07,26.45,0.01,-0.13,0.12,223,38338,0.745,0.02,20.66,0.0,0.73,0.76,9 OCT 20,350.0,13.01,13.22,14.98,0.0,0,87.48,12.52,25.61,-0.08,-0.16,0.11,0,2683,1.005,0.02,20.29,12.11,8,False
0.63,0.16,1,11.02,88.98,22.52,0.01,-0.11,0.1,1,1244,0.61,0.02,20.52,0.0,0.6,0.62,9 OCT 20,351.0,13.79,14.0,14.34,0.0,0,90.41,9.59,19.6,-0.08,-0.13,0.09,0,72,0.785,0.02,19.24,13.11,8,False
0.5,0.2,1,9.58,90.42,19.57,0.01,-0.1,0.09,1,1934,0.52,0.02,20.65,0.0,0.51,0.53,9 OCT 20,352.0,14.62,14.9,16.21,0.0,0,92.54,7.46,15.23,-0.08,-0.11,0.08,0,87,0.65,0.01,18.65,14.11,8,False
0.35,0.09,6,7.05,92.95,14.38,0.01,-0.08,0.08,6,620,0.365,0.01,20.77,0.0,0.36,0.37,9 OCT 20,354.0,16.45,16.83,18.32,0.0,0,94.84,5.16,10.52,-0.08,-0.09,0.06,0,55,0.53,0.01,18.72,16.11,8,False
0.31,0.13,2,6.02,93.98,12.27,0.01,-0.07,0.07,2,7189,0.305,0.01,20.85,0.0,0.3,0.31,9 OCT 20,355.0,17.37,17.73,18.88,0.0,0,96.52,3.48,7.09,-0.08,-0.07,0.04,0,49,0.44,0.01,17.8,17.11,8,False
0.02,-0.01,47,0.51,99.49,1.03,0.0,-0.01,0.01,47,507,0.025,0.0,26.24,0.0,0.02,0.03,9 OCT 20,375.0,36.99,37.39,0.0,0.0,0,100.0,0.0,0.0,0.0,0.0,-381.1,0,0,0.08,0.0,0.06,37.11,8,False
0.14,0.02,10,0.31,99.69,0.64,0.0,-0.01,0.01,10,33,0.015,0.0,26.55,0.0,0.01,0.02,9 OCT 20,378.0,40.14,40.54,37.72,0.0,1,100.0,0.0,0.0,0.0,0.0,-411.1,1,1,0.23,0.0,0.06,40.11,8,False
0.04,0.0,4,0.31,99.69,0.62,0.0,-0.01,0.01,4,43,0.015,0.0,27.09,0.0,0.01,0.02,9 OCT 20,379.0,40.99,41.77,0.0,0.0,0,100.0,0.0,0.0,0.0,0.0,-421.1,0,0,0.27,0.0,0.06,41.11,8,False
0.02,-0.21,3,0.29,99.71,0.59,0.0,-0.01,0.01,3,8,0.015,0.0,28.18,0.0,0.01,0.02,9 OCT 20,381.0,43.12,43.54,0.0,0.0,0,100.0,0.0,0.0,0.0,0.0,-441.1,0,0,0.22,0.0,0.06,43.11,8,False
0.01,-0.02,10,0.29,99.71,0.58,0.0,-0.01,0.01,10,52,0.015,0.0,28.73,0.0,0.01,0.02,9 OCT 20,382.0,44.15,44.54,0.0,0.0,0,100.0,0.0,0.0,0.0,0.0,-451.1,0,0,0.235,0.0,0.06,44.11,8,False
0.01,-0.11,2,0.28,99.72,0.57,0.0,-0.01,0.01,2,7,0.015,0.0,29.27,0.0,0.01,0.02,9 OCT 20,383.0,45.13,45.52,0.0,0.0,0,100.0,0.0,0.0,-0.09,-0.03,0.0,0,0,0.215,0.0,0.06,45.11,8,False
0.01,-0.09,3,0.27,99.73,0.55,0.0,-0.01,0.01,3,11,0.015,0.0,29.73,0.0,0.01,0.02,9 OCT 20,384.0,46.07,46.49,0.0,0.0,0,100.0,0.0,0.0,-0.09,-0.03,0.0,0,0,0.17,0.0,0.07,46.11,8,False
0.02,-0.04,2,0.11,99.89,0.22,0.0,0.0,0.0,2,144,0.005,0.0,27.47,0.0,0.0,0.01,9 OCT 20,385.0,47.07,47.52,0.0,0.0,0,100.0,0.0,0.0,-0.09,-0.03,0.0,0,0,0.185,0.0,0.07,47.11,8,False
0.13,-0.25,1,0.11,99.89,0.21,0.0,0.0,0.0,1,6,0.005,0.0,27.96,0.0,0.0,0.01,9 OCT 20,386.0,48.15,48.53,0.0,0.0,0,100.0,0.0,0.0,0.0,0.0,-491.1,0,0,0.23,0.0,0.06,48.11,8,False
0.03,-0.04,9,0.1,99.9,0.21,0.0,0.0,0.0,9,11,0.005,0.0,28.45,0.0,0.0,0.01,9 OCT 20,387.0,49.11,49.53,0.0,0.0,0,100.0,0.0,0.0,0.0,0.0,-501.1,0,0,0.21,0.0,0.07,49.11,8,False
0.05,-0.08,3,0.1,99.9,0.2,0.0,0.0,0.0,3,5,0.005,0.0,28.94,0.0,0.0,0.01,9 OCT 20,388.0,50.11,50.54,53.02,0.0,10,100.0,0.0,0.0,-0.1,-0.03,0.0,10,0,0.215,0.0,0.06,50.11,8,False
0.06,-0.06,1,0.1,99.9,0.2,0.0,0.0,0.0,1,0,0.005,0.0,29.42,0.0,0.0,0.01,9 OCT 20,389.0,50.93,51.32,0.0,0.0,0,100.0,0.0,0.0,-0.1,-0.03,0.0,0,0,0.015,0.0,0.06,51.11,8,False
0.02,-0.02,5,0.1,99.9,0.2,0.0,0.0,0.0,5,185,0.005,0.0,29.91,0.0,0.0,0.01,9 OCT 20,390.0,51.96,52.77,0.0,0.0,0,100.0,0.0,0.0,-0.1,-0.03,0.0,0,0,0.255,0.0,0.06,52.11,8,False
0.03,-0.07,5,0.1,99.9,0.19,0.0,0.0,0.0,5,5,0.005,0.0,30.39,0.0,0.0,0.01,9 OCT 20,391.0,53.04,53.37,0.0,0.0,0,100.0,0.0,0.0,0.0,0.0,-541.1,0,0,0.095,0.0,0.06,53.11,8,False
0.15,-0.18,1,0.09,99.91,0.19,0.0,0.0,0.0,1,5,0.005,0.0,30.87,0.0,0.0,0.01,9 OCT 20,392.0,54.08,54.52,0.0,0.0,0,100.0,0.0,0.0,-0.1,-0.03,0.0,0,0,0.19,0.0,0.07,54.11,8,False
0.02,0.01,200,0.09,99.91,0.18,0.0,0.0,0.0,200,252,0.005,0.0,32.31,0.0,0.0,0.01,9 OCT 20,395.0,57.18,57.52,60.62,2.78,9,100.0,0.0,0.0,0.0,0.0,-581.1,9,2,0.24,0.0,0.06,57.11,8,False
0.01,0.0,20,0.08,99.92,0.17,0.0,0.0,0.0,20,408,0.005,0.0,34.66,0.0,0.0,0.01,9 OCT 20,400.0,62.06,62.49,61.31,10.65,1,100.0,0.0,0.0,0.0,0.0,-631.1,1,0,0.165,0.0,0.06,62.11,8,False
0.01,-0.02,4,0.08,99.92,0.16,0.0,0.0,0.0,4,52,0.005,0.0,36.97,0.0,0.0,0.01,9 OCT 20,405.0,67.07,67.49,0.0,0.0,0,100.0,0.0,0.0,-0.1,-0.03,0.0,0,0,0.17,0.0,0.07,67.11,8,False
0.01,-0.01,10,0.07,99.93,0.15,0.0,0.0,0.0,10,232,0.005,0.0,39.24,0.0,0.0,0.01,9 OCT 20,410.0,72.08,72.52,0.0,0.0,0,100.0,0.0,0.0,0.0,0.0,-731.1,0,0,0.19,0.0,0.06,72.11,8,False
0.01,-0.01,957,0.07,99.93,0.14,0.0,0.0,0.0,957,1165,0.005,0.0,41.47,0.0,0.0,0.01,9 OCT 20,415.0,76.96,77.38,0.0,0.0,0,100.0,0.0,0.0,-0.1,-0.03,0.0,0,0,0.06,0.0,0.07,77.11,8,False
0.01,0.0,1,0.06,99.94,0.13,0.0,0.0,0.0,1,568,0.005,0.0,43.66,0.0,0.0,0.01,9 OCT 20,420.0,82.08,82.53,0.0,0.0,0,100.0,0.0,0.0,-0.1,-0.03,0.0,0,0,0.195,0.0,0.06,82.11,8,False
0.01,0.0,240,0.06,99.94,0.12,0.0,0.0,0.0,240,306,0.005,0.0,45.81,0.0,0.0,0.01,9 OCT 20,425.0,87.11,87.51,0.0,0.0,0,100.0,0.0,0.0,0.0,0.0,-881.1,0,0,0.2,0.0,0.07,87.11,8,False
28.44,9.44,2,94.14,5.86,11.5,0.03,-0.08,0.06,2,4,0.23,0.0,35.05,32.89,32.92,33.32,12 OCT 20,305.0,0.25,0.26,0.4,0.0,0,3.79,96.21,7.44,0.0,-0.06,0.05,0,302,0.255,0.0,31.05,0.0,11,True
17.48,0.0,42,94.12,5.88,11.56,0.03,-0.07,0.06,42,98,0.2,0.0,30.67,28.89,28.88,29.3,12 OCT 20,309.0,0.34,0.36,0.45,0.0,0,5.15,94.85,10.12,-0.01,-0.07,0.06,0,174,0.35,0.01,29.48,0.0,11,True
25.1,8.45,6,94.28,5.72,11.23,0.03,-0.06,0.06,6,46,0.175,0.0,29.31,27.89,27.87,28.26,12 OCT 20,310.0,0.37,0.39,0.48,0.0,0,5.58,94.42,10.96,-0.01,-0.07,0.06,0,934,0.38,0.01,29.09,0.0,11,True
16.81,0.0,3,92.84,7.16,14.05,0.04,-0.08,0.07,3,51,0.31,0.01,30.36,26.89,27.01,27.39,12 OCT 20,311.0,0.41,0.43,0.52,0.0,0,6.11,93.89,12.0,-0.01,-0.08,0.07,0,23,0.42,0.01,28.81,0.0,11,True
21.71,8.06,1,90.5,9.5,18.62,0.05,-0.1,0.09,1,66,0.515,0.01,29.89,23.89,24.24,24.57,12 OCT 20,314.0,0.54,0.56,0.94,0.0,0,7.86,92.14,15.43,-0.01,-0.1,0.08,0,366,0.55,0.01,27.77,0.0,11,True
11.71,0.0,51,88.34,11.66,22.85,0.06,-0.11,0.11,51,61,0.645,0.01,27.12,19.89,20.44,20.63,12 OCT 20,318.0,0.8,0.82,1.34,0.0,0,11.15,88.85,21.86,-0.01,-0.12,0.11,0,499,0.81,0.01,26.56,0.0,11,True
8.21,-1.2,34,87.31,12.69,24.87,0.06,-0.11,0.12,34,104,0.73,0.01,26.83,18.89,19.52,19.72,12 OCT 20,319.0,0.89,0.91,1.5,0.0,0,12.22,87.78,23.95,-0.01,-0.13,0.12,0,180,0.9,0.01,26.32,0.0,11,True
14.69,4.62,1,85.18,14.82,29.03,0.06,-0.13,0.13,1,180,0.9,0.01,26.06,16.89,17.7,17.88,12 OCT 20,321.0,1.11,1.12,1.92,0.0,0,14.66,85.34,28.73,-0.02,-0.15,0.13,0,243,1.115,0.01,25.9,0.0,11,True
11.4,-1.0,30,80.98,19.02,37.21,0.07,-0.15,0.16,30,337,1.27,0.02,25.22,13.89,15.08,15.24,12 OCT 20,324.0,1.46,1.49,2.24,0.0,0,18.75,81.25,36.69,-0.02,-0.17,0.16,0,592,1.475,0.02,24.95,0.0,11,True
11.41,3.88,2,77.06,22.94,44.83,0.07,-0.17,0.18,2,115,1.69,0.02,25.27,11.89,13.5,13.66,12 OCT 20,326.0,1.75,1.79,2.87,0.0,0,21.98,78.02,42.96,-0.02,-0.18,0.17,0,656,1.77,0.02,24.27,0.0,11,True
6.16,1.93,66,53.99,46.01,89.26,0.06,-0.21,0.24,66,4059,4.285,0.03,21.88,1.89,6.13,6.22,12 OCT 20,336.0,4.28,4.33,5.23,0.0,0,45.72,54.28,88.71,-0.05,-0.22,0.24,0,418,4.305,0.03,20.8,0.0,11,True
5.5,1.8,4,51.06,48.94,94.85,0.05,-0.21,0.24,4,2968,4.655,0.03,21.45,0.89,5.5,5.59,12 OCT 20,337.0,4.67,4.71,4.75,-1.2,5,48.81,51.19,94.6,-0.05,-0.22,0.24,5,379,4.69,0.03,20.45,0.0,11,True
4.93,1.62,16,48.02,51.98,99.29,0.05,-0.21,0.24,16,1268,4.975,0.03,21.15,0.0,4.95,5.0,12 OCT 20,338.0,5.13,5.18,7.62,0.0,0,52.0,48.0,99.26,-0.06,-0.22,0.24,0,887,5.045,0.03,20.28,0.11,11,True
3.97,1.5,4,41.74,58.26,86.12,0.05,-0.2,0.24,4,1283,3.93,0.03,20.55,0.0,3.9,3.96,12 OCT 20,340.0,6.04,6.14,7.32,0.0,0,58.59,41.41,85.44,-0.07,-0.21,0.24,0,182,3.98,0.03,19.58,2.11,11,True
3.49,0.64,1,38.57,61.43,79.49,0.04,-0.19,0.24,1,889,3.465,0.03,20.29,0.0,3.44,3.49,12 OCT 20,341.0,6.65,6.79,8.93,0.0,0,61.72,38.28,78.89,-0.07,-0.21,0.24,0,105,3.61,0.03,19.7,3.11,11,True
2.25,0.41,5,29.29,70.71,60.17,0.03,-0.17,0.21,5,371,2.3,0.03,19.64,0.0,2.28,2.32,12 OCT 20,344.0,8.49,8.65,9.98,0.0,0,71.25,28.75,59.07,-0.08,-0.19,0.21,0,27,2.46,0.03,19.05,6.11,11,True
1.95,0.78,2,26.2,73.8,53.78,0.03,-0.16,0.2,2,938,1.95,0.03,19.29,0.0,1.92,1.98,12 OCT 20,345.0,9.09,9.21,10.58,0.0,0,74.83,25.17,51.67,-0.08,-0.17,0.2,0,86,2.04,0.03,18.33,7.11,11,True
1.07,0.18,5,16.37,83.63,33.49,0.02,-0.12,0.16,5,226,1.06,0.02,19.03,0.0,1.04,1.08,12 OCT 20,349.0,12.21,12.37,16.01,-10.28,15,85.01,14.99,30.66,-0.1,-0.13,0.15,15,15,1.18,0.02,17.95,11.11,11,True
0.9,0.21,16,14.22,85.78,29.07,0.02,-0.11,0.14,16,2416,0.885,0.02,18.89,0.0,0.87,0.9,12 OCT 20,350.0,12.98,13.17,16.9,-4.83,10,87.71,12.29,25.12,-0.1,-0.11,0.13,10,37,0.965,0.02,17.38,12.11,11,True
0.38,0.07,15,7.07,92.93,14.41,0.01,-0.07,0.09,15,406,0.39,0.01,19.08,0.0,0.38,0.4,12 OCT 20,355.0,17.45,17.83,17.69,0.94,2,94.81,5.19,10.57,-0.11,-0.07,0.07,2,1,0.53,0.01,17.2,17.11,11,False
0.34,0.11,2,6.22,93.78,12.68,0.01,-0.06,0.08,2,14,0.34,0.01,19.27,0.0,0.33,0.35,12 OCT 20,356.0,18.37,18.8,0.0,0.0,0,95.82,4.18,8.51,-0.11,-0.06,0.06,0,0,0.475,0.01,17.07,18.11,11,False
0.18,0.03,20,3.62,96.38,7.37,0.0,-0.04,0.05,20,441,0.19,0.01,19.93,0.0,0.18,0.2,12 OCT 20,360.0,22.31,22.69,23.56,0.0,0,97.66,2.34,4.77,-0.12,-0.05,0.04,0,13,0.39,0.01,17.98,22.11,11,False
0.05,0.0,1,1.07,98.93,2.17,0.0,-0.02,0.02,1,367,0.055,0.0,22.16,0.0,0.05,0.06,12 OCT 20,370.0,32.07,32.52,0.0,0.0,0,100.0,0.0,0.0,0.0,0.0,-331.1,0,0,0.185,0.0,0.06,32.11,11,False
0.02,-0.01,1,0.27,99.73,0.54,0.0,-0.01,0.01,1,66,0.015,0.0,26.22,0.0,0.01,0.02,12 OCT 20,385.0,47.15,47.55,0.0,0.0,0,100.0,0.0,0.0,-0.13,-0.02,0.0,0,0,0.24,0.0,0.06,47.11,11,False
0.01,-0.01,1,0.25,99.75,0.5,0.0,-0.01,0.01,1,163,0.015,0.0,28.57,0.0,0.01,0.02,12 OCT 20,390.0,52.12,52.56,0.0,0.0,0,100.0,0.0,0.0,-0.13,-0.02,0.0,0,0,0.23,0.0,0.06,52.11,11,False
0.02,0.0,5,0.09,99.91,0.18,0.0,0.0,0.0,5,15,0.005,0.0,27.97,0.0,0.0,0.01,12 OCT 20,395.0,57.08,57.53,0.0,0.0,0,100.0,0.0,0.0,-0.13,-0.02,0.0,0,0,0.195,0.0,0.05,57.11,11,False
0.01,-0.01,3,0.08,99.92,0.17,0.0,0.0,0.0,3,58,0.005,0.0,30.01,0.0,0.0,0.01,12 OCT 20,400.0,62.13,62.52,0.0,0.0,0,100.0,0.0,0.0,-0.13,-0.02,0.0,0,0,0.215,0.0,0.05,62.11,11,False
0.03,-0.01,3,0.08,99.92,0.16,0.0,0.0,0.0,3,13,0.005,0.0,32.01,0.0,0.0,0.01,12 OCT 20,405.0,67.11,67.55,0.0,0.0,0,100.0,0.0,0.0,0.0,0.0,-681.1,0,0,0.22,0.0,0.06,67.11,11,False
0.02,-0.01,3,0.07,99.93,0.15,0.0,0.0,0.0,3,1,0.005,0.0,33.97,0.0,0.0,0.01,12 OCT 20,410.0,71.97,72.38,0.0,0.0,0,100.0,0.0,0.0,-0.13,-0.02,0.0,0,0,0.065,0.0,0.05,72.11,11,False
52.9,0.0,15,94.97,5.03,9.78,0.01,-0.11,0.07,15,3,0.105,0.0,66.86,67.89,67.8,68.19,14 OCT 20,270.0,0.06,0.07,0.07,0.0,0,0.82,99.18,1.61,0.0,-0.02,0.01,0,192,0.065,0.0,46.66,0.0,13,True
49.81,-10.55,1,95.44,4.56,8.89,0.01,-0.06,0.06,1,1,0.06,0.0,54.82,57.89,57.72,58.18,14 OCT 20,280.0,0.09,0.1,0.11,0.0,0,1.23,98.77,2.42,0.0,-0.02,0.02,0,1272,0.095,0.0,41.76,0.0,13,True
44.94,0.0,1,95.32,4.68,9.15,0.02,-0.1,0.06,1,1,0.105,0.0,50.14,52.89,52.8,53.19,14 OCT 20,285.0,0.12,0.13,0.18,0.0,0,1.62,98.38,3.18,0.0,-0.03,0.02,0,31231,0.125,0.0,39.71,0.0,13,True
44.38,0.0,1,94.84,5.16,10.09,0.02,-0.1,0.07,1,1,0.195,0.0,46.36,47.89,47.87,48.3,14 OCT 20,290.0,0.15,0.17,0.22,0.0,0,2.09,97.91,4.11,0.0,-0.04,0.03,0,1087,0.16,0.0,37.47,0.0,13,True
26.4,-1.33,1,95.7,4.3,8.45,0.02,-0.07,0.06,1,217,0.065,0.0,34.47,37.89,37.75,38.16,14 OCT 20,300.0,0.28,0.3,0.43,0.0,0,3.79,96.21,7.44,0.0,-0.06,0.05,0,4298,0.29,0.0,33.35,0.0,13,True
34.75,0.0,42,92.65,7.35,14.41,0.05,-0.09,0.08,42,42,0.42,0.0,34.95,32.89,33.11,33.51,14 OCT 20,305.0,0.4,0.42,0.71,0.0,0,5.29,94.71,10.4,-0.01,-0.07,0.06,0,2457,0.41,0.0,31.48,0.0,13,True
18.87,0.0,22,91.36,8.64,16.94,0.06,-0.1,0.09,22,22,0.525,0.01,32.42,28.89,29.23,29.6,14 OCT 20,309.0,0.55,0.57,0.66,0.0,0,7.08,92.92,13.9,-0.01,-0.09,0.08,0,576,0.56,0.01,30.17,0.0,13,True
12.67,1.64,1,86.46,13.54,26.51,0.07,-0.12,0.13,1,38,0.945,0.01,28.48,20.89,21.68,21.99,14 OCT 20,317.0,1.05,1.07,1.61,0.0,0,12.72,87.28,24.92,-0.02,-0.13,0.13,0,505,1.06,0.01,27.57,0.0,13,True
16.84,-1.35,1,84.42,15.58,30.48,0.08,-0.14,0.15,1,28,1.21,0.01,29.37,19.89,20.89,21.31,14 OCT 20,318.0,1.17,1.19,1.18,-0.3,12,13.89,86.11,27.2,-0.02,-0.14,0.14,12,182,1.18,0.01,27.47,0.0,13,True
16.02,-1.15,1,82.82,17.18,33.58,0.08,-0.15,0.16,1,94,1.415,0.01,29.66,18.89,19.99,20.62,14 OCT 20,319.0,1.27,1.29,1.28,-0.26,71,14.93,85.07,29.23,-0.02,-0.14,0.15,71,1457,1.28,0.01,27.16,0.0,13,True
9.09,0.34,4,81.86,18.14,35.47,0.08,-0.15,0.16,4,131,1.415,0.01,27.49,16.89,18.22,18.39,14 OCT 20,321.0,1.51,1.54,2.22,0.0,0,17.35,82.65,33.95,-0.02,-0.16,0.16,0,502,1.525,0.01,26.66,0.0,13,True
9.2,0.51,1,80.49,19.51,38.14,0.08,-0.15,0.17,1,172,1.565,0.01,27.28,15.89,17.35,17.56,14 OCT 20,322.0,1.59,1.62,2.03,0.0,0,18.35,81.65,35.89,-0.02,-0.16,0.17,0,560,1.605,0.01,26.06,0.0,13,True
8.0,2.11,1,58.5,41.5,80.64,0.07,-0.2,0.25,1,714,4.155,0.03,23.12,3.89,7.96,8.13,14 OCT 20,334.0,4.2,4.25,4.25,-1.54,141,41.14,58.86,79.95,-0.05,-0.21,0.25,141,551,4.225,0.03,22.32,0.0,13,True
6.01,1.7,1,50.83,49.17,95.3,0.06,-0.2,0.26,1,647,5.16,0.03,21.77,0.89,6.02,6.08,14 OCT 20,337.0,5.33,5.39,6.41,0.0,0,49.13,50.87,95.24,-0.06,-0.22,0.26,0,427,5.36,0.03,21.48,0.0,13,True
5.49,0.83,2,48.06,51.94,99.36,0.06,-0.2,0.26,2,467,5.56,0.03,21.79,0.0,5.53,5.59,14 OCT 20,338.0,5.71,5.76,7.14,0.0,0,51.95,48.05,99.34,-0.07,-0.21,0.26,0,323,5.625,0.03,20.98,0.11,13,True
3.02,0.47,2,33.86,66.14,69.65,0.04,-0.18,0.25,2,690,3.155,0.03,20.43,0.0,3.13,3.18,14 OCT 20,343.0,8.24,8.37,11.77,0.55,1,66.84,33.16,68.2,-0.09,-0.19,0.24,1,6,3.195,0.03,19.44,5.11,13,True
2.35,0.46,2,28.37,71.63,58.26,0.04,-0.16,0.23,2,1344,2.44,0.03,20.04,0.0,2.42,2.46,14 OCT 20,345.0,9.55,9.69,10.2,0.0,0,72.51,27.49,56.44,-0.1,-0.17,0.23,0,62,2.51,0.03,19.1,7.11,13,True
0.41,0.14,1,7.0,93.0,14.25,0.01,-0.06,0.09,1,224,0.43,0.01,19.58,0.0,0.42,0.44,14 OCT 20,357.0,19.46,19.9,0.0,0.0,0,94.65,5.35,10.89,-0.13,-0.07,0.08,0,0,0.57,0.01,17.89,19.11,13,False
0.37,0.11,1,6.13,93.87,12.48,0.01,-0.06,0.09,1,26,0.37,0.01,19.64,0.0,0.36,0.38,14 OCT 20,358.0,20.32,20.88,0.0,0.0,0,95.88,4.12,8.38,-0.13,-0.06,0.06,0,0,0.49,0.01,17.42,20.11,13,False
0.03,-0.01,1,0.59,99.41,1.2,0.0,-0.01,0.01,1,51,0.035,0.0,24.23,0.0,0.03,0.04,14 OCT 20,380.0,41.94,42.35,0.0,0.0,0,100.0,0.0,0.0,-0.15,-0.02,0.0,0,2,0.035,0.0,0.05,42.11,13,False
0.03,0.01,3,0.25,99.75,0.5,0.0,0.0,0.01,3,3,0.015,0.0,26.45,0.0,0.01,0.02,14 OCT 20,390.0,52.04,52.45,0.0,0.0,0,100.0,0.0,0.0,-0.15,-0.02,0.0,0,0,0.135,0.0,0.05,52.11,13,False
0.01,-0.01,32,0.08,99.92,0.17,0.0,0.0,0.0,32,51,0.005,0.0,27.78,0.0,0.0,0.01,14 OCT 20,400.0,62.13,62.51,0.0,0.0,0,100.0,0.0,0.0,-0.15,-0.02,0.0,0,0,0.21,0.0,0.05,62.11,13,False
0.03,0.0,6,0.08,99.92,0.16,0.0,0.0,0.0,6,12,0.005,0.0,29.63,0.0,0.0,0.01,14 OCT 20,405.0,67.12,67.52,0.0,0.0,0,100.0,0.0,0.0,-0.16,-0.02,0.0,0,0,0.21,0.0,0.05,67.11,13,False
0.02,-0.01,11,0.07,99.93,0.15,0.0,0.0,0.0,11,10,0.005,0.0,31.45,0.0,0.0,0.01,14 OCT 20,410.0,71.91,72.35,0.0,0.0,0,100.0,0.0,0.0,-0.16,-0.02,0.0,0,0,0.02,0.0,0.05,72.11,13,False
94.57,-4.68,30,93.16,6.84,12.99,0.01,-0.03,0.08,30,50,0.03,0.0,116.5,109.89,109.68,110.16,16 OCT 20,228.0,0.02,0.03,0.12,-0.02,1,0.28,99.72,0.54,0.0,-0.01,0.0,1,674,0.025,0.0,65.94,0.0,15,True
58.03,-6.62,1,93.23,6.77,12.87,0.01,-0.03,0.08,1,0,0.03,0.0,114.95,108.89,108.7,109.14,16 OCT 20,229.0,0.02,0.03,0.03,0.0,0,0.28,99.72,0.54,0.0,-0.01,0.0,0,749,0.025,0.0,65.26,0.0,15,True
104.7,0.1,10,93.33,6.67,12.68,0.01,-0.02,0.08,10,10,0.015,0.0,113.23,107.89,107.67,108.14,16 OCT 20,230.0,0.02,0.03,0.03,0.0,0,0.28,99.72,0.55,0.0,-0.01,0.0,0,12518,0.025,0.0,64.59,0.0,15,True
59.08,-2.07,2,93.32,6.68,12.71,0.01,-0.05,0.08,2,0,0.045,0.0,112.1,106.89,106.73,107.14,16 OCT 20,231.0,0.02,0.03,0.06,-0.07,12,0.28,99.72,0.55,0.0,-0.01,0.0,12,894,0.025,0.0,63.92,0.0,15,True
117.25,14.83,1,93.24,6.76,12.86,0.01,-0.1,0.08,1,0,0.1,0.0,111.29,105.89,105.72,106.26,16 OCT 20,232.0,0.02,0.03,0.05,-0.05,504,0.28,99.72,0.55,0.0,-0.01,0.0,504,2900,0.025,0.0,63.25,0.0,15,True
84.62,-3.91,4,93.9,6.1,11.67,0.01,-0.01,0.08,4,0,0.01,0.0,99.95,98.89,98.7,99.1,16 OCT 20,239.0,0.03,0.04,0.17,-0.05,1,0.39,99.61,0.76,0.0,-0.01,0.01,1,1648,0.035,0.0,60.58,0.0,15,True
93.06,3.26,1,93.74,6.26,11.98,0.01,-0.09,0.08,1,5,0.09,0.0,99.58,97.89,97.73,98.23,16 OCT 20,240.0,0.03,0.04,0.05,0.0,0,0.39,99.61,0.77,0.0,-0.01,0.01,0,30066,0.035,0.0,59.92,0.0,15,True
84.61,11.16,3,94.42,5.58,10.75,0.01,-0.04,0.08,3,29,0.035,0.0,85.43,87.89,87.75,88.1,16 OCT 20,250.0,0.04,0.05,0.06,0.0,0,0.51,99.49,1.01,0.0,-0.01,0.01,0,44318,0.045,0.0,54.7,0.0,15,True
77.49,0.09,24,94.56,5.44,10.49,0.01,-0.03,0.07,24,0,0.035,0.0,81.6,84.89,84.52,85.33,16 OCT 20,253.0,0.05,0.06,0.09,-0.09,30,0.62,99.38,1.22,0.0,-0.01,0.01,30,1165,0.055,0.0,53.91,0.0,15,True
69.31,-10.31,1,94.57,5.43,10.48,0.01,-0.06,0.07,1,2,0.06,0.0,79.44,82.89,82.74,83.16,16 OCT 20,255.0,0.05,0.06,0.07,0.0,0,0.63,99.37,1.23,0.0,-0.01,0.01,0,40535,0.055,0.0,52.58,0.0,15,True
66.9,-1.09,2,94.63,5.37,10.36,0.01,-0.06,0.07,2,0,0.055,0.0,78.14,81.89,81.74,82.15,16 OCT 20,256.0,0.05,0.06,0.07,0.0,0,0.64,99.36,1.25,0.0,-0.01,0.01,0,1957,0.055,0.0,51.92,0.0,15,True
63.67,-6.39,5,94.65,5.35,10.36,0.01,-0.1,0.07,5,36,0.1,0.0,73.91,77.89,77.75,78.23,16 OCT 20,260.0,0.06,0.07,0.07,0.0,0,0.75,99.25,1.47,0.0,-0.02,0.01,0,110986,0.065,0.0,50.2,0.0,15,True
73.95,1.13,5,94.81,5.19,10.05,0.01,-0.07,0.07,5,5,0.065,0.0,72.25,76.89,76.75,77.16,16 OCT 20,261.0,0.07,0.08,0.08,0.0,0,0.85,99.15,1.66,0.0,-0.02,0.01,0,1658,0.075,0.0,50.37,0.0,15,True
73.62,0.92,3,95.15,4.85,9.41,0.01,-0.02,0.07,3,5,0.015,0.0,66.89,72.89,72.68,73.13,16 OCT 20,265.0,0.08,0.09,0.1,0.0,0,0.97,99.03,1.9,0.0,-0.02,0.01,0,15543,0.085,0.0,48.42,0.0,15,True
72.06,6.84,13,95.08,4.92,9.56,0.01,-0.05,0.07,13,0,0.045,0.0,66.17,71.89,71.75,72.12,16 OCT 20,266.0,0.08,0.09,0.11,0.0,0,0.98,99.02,1.92,0.0,-0.02,0.01,0,2380,0.085,0.0,47.76,0.0,15,True
63.2,0.39,265,95.13,4.87,9.46,0.01,-0.05,0.07,265,0,0.05,0.0,63.98,69.89,69.74,70.14,16 OCT 20,268.0,0.09,0.1,0.1,0.0,0,1.09,98.91,2.13,0.0,-0.02,0.02,0,1804,0.095,0.0,47.05,0.0,15,True
61.79,0.49,1615,95.27,4.73,9.2,0.01,-0.03,0.07,1615,0,0.025,0.0,62.51,68.89,68.76,69.07,16 OCT 20,269.0,0.09,0.1,0.12,0.0,0,1.1,98.9,2.15,0.0,-0.02,0.02,0,3787,0.095,0.0,46.38,0.0,15,True
54.89,-5.25,40,95.36,4.64,9.02,0.01,-0.01,0.07,40,71,0.01,0.0,61.18,67.89,67.65,68.15,16 OCT 20,270.0,0.09,0.1,0.13,0.0,0,1.11,98.89,2.17,0.0,-0.02,0.02,0,51272,0.095,0.0,45.71,0.0,15,True
76.77,-5.68,1,95.44,4.56,8.88,0.01,-0.01,0.07,1,0,0.01,0.0,58.99,65.89,65.74,66.06,16 OCT 20,272.0,0.1,0.11,0.13,0.0,0,1.22,98.78,2.4,0.0,-0.02,0.02,0,6614,0.105,0.0,44.95,0.0,15,True
52.96,1.71,5,95.32,4.68,9.11,0.01,-0.05,0.07,5,6,0.045,0.0,58.4,64.89,64.83,65.04,16 OCT 20,273.0,0.1,0.11,0.19,-0.02,8,1.23,98.77,2.42,0.0,-0.02,0.02,8,10269,0.105,0.0,44.27,0.0,15,True
60.0,1.87,2,95.25,4.75,9.25,0.01,-0.07,0.07,2,44,0.075,0.0,56.68,62.89,62.83,63.1,16 OCT 20,275.0,0.11,0.12,0.15,0.0,0,1.35,98.65,2.66,0.0,-0.03,0.02,0,21119,0.115,0.0,43.45,0.0,15,True
52.05,-24.12,1,94.92,5.08,9.89,0.02,-0.12,0.07,1,7,0.155,0.0,56.75,61.89,61.86,62.23,16 OCT 20,276.0,0.12,0.13,0.21,-0.04,56,1.46,98.54,2.86,0.0,-0.03,0.02,56,6101,0.125,0.0,43.24,0.0,15,True
75.5,14.01,6,95.26,4.74,9.24,0.02,-0.09,0.07,6,10,0.085,0.0,54.72,60.89,60.78,61.17,16 OCT 20,277.0,0.12,0.13,0.15,0.0,0,1.48,98.52,2.9,0.0,-0.03,0.02,0,6691,0.125,0.0,42.57,0.0,15,True
60.95,1.45,4,95.67,4.33,8.45,0.01,-0.01,0.07,4,37,0.01,0.0,51.54,58.89,58.71,59.09,16 OCT 20,279.0,0.14,0.15,0.18,0.0,0,1.69,98.31,3.32,0.0,-0.03,0.02,0,8971,0.145,0.0,42.06,0.0,15,True
57.65,-0.82,2,95.36,4.64,9.06,0.02,-0.08,0.07,2,20,0.085,0.0,50.59,56.89,56.79,57.16,16 OCT 20,281.0,0.15,0.16,0.21,0.0,0,1.82,98.18,3.57,0.0,-0.03,0.03,0,4151,0.155,0.0,41.07,0.0,15,True
48.54,-3.86,4,94.9,5.1,9.95,0.02,-0.11,0.07,4,69,0.18,0.0,50.93,55.89,55.89,56.25,16 OCT 20,282.0,0.15,0.16,0.16,0.0,0,1.84,98.16,3.62,0.0,-0.03,0.03,0,8967,0.155,0.0,40.38,0.0,15,True
52.42,-6.29,2,95.22,4.78,9.34,0.02,-0.1,0.07,2,8,0.12,0.0,49.08,54.89,54.82,55.2,16 OCT 20,283.0,0.16,0.17,0.27,-0.02,51,1.95,98.05,3.84,0.0,-0.03,0.03,51,7333,0.165,0.0,40.05,0.0,15,True
41.3,-5.95,5,94.84,5.16,10.07,0.02,-0.1,0.07,5,10,0.195,0.0,49.15,53.89,53.88,54.29,16 OCT 20,284.0,0.17,0.18,0.2,0.0,0,2.07,97.93,4.06,0.0,-0.04,0.03,0,3982,0.175,0.0,39.7,0.0,15,True
49.97,11.07,5,95.33,4.67,9.13,0.02,-0.1,0.07,5,30,0.105,0.0,46.87,52.89,52.81,53.18,16 OCT 20,285.0,0.18,0.19,0.22,0.0,0,2.18,97.82,4.29,0.0,-0.04,0.03,0,18135,0.185,0.0,39.33,0.0,15,True
42.22,-2.16,10,95.18,4.82,9.42,0.02,-0.1,0.07,10,27,0.135,0.0,46.32,51.89,51.85,52.2,16 OCT 20,286.0,0.19,0.2,0.22,0.0,0,2.3,97.7,4.52,0.0,-0.04,0.03,0,5091,0.195,0.0,38.94,0.0,15,True
37.09,-6.32,15,95.66,4.34,8.49,0.02,-0.06,0.07,15,738,0.055,0.0,43.2,49.89,49.72,50.17,16 OCT 20,288.0,0.21,0.22,0.25,0.0,0,2.54,97.46,4.99,0.0,-0.04,0.04,0,7874,0.215,0.0,38.11,0.0,15,True
34.94,-7.6,1,95.53,4.47,8.75,0.02,-0.08,0.07,1,39,0.08,0.0,42.61,48.89,48.81,49.13,16 OCT 20,289.0,0.22,0.23,0.31,0.0,0,2.66,97.34,5.23,0.0,-0.04,0.04,0,6995,0.225,0.0,37.67,0.0,15,True
43.41,-0.86,19,95.57,4.43,8.67,0.02,-0.08,0.07,19,241,0.075,0.0,41.58,47.89,47.81,48.12,16 OCT 20,290.0,0.23,0.24,0.27,0.0,0,2.79,97.21,5.47,0.0,-0.04,0.04,0,41711,0.235,0.0,37.21,0.0,15,True
38.52,3.19,10,94.7,5.3,10.37,0.03,-0.09,0.07,10,113,0.22,0.0,42.74,46.89,46.92,47.3,16 OCT 20,291.0,0.24,0.25,0.25,-0.09,1,2.91,97.09,5.72,0.0,-0.04,0.04,1,12696,0.245,0.0,36.75,0.0,15,True
39.54,-3.21,2,94.69,5.31,10.4,0.03,-0.09,0.07,2,36,0.22,0.0,41.8,45.89,45.93,46.29,16 OCT 20,292.0,0.26,0.27,0.37,0.0,0,3.13,96.87,6.15,0.0,-0.05,0.04,0,4814,0.265,0.0,36.5,0.0,15,True
32.83,-0.05,14,95.81,4.19,8.22,0.02,-0.05,0.06,14,38,0.045,0.0,38.28,44.89,44.74,45.13,16 OCT 20,293.0,0.27,0.28,0.38,0.0,0,3.26,96.74,6.41,0.0,-0.05,0.04,0,7833,0.275,0.0,36.0,0.0,15,True
38.94,-1.24,2,94.35,5.65,11.06,0.04,-0.09,0.07,2,9416,0.265,0.0,39.64,42.89,42.98,43.33,16 OCT 20,295.0,0.3,0.31,0.32,-0.06,15,3.62,96.38,7.12,0.0,-0.05,0.05,15,50092,0.305,0.0,35.17,0.0,15,True
38.95,10.78,1,94.69,5.31,10.41,0.03,-0.08,0.07,1,1581,0.21,0.0,37.97,41.89,41.93,42.27,16 OCT 20,296.0,0.32,0.34,0.46,0.0,0,3.89,96.11,7.64,-0.01,-0.06,0.05,0,7498,0.33,0.0,34.92,0.0,15,True
28.65,-3.67,10,93.96,6.04,11.83,0.04,-0.09,0.08,10,942,0.315,0.0,38.48,40.89,41.04,41.37,16 OCT 20,297.0,0.35,0.36,0.52,0.0,0,4.17,95.83,8.18,-0.01,-0.06,0.06,0,8189,0.355,0.0,34.64,0.0,15,True
34.56,7.37,17,95.11,4.89,9.59,0.03,-0.07,0.07,17,1562,0.145,0.0,35.23,39.89,39.89,40.18,16 OCT 20,298.0,0.36,0.37,0.54,0.0,0,4.32,95.68,8.47,-0.01,-0.06,0.06,0,17983,0.365,0.0,34.06,0.0,15,True
35.91,8.39,1,94.08,5.92,11.61,0.04,-0.08,0.08,1,1408,0.285,0.0,36.29,38.89,39.0,39.35,16 OCT 20,299.0,0.39,0.4,0.58,0.0,0,4.64,95.36,9.11,-0.01,-0.06,0.06,0,13136,0.395,0.0,33.81,0.0,15,True
29.39,4.82,1,94.27,5.73,11.23,0.04,-0.07,0.07,1,1307,0.245,0.0,33.98,36.89,36.96,37.31,16 OCT 20,301.0,0.45,0.46,0.67,0.0,0,5.29,94.71,10.39,-0.01,-0.07,0.07,0,5999,0.455,0.0,33.2,0.0,15,True
31.57,-1.22,3,93.33,6.67,13.06,0.05,-0.08,0.08,3,1333,0.365,0.0,34.64,35.89,36.04,36.47,16 OCT 20,302.0,0.48,0.49,0.47,-0.19,1,5.63,94.37,11.04,-0.01,-0.07,0.07,1,11671,0.485,0.0,32.85,0.0,15,True
29.05,2.57,1,93.25,6.75,13.23,0.05,-0.08,0.08,1,960,0.355,0.0,32.77,33.89,34.09,34.4,16 OCT 20,304.0,0.54,0.55,0.76,0.0,0,6.31,93.69,12.38,-0.01,-0.08,0.08,0,14472,0.545,0.0,32.06,0.0,15,True
29.21,-0.74,3,92.86,7.14,14.0,0.05,-0.08,0.09,3,4106,0.395,0.0,32.37,32.89,33.15,33.42,16 OCT 20,305.0,0.58,0.59,0.58,-0.19,15,6.74,93.26,13.22,-0.01,-0.08,0.08,15,46499,0.585,0.01,31.75,0.0,15,True
28.05,-1.68,26,91.95,8.05,15.78,0.06,-0.09,0.09,26,2224,0.505,0.01,32.72,31.89,32.22,32.57,16 OCT 20,306.0,0.62,0.63,0.94,0.0,0,7.18,92.82,14.07,-0.01,-0.09,0.09,0,8070,0.625,0.01,31.41,0.0,15,True
26.55,4.86,3,90.22,9.78,19.16,0.07,-0.1,0.11,3,1923,0.69,0.01,31.88,28.89,29.43,29.73,16 OCT 20,309.0,0.78,0.79,1.17,0.0,0,8.82,91.18,17.29,-0.01,-0.1,0.1,0,14895,0.785,0.01,30.58,0.0,15,True
24.67,4.69,6,89.06,10.94,21.41,0.07,-0.11,0.12,6,1455,0.805,0.01,31.07,26.89,27.6,27.79,16 OCT 20,311.0,0.91,0.93,1.36,0.0,0,10.15,89.85,19.9,-0.01,-0.11,0.12,0,15582,0.92,0.01,30.08,0.0,15,True
15.16,2.63,19,74.29,25.71,50.16,0.09,-0.17,0.22,19,63948,2.485,0.02,26.75,12.89,15.32,15.43,16 OCT 20,325.0,2.52,2.54,2.54,-1.12,9,24.87,75.13,48.55,-0.04,-0.18,0.22,9,113441,2.53,0.02,25.79,0.0,15,True
11.3,2.5,10,65.93,34.07,66.33,0.09,-0.19,0.25,10,53612,3.54,0.02,24.96,7.89,11.38,11.48,16 OCT 20,330.0,3.6,3.62,3.63,-1.5,217,33.54,66.46,65.32,-0.05,-0.2,0.25,217,74759,3.61,0.02,24.2,0.0,15,True
9.81,2.14,2,62.17,37.83,73.58,0.08,-0.19,0.26,2,19315,3.985,0.02,23.92,5.89,9.83,9.92,16 OCT 20,332.0,4.13,4.17,5.81,0.0,0,37.61,62.39,73.17,-0.05,-0.2,0.26,0,10031,4.15,0.02,23.54,0.0,15,True
8.42,2.0,3,57.58,42.42,82.39,0.08,-0.2,0.27,3,8158,4.75,0.02,23.79,3.89,8.6,8.68,16 OCT 20,334.0,4.74,4.78,4.76,-1.9,2,42.03,57.97,81.66,-0.06,-0.21,0.27,2,9933,4.76,0.02,22.85,0.0,15,True
7.92,2.14,56,55.49,44.51,86.41,0.08,-0.19,0.28,56,56983,4.945,0.02,22.92,2.89,7.8,7.87,16 OCT 20,335.0,5.08,5.11,5.12,-1.98,88,44.37,55.63,86.15,-0.07,-0.21,0.28,88,66801,5.095,0.02,22.49,0.0,15,True
7.23,1.85,9,53.09,46.91,91.01,0.07,-0.19,0.28,9,6569,5.32,0.02,22.63,1.89,7.18,7.24,16 OCT 20,336.0,5.44,5.48,5.55,-1.91,5,46.81,53.19,90.82,-0.07,-0.2,0.28,5,7131,5.46,0.03,22.17,0.0,15,True
6.66,1.91,108,50.59,49.41,95.77,0.07,-0.19,0.28,108,19499,5.8,0.02,22.63,0.89,6.66,6.72,16 OCT 20,337.0,5.93,5.96,7.91,0.0,0,49.36,50.64,95.69,-0.07,-0.21,0.28,0,7255,5.945,0.03,22.18,0.0,15,True
6.17,1.86,13,48.09,51.91,99.41,0.07,-0.19,0.28,13,9946,6.09,0.03,22.25,0.0,6.07,6.11,16 OCT 20,338.0,6.26,6.29,6.29,-2.34,1,51.91,48.09,99.39,-0.08,-0.2,0.28,1,5754,6.165,0.03,21.56,0.11,15,True
4.98,1.49,20,42.89,57.11,88.48,0.06,-0.18,0.28,20,42620,4.96,0.03,21.48,0.0,4.94,4.98,16 OCT 20,340.0,7.18,7.23,7.2,-2.61,1,57.23,42.77,88.21,-0.09,-0.2,0.28,1,40748,5.095,0.03,20.98,2.11,15,True
4.48,1.42,108,40.3,59.7,83.07,0.06,-0.18,0.28,108,15317,4.515,0.03,21.38,0.0,4.5,4.53,16 OCT 20,341.0,7.65,7.72,9.95,0.0,0,59.99,40.01,82.45,-0.09,-0.19,0.28,0,6669,4.575,0.03,20.6,3.11,15,True
3.97,1.29,1,37.69,62.31,77.61,0.06,-0.18,0.27,1,23300,4.065,0.03,21.16,0.0,4.05,4.08,16 OCT 20,342.0,8.12,8.23,10.56,0.0,0,62.82,37.18,76.53,-0.09,-0.18,0.27,0,4276,4.065,0.03,20.15,4.11,15,True
3.58,1.17,30,34.97,65.03,71.93,0.05,-0.17,0.27,30,10814,3.59,0.03,20.75,0.0,3.57,3.61,16 OCT 20,343.0,8.88,8.96,10.72,0.0,0,65.16,34.84,71.66,-0.1,-0.18,0.27,0,3282,3.81,0.03,20.54,5.11,15,True
3.2,1.03,3,32.47,67.53,66.74,0.05,-0.16,0.26,3,11626,3.235,0.03,20.68,0.0,3.22,3.25,16 OCT 20,344.0,9.38,9.47,12.42,0.0,0,68.09,31.91,65.57,-0.1,-0.17,0.26,0,6036,3.315,0.03,19.92,6.11,15,True
2.91,1.04,8,29.84,70.16,61.29,0.04,-0.16,0.25,8,80515,2.845,0.02,20.37,0.0,2.83,2.86,16 OCT 20,345.0,10.05,10.14,11.78,0.0,0,70.62,29.38,60.33,-0.11,-0.17,0.25,0,40469,2.985,0.03,19.83,7.11,15,True
2.49,0.83,1,27.37,72.63,56.16,0.04,-0.15,0.24,1,10955,2.515,0.02,20.19,0.0,2.5,2.53,16 OCT 20,346.0,10.64,10.74,14.04,0.0,0,73.48,26.52,54.41,-0.11,-0.16,0.24,0,4909,2.58,0.02,19.31,8.11,15,True
2.23,0.62,2,25.11,74.89,51.49,0.04,-0.14,0.23,2,12263,2.245,0.02,20.16,0.0,2.23,2.26,16 OCT 20,347.0,11.37,11.46,14.18,0.0,0,75.86,24.14,49.48,-0.12,-0.15,0.23,0,6838,2.305,0.02,19.22,9.11,15,True
1.5,0.54,31,18.68,81.32,38.23,0.03,-0.12,0.2,31,142268,1.515,0.02,19.81,0.0,1.51,1.52,16 OCT 20,350.0,13.7,13.83,13.62,-3.38,3,82.14,17.86,36.53,-0.13,-0.13,0.19,3,61995,1.655,0.02,19.11,12.11,15,True
0.76,0.28,12,10.68,89.32,21.79,0.02,-0.08,0.14,12,24222,0.76,0.01,19.61,0.0,0.75,0.77,16 OCT 20,355.0,17.84,18.06,20.8,0.0,0,91.08,8.92,18.19,-0.14,-0.08,0.12,0,7725,0.84,0.01,18.08,17.11,15,False
0.65,0.15,10,9.56,90.44,19.5,0.01,-0.08,0.13,10,4567,0.67,0.01,19.7,0.0,0.66,0.68,16 OCT 20,356.0,18.69,19.03,20.63,0.0,0,92.29,7.71,15.72,-0.14,-0.08,0.11,0,1320,0.75,0.01,18.02,18.11,15,False
0.41,0.06,12,5.99,94.01,12.2,0.01,-0.05,0.09,12,30565,0.395,0.01,19.99,0.0,0.39,0.4,16 OCT 20,360.0,22.32,22.66,25.0,0.0,0,97.67,2.33,4.74,-0.15,-0.04,0.04,0,5142,0.38,0.01,15.55,22.11,15,False
0.2,0.02,8,3.51,96.49,7.14,0.01,-0.04,0.06,8,22512,0.225,0.01,20.84,0.0,0.22,0.23,16 OCT 20,365.0,27.27,27.66,28.7,0.0,0,98.38,1.62,3.28,-0.16,-0.03,0.03,0,872,0.355,0.0,17.56,27.11,15,False
0.15,0.03,1,2.41,97.59,4.91,0.0,-0.03,0.04,1,4254,0.155,0.0,21.76,0.0,0.15,0.16,16 OCT 20,369.0,31.11,31.53,36.68,8.77,3,100.0,0.0,0.0,-0.16,-0.02,0.0,3,598,0.21,0.0,0.05,31.11,15,False
0.13,0.02,1,2.13,97.87,4.32,0.0,-0.03,0.04,1,16235,0.135,0.0,21.82,0.0,0.13,0.14,16 OCT 20,370.0,32.23,32.59,32.96,0.0,0,99.46,0.54,1.09,-0.16,-0.02,0.01,0,3387,0.3,0.0,17.28,32.11,15,False
0.07,0.0,1,1.13,98.87,2.3,0.0,-0.02,0.02,1,1647,0.075,0.0,23.95,0.0,0.07,0.08,16 OCT 20,378.0,39.89,40.33,36.68,11.35,5,100.0,0.0,0.0,0.0,0.0,-411.1,5,24,0.0,0.0,0.0,40.11,15,False
0.02,0.01,157,0.34,99.66,0.69,0.0,-0.01,0.01,157,16426,0.025,0.0,28.04,0.0,0.02,0.03,16 OCT 20,395.0,57.16,57.48,66.74,-4.85,2,100.0,0.0,0.0,-0.17,-0.02,0.0,2,77,0.21,0.0,0.05,57.11,15,False
0.01,-0.01,1,0.07,99.93,0.15,0.0,0.0,0.0,1,6375,0.005,0.0,29.42,0.0,0.0,0.01,16 OCT 20,410.0,72.02,72.45,0.0,0.0,0,100.0,0.0,0.0,-0.18,-0.02,0.0,0,0,0.125,0.0,0.04,72.11,15,False
0.01,0.0,2,0.07,99.93,0.14,0.0,0.0,0.0,2,1650,0.005,0.0,31.09,0.0,0.0,0.01,16 OCT 20,415.0,76.94,77.41,84.87,-7.56,2,100.0,0.0,0.0,-0.18,-0.02,0.0,2,0,0.065,0.0,0.05,77.11,15,False
0.01,-0.01,1,0.06,99.94,0.12,0.0,0.0,0.0,1,1882,0.005,0.0,34.35,0.0,0.0,0.01,16 OCT 20,425.0,87.05,87.49,0.0,0.0,0,100.0,0.0,0.0,0.0,0.0,-881.1,0,0,0.16,0.0,0.05,87.11,15,False
0.01,0.0,5,0.06,99.94,0.12,0.0,0.0,0.0,5,1061,0.005,0.0,35.94,0.0,0.0,0.01,16 OCT 20,430.0,92.05,92.47,99.89,0.0,2,100.0,0.0,0.0,0.0,0.0,-931.1,2,0,0.15,0.0,0.05,92.11,15,False
0.01,0.0,1,0.05,99.95,0.11,0.0,0.0,0.0,1,2739,0.005,0.0,37.51,0.0,0.0,0.01,16 OCT 20,435.0,97.18,97.45,0.0,0.0,0,100.0,0.0,0.0,-0.19,-0.02,0.0,0,0,0.205,0.0,0.05,97.11,15,False
0.01,0.0,10,0.05,99.95,0.1,0.0,0.0,0.0,10,885,0.005,0.0,39.05,0.0,0.0,0.01,16 OCT 20,440.0,101.94,102.41,0.0,0.0,0,100.0,0.0,0.0,-0.19,-0.02,0.0,0,0,0.065,0.0,0.05,102.11,15,False
0.01,0.0,9,0.05,99.95,0.1,0.0,0.0,0.0,9,486,0.005,0.0,40.57,0.0,0.0,0.01,16 OCT 20,445.0,106.93,107.41,136.61,-5.48,1,100.0,0.0,0.0,-0.19,-0.02,0.0,1,0,0.06,0.0,0.05,107.11,15,False
0.01,0.0,1,0.05,99.95,0.1,0.0,0.0,0.0,1,1567,0.005,0.0,42.07,0.0,0.0,0.01,16 OCT 20,450.0,111.93,112.41,140.04,0.0,1,100.0,0.0,0.0,-0.2,-0.02,0.0,1,0,0.06,0.0,0.05,112.11,15,False
0.02,-0.01,1,0.05,99.95,0.09,0.0,0.0,0.0,1,284,0.005,0.0,43.55,0.0,0.0,0.01,16 OCT 20,455.0,116.93,117.45,0.0,0.0,0,100.0,0.0,0.0,-0.2,-0.02,0.0,0,0,0.08,0.0,0.05,117.11,15,False
0.02,0.0,50,0.04,99.96,0.09,0.0,0.0,0.0,50,991,0.005,0.0,45.01,0.0,0.0,0.01,16 OCT 20,460.0,121.99,122.52,123.94,0.0,2,100.0,0.0,0.0,-0.2,-0.02,0.0,2,0,0.145,0.0,0.05,122.11,15,False
0.03,0.0,35,0.04,99.96,0.08,0.0,0.0,0.0,35,431,0.005,0.0,46.44,0.0,0.0,0.01,16 OCT 20,465.0,127.02,127.5,143.23,0.0,1,100.0,0.0,0.0,0.0,0.0,-1281.1,1,0,0.15,0.0,0.05,127.11,15,False
0.01,0.0,5,0.04,99.96,0.08,0.0,0.0,0.0,5,1899,0.005,0.0,47.86,0.0,0.0,0.01,16 OCT 20,470.0,132.07,132.59,147.6,6.0,1,100.0,0.0,0.0,-0.21,-0.02,0.0,1,3,0.22,0.0,0.05,132.11,15,False
78.1,0.0,1,94.45,5.55,10.69,0.01,-0.03,0.08,1,1,0.025,0.0,78.28,87.89,87.74,88.09,19 OCT 20,250.0,0.05,0.06,0.07,0.0,0,0.6,99.4,1.18,0.0,-0.01,0.01,0,51,0.055,0.0,51.29,0.0,18,True
42.84,0.0,3,94.96,5.04,9.82,0.02,-0.09,0.08,3,1,0.16,0.0,48.35,57.89,57.85,58.25,19 OCT 20,280.0,0.17,0.19,0.24,0.0,0,2.02,97.98,3.96,0.0,-0.03,0.03,0,182,0.18,0.0,39.17,0.0,18,True
32.84,0.0,19,94.83,5.17,10.12,0.04,-0.07,0.08,19,7,0.19,0.0,35.44,42.89,42.85,43.31,19 OCT 20,295.0,0.37,0.38,0.58,0.0,0,4.21,95.79,8.25,-0.01,-0.05,0.06,0,1125,0.375,0.0,33.5,0.0,18,True
25.47,-10.48,15,93.29,6.71,13.15,0.06,-0.07,0.09,15,21,0.39,0.0,33.71,37.89,38.09,38.47,19 OCT 20,300.0,0.5,0.51,0.61,0.0,0,5.6,94.4,10.97,-0.01,-0.06,0.08,0,2213,0.505,0.0,31.85,0.0,18,True
26.02,8.51,1,88.94,11.06,21.65,0.09,-0.09,0.13,1,17,0.855,0.01,29.75,27.89,28.59,28.9,19 OCT 20,310.0,0.96,0.99,1.49,0.0,0,10.31,89.69,20.19,-0.02,-0.1,0.13,0,860,0.975,0.01,28.84,0.0,18,True
13.88,-3.91,1,86.34,13.66,26.72,0.1,-0.1,0.15,1,16,1.12,0.01,28.18,23.89,24.91,25.11,19 OCT 20,314.0,1.3,1.34,1.46,0.0,0,13.44,86.56,26.29,-0.02,-0.12,0.16,0,254,1.32,0.01,27.94,0.0,18,True
20.97,3.59,2,84.44,15.56,30.4,0.1,-0.12,0.17,2,111,1.405,0.01,29.06,22.89,24.19,24.4,19 OCT 20,315.0,1.37,1.4,1.72,0.0,0,14.12,85.88,27.63,-0.02,-0.12,0.16,0,256,1.385,0.01,27.48,0.0,18,True
14.2,0.0,1,84.58,15.42,30.15,0.1,-0.11,0.17,1,1,1.315,0.01,27.62,21.89,23.1,23.31,19 OCT 20,316.0,1.51,1.53,2.18,0.0,0,15.22,84.78,29.76,-0.03,-0.12,0.17,0,248,1.52,0.01,27.41,0.0,18,True
18.05,5.3,1,81.92,18.08,35.31,0.1,-0.13,0.19,1,2,1.675,0.01,27.79,19.89,21.47,21.66,19 OCT 20,318.0,1.71,1.75,1.85,0.0,0,17.11,82.89,33.45,-0.03,-0.13,0.18,0,382,1.73,0.01,26.77,0.0,18,True
17.7,6.45,1,80.85,19.15,37.4,0.11,-0.13,0.2,1,7,1.805,0.01,27.51,18.89,20.61,20.78,19 OCT 20,319.0,1.83,1.86,2.27,0.0,0,18.14,81.86,35.45,-0.03,-0.14,0.19,0,202,1.845,0.01,26.44,0.0,18,True
17.2,0.05,3,80.58,19.42,37.93,0.11,-0.13,0.2,3,71,1.76,0.01,26.31,17.89,19.56,19.74,19 OCT 20,320.0,1.99,2.03,2.79,0.0,0,19.43,80.57,37.95,-0.03,-0.14,0.2,0,1241,2.01,0.01,26.33,0.0,18,True
16.13,3.63,11,78.56,21.44,41.85,0.11,-0.14,0.21,11,36,2.085,0.01,26.91,16.89,18.9,19.05,19 OCT 20,321.0,2.12,2.15,2.62,0.0,0,20.54,79.46,40.12,-0.03,-0.15,0.21,0,494,2.135,0.01,25.96,0.0,18,True
13.72,2.25,2,75.9,24.1,47.01,0.11,-0.15,0.23,2,5,2.435,0.01,26.46,14.89,17.23,17.42,19 OCT 20,323.0,2.41,2.47,3.38,0.0,0,23.09,76.91,45.06,-0.04,-0.15,0.22,0,194,2.44,0.01,25.36,0.0,18,True
7.46,1.81,1,52.84,47.16,91.44,0.09,-0.17,0.3,1,320,5.63,0.02,21.79,1.89,7.46,7.58,19 OCT 20,336.0,5.74,5.8,7.54,0.0,0,47.06,52.94,91.26,-0.08,-0.18,0.3,0,118,5.77,0.02,21.35,0.0,18,True
6.34,0.8,1,48.08,51.92,99.44,0.08,-0.17,0.31,1,399,6.395,0.02,21.42,0.0,6.36,6.43,19 OCT 20,338.0,6.54,6.61,6.65,-1.02,5,51.92,48.08,99.42,-0.09,-0.18,0.31,5,120,6.465,0.02,20.75,0.11,18,True
5.24,1.52,2,43.15,56.85,89.06,0.07,-0.16,0.3,2,217,5.285,0.02,20.78,0.0,5.26,5.31,19 OCT 20,340.0,7.44,7.52,7.67,0.0,0,57.0,43.0,88.72,-0.1,-0.17,0.3,0,51,5.37,0.03,20.15,2.11,18,True
3.39,0.49,13,33.01,66.99,67.87,0.06,-0.14,0.28,13,160,3.44,0.02,19.7,0.0,3.42,3.46,19 OCT 20,344.0,9.69,9.83,12.94,0.91,1,67.17,32.83,67.5,-0.12,-0.16,0.28,1,33,3.65,0.02,19.46,6.11,18,True
1.12,0.2,5,14.35,85.65,29.31,0.03,-0.09,0.18,5,178,1.13,0.02,18.73,0.0,1.11,1.15,19 OCT 20,353.0,16.2,16.41,0.0,0.0,0,87.21,12.79,26.11,-0.16,-0.09,0.17,0,0,1.195,0.02,17.5,15.11,18,False
0.67,0.13,1,9.33,90.67,19.02,0.02,-0.07,0.14,1,22,0.68,0.01,18.84,0.0,0.67,0.69,19 OCT 20,357.0,19.57,19.96,22.99,0.0,0,93.6,6.4,13.04,-0.17,-0.06,0.1,0,3,0.655,0.01,16.29,19.11,18,False
0.22,0.07,1,3.22,96.78,6.55,0.01,-0.03,0.06,1,1,0.215,0.01,20.04,0.0,0.21,0.22,19 OCT 20,367.0,29.33,29.69,0.0,0.0,0,97.89,2.11,4.28,-0.19,-0.03,0.04,0,0,0.4,0.0,18.19,29.11,18,False
0.08,-0.03,1,1.09,98.91,2.21,0.0,-0.01,0.03,1,15,0.075,0.0,22.86,0.0,0.07,0.08,19 OCT 20,380.0,42.1,42.46,0.0,0.0,0,100.0,0.0,0.0,-0.2,-0.01,0.0,0,0,0.17,0.0,0.04,42.11,18,False
0.06,-0.09,2,0.66,99.34,1.34,0.0,-0.01,0.02,2,3,0.045,0.0,23.49,0.0,0.04,0.05,19 OCT 20,385.0,47.07,47.51,0.0,0.0,0,100.0,0.0,0.0,0.0,0.0,-481.1,0,0,0.18,0.0,0.05,47.11,18,False
0.01,-0.01,3,0.34,99.66,0.69,0.0,-0.01,0.01,3,17,0.025,0.0,25.73,0.0,0.02,0.03,19 OCT 20,395.0,57.15,57.55,0.0,0.0,0,100.0,0.0,0.0,0.0,0.0,-581.1,0,0,0.24,0.0,0.05,57.11,18,False
43.84,0.0,2,95.04,4.96,9.69,0.03,-0.08,0.08,2,1,0.16,0.0,41.6,52.89,52.81,53.29,21 OCT 20,285.0,0.29,0.3,0.34,0.0,0,3.1,96.9,6.07,-0.01,-0.04,0.05,0,2453,0.295,0.0,36.97,0.0,20,True
25.81,-0.3,1,92.91,7.09,13.88,0.07,-0.07,0.1,1,3,0.45,0.0,32.66,37.89,38.17,38.51,21 OCT 20,300.0,0.64,0.66,0.93,0.0,0,6.64,93.36,13.01,-0.01,-0.07,0.09,0,1081,0.65,0.0,31.96,0.0,20,True
13.16,-2.59,1,82.96,17.04,33.27,0.11,-0.12,0.19,1,20,1.71,0.01,29.28,22.89,24.5,24.7,21 OCT 20,315.0,1.7,1.73,2.35,0.0,0,15.9,84.1,31.06,-0.03,-0.12,0.18,0,2242,1.715,0.01,28.01,0.0,20,True
12.34,-0.27,2,70.72,29.28,57.03,0.12,-0.15,0.27,2,277,3.285,0.02,25.37,11.89,15.04,15.31,21 OCT 20,326.0,3.4,3.43,5.03,0.0,0,28.89,71.11,56.28,-0.05,-0.16,0.27,0,320,3.415,0.02,24.9,0.0,20,True
11.64,2.74,5,69.0,31.0,60.33,0.12,-0.16,0.28,5,230,3.57,0.02,25.32,10.89,14.39,14.53,21 OCT 20,327.0,3.61,3.64,4.98,0.0,0,30.41,69.59,59.22,-0.06,-0.17,0.27,0,212,3.625,0.02,24.58,0.0,20,True
10.93,2.65,6,67.41,32.59,63.41,0.11,-0.16,0.28,6,266,3.81,0.02,25.04,9.89,13.63,13.77,21 OCT 20,328.0,3.82,3.87,5.31,0.0,0,31.99,68.01,62.28,-0.06,-0.17,0.28,0,245,3.845,0.02,24.25,0.0,20,True
9.23,1.56,1,56.79,43.21,83.87,0.1,-0.16,0.31,1,861,5.35,0.02,22.67,3.89,9.19,9.29,21 OCT 20,334.0,5.49,5.56,7.01,0.0,0,43.1,56.9,83.66,-0.08,-0.17,0.31,0,340,5.525,0.02,22.38,0.0,20,True
6.77,1.8,1,48.09,51.91,99.47,0.09,-0.16,0.32,1,492,6.79,0.02,21.59,0.0,6.76,6.82,21 OCT 20,338.0,6.98,7.04,7.84,0.0,0,51.9,48.1,99.46,-0.1,-0.17,0.32,0,61,6.9,0.02,21.1,0.11,20,True
6.23,1.29,25,45.83,54.17,94.71,0.09,-0.16,0.32,25,771,6.34,0.02,21.65,0.0,6.3,6.38,21 OCT 20,339.0,7.43,7.5,9.25,0.0,0,54.25,45.75,94.51,-0.11,-0.17,0.32,0,18,6.355,0.02,20.86,1.11,20,True
1.95,0.66,1,20.92,79.08,42.85,0.04,-0.11,0.24,1,1203,1.94,0.02,19.11,0.0,1.92,1.96,21 OCT 20,350.0,13.97,14.14,14.36,0.0,0,80.44,19.56,40.04,-0.16,-0.11,0.23,0,11,1.945,0.02,17.98,12.11,20,False
1.33,0.18,1,15.84,84.16,32.38,0.03,-0.09,0.21,1,488,1.365,0.02,19.0,0.0,1.35,1.38,21 OCT 20,353.0,16.33,16.62,0.0,0.0,0,85.92,14.08,28.76,-0.17,-0.09,0.19,0,0,1.365,0.02,17.6,15.11,20,False
1.04,0.3,2,12.78,87.22,26.09,0.03,-0.08,0.18,2,288,1.04,0.01,18.79,0.0,1.02,1.06,21 OCT 20,355.0,18.14,18.32,0.0,0.0,0,88.63,11.37,23.2,-0.18,-0.08,0.16,0,10,1.12,0.01,17.66,17.11,20,False
0.04,0.0,1,0.89,99.11,1.8,0.0,-0.01,0.02,1,31,0.065,0.0,23.37,0.0,0.06,0.07,21 OCT 20,385.0,47.17,47.57,0.0,0.0,0,100.0,0.0,0.0,0.0,0.0,-481.1,0,0,0.26,0.0,0.04,47.11,20,False
0.03,0.0,1,0.61,99.39,1.23,0.0,-0.01,0.02,1,0,0.045,0.0,24.26,0.0,0.04,0.05,21 OCT 20,390.0,51.98,52.41,0.0,0.0,0,100.0,0.0,0.0,-0.22,-0.01,0.0,0,0,0.085,0.0,0.04,52.11,20,False
0.03,0.0,1,0.32,99.68,0.66,0.0,-0.01,0.01,1,82,0.025,0.0,26.28,0.0,0.02,0.03,21 OCT 20,400.0,62.06,62.68,66.88,0.0,4,100.0,0.0,0.0,0.0,0.0,-631.1,4,1,0.26,0.0,0.04,62.11,20,False
0.01,0.0,8,0.06,99.94,0.13,0.0,0.0,0.0,8,9,0.005,0.0,28.57,0.0,0.0,0.01,21 OCT 20,420.0,81.98,82.44,0.0,0.0,0,100.0,0.0,0.0,-0.24,-0.01,0.0,0,0,0.1,0.0,0.04,82.11,20,False
73.72,12.26,1,94.68,5.32,10.3,0.02,-0.09,0.09,1,2,0.09,0.0,61.54,77.89,77.76,78.2,23 OCT 20,260.0,0.13,0.15,0.14,0.0,0,1.38,98.62,2.7,0.0,-0.02,0.02,0,27183,0.14,0.0,46.04,0.0,22,True
53.96,11.69,2,95.02,4.98,9.72,0.03,-0.08,0.09,2,8,0.15,0.0,43.82,57.89,57.84,58.24,23 OCT 20,280.0,0.29,0.3,0.29,0.0,0,2.93,97.07,5.73,-0.01,-0.04,0.05,0,7175,0.295,0.0,38.44,0.0,22,True
39.87,-4.02,1,93.59,6.41,12.49,0.05,-0.08,0.1,1,4,0.44,0.0,42.86,52.89,53.12,53.54,23 OCT 20,285.0,0.36,0.38,0.44,0.0,0,3.66,96.34,7.16,-0.01,-0.04,0.06,0,1446,0.37,0.0,36.72,0.0,22,True
42.7,6.95,1,93.96,6.04,11.8,0.05,-0.07,0.09,1,10,0.35,0.0,37.89,47.89,48.09,48.39,23 OCT 20,290.0,0.46,0.48,0.62,0.0,0,4.61,95.39,9.03,-0.01,-0.05,0.07,0,1400,0.47,0.0,35.06,0.0,22,True
20.7,0.18,1,88.35,11.65,22.76,0.11,-0.1,0.15,1,3,1.095,0.01,31.79,31.89,32.76,33.21,23 OCT 20,306.0,1.14,1.16,1.16,-0.25,1,10.6,89.4,20.71,-0.02,-0.09,0.14,1,476,1.15,0.01,30.45,0.0,22,True
19.75,0.0,2,86.33,13.67,26.66,0.11,-0.11,0.17,2,3,1.415,0.01,32.21,29.89,31.03,31.58,23 OCT 20,308.0,1.29,1.32,1.54,0.0,0,11.85,88.15,23.16,-0.02,-0.1,0.15,0,713,1.305,0.01,29.98,0.0,22,True
20.71,-3.91,1,87.32,12.68,24.78,0.11,-0.1,0.16,1,19,1.175,0.01,29.93,28.89,29.95,30.18,23 OCT 20,309.0,1.37,1.4,1.54,0.0,0,12.5,87.5,24.42,-0.02,-0.1,0.16,0,215,1.385,0.01,29.71,0.0,22,True
17.88,0.0,27,85.82,14.18,27.68,0.12,-0.1,0.17,27,29,1.37,0.01,29.49,26.89,28.16,28.36,23 OCT 20,311.0,1.55,1.58,1.75,0.0,0,13.93,86.07,27.21,-0.03,-0.11,0.17,0,634,1.565,0.01,29.21,0.0,22,True
17.59,0.0,7,84.9,15.1,29.47,0.12,-0.11,0.18,7,5,1.5,0.01,29.4,25.89,27.3,27.48,23 OCT 20,312.0,1.63,1.66,2.41,0.0,0,14.61,85.39,28.53,-0.03,-0.11,0.18,0,763,1.645,0.01,28.85,0.0,22,True
22.95,5.79,2,84.05,15.95,31.12,0.12,-0.11,0.19,2,4,1.615,0.01,29.19,24.89,26.4,26.61,23 OCT 20,313.0,1.73,1.76,2.44,0.0,0,15.4,84.6,30.06,-0.03,-0.12,0.19,0,942,1.745,0.01,28.58,0.0,22,True
15.7,-4.94,10,83.26,16.74,32.66,0.12,-0.11,0.2,10,26,1.715,0.01,28.87,23.89,25.52,25.69,23 OCT 20,314.0,1.86,1.89,2.57,0.0,0,16.34,83.66,31.89,-0.03,-0.12,0.19,0,1814,1.875,0.01,28.43,0.0,22,True
17.97,1.39,5,82.15,17.85,34.83,0.13,-0.12,0.2,5,34,1.885,0.01,28.86,22.89,24.69,24.86,23 OCT 20,315.0,1.98,2.01,2.3,0.0,0,17.24,82.76,33.65,-0.03,-0.13,0.2,0,26912,1.995,0.01,28.19,0.0,22,True
12.87,-1.04,2,80.95,19.05,37.14,0.13,-0.13,0.21,2,55,2.075,0.01,28.9,21.89,23.87,24.06,23 OCT 20,316.0,2.09,2.13,2.11,-0.42,5,18.13,81.87,35.38,-0.04,-0.13,0.21,5,1222,2.11,0.01,27.89,0.0,22,True
15.86,-0.32,2,80.15,19.85,38.71,0.13,-0.13,0.22,2,8,2.17,0.01,28.44,20.89,22.96,23.16,23 OCT 20,317.0,2.23,2.26,2.93,0.0,0,19.12,80.88,37.31,-0.04,-0.13,0.22,0,775,2.245,0.01,27.65,0.0,22,True
15.53,2.69,4,79.08,20.92,40.77,0.13,-0.13,0.23,4,44,2.325,0.01,28.23,19.89,22.13,22.3,23 OCT 20,318.0,2.37,2.4,3.24,0.0,0,20.15,79.85,39.3,-0.04,-0.14,0.22,0,1534,2.385,0.01,27.39,0.0,22,True
12.52,0.61,1,78.01,21.99,42.86,0.13,-0.14,0.24,1,85,2.48,0.01,27.98,18.89,21.28,21.46,23 OCT 20,319.0,2.52,2.55,2.5,-0.95,4,21.23,78.77,41.39,-0.04,-0.14,0.23,4,1626,2.535,0.01,27.14,0.0,22,True
11.62,2.19,19,74.7,25.3,49.27,0.13,-0.14,0.26,19,250,2.94,0.01,26.99,15.89,18.74,18.92,23 OCT 20,322.0,3.0,3.04,3.04,-0.66,68,24.7,75.3,48.11,-0.05,-0.15,0.26,68,900,3.02,0.01,26.31,0.0,22,True
9.77,2.15,4,56.13,43.87,85.04,0.11,-0.16,0.33,4,1786,5.9,0.02,23.34,3.89,9.73,9.85,23 OCT 20,334.0,5.99,6.04,7.89,0.0,0,43.69,56.31,84.73,-0.09,-0.17,0.33,0,419,6.015,0.02,22.87,0.0,22,True
6.6,1.64,1,45.91,54.09,94.94,0.09,-0.16,0.34,1,702,6.66,0.02,21.64,0.0,6.64,6.68,23 OCT 20,339.0,7.87,7.92,9.27,0.0,0,54.13,45.87,94.83,-0.12,-0.16,0.34,0,80,6.785,0.02,21.2,1.11,22,True
2.25,0.63,1,22.11,77.89,45.31,0.05,-0.11,0.26,1,2195,2.205,0.02,19.3,0.0,2.19,2.22,23 OCT 20,350.0,14.46,14.57,17.67,0.0,0,78.22,21.78,44.62,-0.17,-0.12,0.26,0,129,2.405,0.02,19.0,12.11,22,False
1.24,0.4,2,14.06,85.94,28.74,0.03,-0.08,0.2,2,4024,1.24,0.01,18.99,0.0,1.22,1.26,23 OCT 20,355.0,18.44,18.62,22.09,0.0,0,86.55,13.45,27.48,-0.19,-0.09,0.19,0,86,1.42,0.01,18.49,17.11,22,False
1.11,0.13,2,12.65,87.35,25.84,0.03,-0.07,0.19,2,684,1.085,0.01,18.88,0.0,1.07,1.1,23 OCT 20,356.0,19.3,19.55,20.64,3.21,2,87.66,12.34,25.19,-0.2,-0.08,0.18,2,4,1.315,0.01,18.62,18.11,22,False
0.1,-0.52,2,3.12,96.88,6.34,0.01,-0.03,0.07,2,5,0.235,0.0,20.44,0.0,0.23,0.24,23 OCT 20,371.0,33.29,33.67,0.0,0.0,0,98.45,1.55,3.15,-0.23,-0.03,0.04,0,0,0.37,0.0,17.61,33.11,22,False
0.09,-0.08,20,2.9,97.1,5.9,0.01,-0.03,0.06,20,21,0.22,0.0,20.68,0.0,0.21,0.23,23 OCT 20,372.0,34.27,34.68,0.0,0.0,0,98.55,1.45,2.93,-0.23,-0.02,0.03,0,0,0.365,0.0,17.88,34.11,22,False
0.12,0.0,1,2.65,97.35,5.38,0.01,-0.02,0.06,1,24,0.2,0.0,20.81,0.0,0.19,0.21,23 OCT 20,373.0,35.22,35.67,0.0,0.0,0,98.98,1.02,2.07,-0.23,-0.02,0.03,0,0,0.335,0.0,17.29,35.11,22,False
0.09,0.01,2,1.09,98.91,2.22,0.0,-0.01,0.03,2,270,0.085,0.0,23.12,0.0,0.08,0.09,23 OCT 20,385.0,47.09,47.73,0.0,0.0,0,99.63,0.37,0.74,-0.24,-0.02,0.01,0,0,0.3,0.0,19.7,47.11,22,False
0.06,0.01,2,0.81,99.19,1.65,0.0,-0.01,0.02,2,941,0.065,0.0,24.22,0.0,0.06,0.07,23 OCT 20,390.0,52.15,52.59,0.0,0.0,0,100.0,0.0,0.0,0.0,0.0,-531.1,0,0,0.26,0.0,0.04,52.11,22,False
0.02,0.0,300,0.3,99.7,0.61,0.0,-0.01,0.01,300,291,0.025,0.0,26.73,0.0,0.02,0.03,23 OCT 20,405.0,66.97,67.36,0.0,0.0,0,100.0,0.0,0.0,0.0,0.0,-681.1,0,0,0.055,0.0,0.04,67.11,22,False
0.03,-0.03,6,0.19,99.81,0.38,0.0,0.0,0.01,6,90,0.015,0.0,27.01,0.0,0.01,0.02,23 OCT 20,410.0,72.01,72.46,0.0,0.0,0,100.0,0.0,0.0,-0.26,-0.01,0.0,0,0,0.125,0.0,0.04,72.11,22,False
0.02,-0.03,10,0.17,99.83,0.35,0.0,0.0,0.01,10,174,0.015,0.0,28.49,0.0,0.01,0.02,23 OCT 20,415.0,77.12,77.53,0.0,0.0,0,100.0,0.0,0.0,-0.26,-0.01,0.0,0,0,0.215,0.0,0.04,77.11,22,False
0.01,-0.01,1,0.16,99.84,0.33,0.0,0.0,0.01,1,143,0.015,0.0,29.98,0.0,0.01,0.02,23 OCT 20,420.0,81.95,82.43,0.0,0.0,0,100.0,0.0,0.0,-0.26,-0.01,0.0,0,0,0.08,0.0,0.04,82.11,22,False
51.42,0.0,1,94.89,5.11,9.96,0.04,-0.07,0.09,1,1,0.18,0.0,41.51,57.89,57.84,58.3,26 OCT 20,280.0,0.33,0.34,0.43,0.0,0,3.21,96.79,6.29,-0.01,-0.04,0.05,0,407,0.335,0.0,36.93,0.0,25,True
37.68,0.0,2,93.12,6.88,13.43,0.07,-0.07,0.11,2,1,0.51,0.0,37.14,47.89,48.19,48.61,26 OCT 20,290.0,0.52,0.54,0.59,0.0,0,5.02,94.98,9.82,-0.01,-0.05,0.08,0,271,0.53,0.0,33.76,0.0,25,True
32.35,0.0,1,92.35,7.65,14.94,0.08,-0.07,0.12,1,1,0.605,0.0,34.3,42.89,43.27,43.72,26 OCT 20,295.0,0.68,0.7,0.71,0.0,0,6.43,93.57,12.57,-0.01,-0.06,0.1,0,669,0.69,0.0,32.36,0.0,25,True
28.66,0.0,1,90.44,9.56,18.67,0.1,-0.08,0.14,1,1,0.875,0.0,32.79,37.89,38.54,38.99,26 OCT 20,300.0,0.89,0.91,1.22,0.0,0,8.24,91.76,16.11,-0.02,-0.07,0.12,0,740,0.9,0.0,30.95,0.0,25,True
25.12,0.0,1,88.78,11.22,21.92,0.12,-0.08,0.15,1,102,1.055,0.01,30.34,32.89,33.74,34.15,26 OCT 20,305.0,1.2,1.23,1.44,0.0,0,10.77,89.23,21.05,-0.02,-0.09,0.15,0,727,1.215,0.01,29.79,0.0,25,True
26.57,4.38,2,85.49,14.51,28.32,0.13,-0.1,0.19,2,677,1.5,0.01,29.17,27.89,29.23,29.55,26 OCT 20,310.0,1.61,1.64,1.69,0.0,0,13.96,86.04,27.27,-0.03,-0.1,0.18,0,956,1.625,0.01,28.56,0.0,25,True
22.37,0.43,2,81.03,18.97,36.98,0.14,-0.12,0.23,2,434,2.16,0.01,28.35,22.89,24.92,25.18,26 OCT 20,315.0,2.14,2.19,2.48,0.0,0,17.99,82.01,35.1,-0.04,-0.12,0.22,0,2635,2.165,0.01,27.3,0.0,25,True
10.3,-3.23,6,75.4,24.6,47.9,0.15,-0.13,0.27,6,33,2.92,0.01,26.2,16.89,19.67,19.95,26 OCT 20,321.0,3.02,3.07,3.8,0.0,0,24.18,75.82,47.11,-0.06,-0.14,0.27,0,469,3.045,0.01,25.75,0.0,25,True
12.96,1.06,11,73.98,26.02,50.64,0.15,-0.13,0.28,11,96,3.17,0.01,26.2,15.89,18.94,19.18,26 OCT 20,322.0,3.2,3.24,4.05,0.0,0,25.38,74.62,49.42,-0.06,-0.14,0.28,0,182,3.22,0.01,25.49,0.0,25,True
9.38,0.92,3,54.01,45.99,89.11,0.12,-0.15,0.35,3,417,6.51,0.02,22.39,2.89,9.32,9.48,26 OCT 20,335.0,6.55,6.61,8.43,0.0,0,45.83,54.17,88.84,-0.11,-0.15,0.35,0,191,6.58,0.02,21.85,0.0,25,True
0.68,0.0,2,11.12,88.88,22.7,0.03,-0.06,0.18,2,19,0.965,0.01,18.37,0.0,0.95,0.98,26 OCT 20,358.0,20.87,21.3,0.0,0.0,0,90.74,9.26,18.87,-0.23,-0.06,0.16,0,0,0.975,0.01,16.86,20.11,25,False
0.46,0.0,1,6.9,93.1,14.06,0.02,-0.04,0.13,1,1,0.56,0.01,18.62,0.0,0.55,0.57,26 OCT 20,363.0,25.59,26.03,0.0,0.0,0,94.17,5.83,11.87,-0.24,-0.05,0.11,0,0,0.7,0.01,17.57,25.11,25,False
0.25,0.0,1,4.39,95.61,8.93,0.01,-0.03,0.09,1,2,0.345,0.01,19.2,0.0,0.34,0.35,26 OCT 20,368.0,30.4,30.84,0.0,0.0,0,96.57,3.43,6.98,-0.25,-0.04,0.07,0,0,0.51,0.01,17.97,30.11,25,False
0.24,0.0,1,4.02,95.98,8.18,0.01,-0.03,0.09,1,2,0.315,0.01,19.34,0.0,0.31,0.32,26 OCT 20,369.0,31.38,31.83,0.0,0.0,0,96.8,3.2,6.51,-0.25,-0.03,0.07,0,0,0.495,0.0,18.22,31.11,25,False
0.16,0.0,1,3.14,96.86,6.38,0.01,-0.03,0.07,1,1,0.245,0.0,19.81,0.0,0.24,0.25,26 OCT 20,372.0,34.21,34.67,0.0,0.0,0,98.87,1.13,2.3,-0.26,-0.02,0.03,0,0,0.33,0.0,16.1,34.11,25,False
0.18,0.01,3,2.89,97.11,5.87,0.01,-0.02,0.07,3,0,0.225,0.0,19.96,0.0,0.22,0.23,26 OCT 20,373.0,35.3,35.76,0.0,0.0,0,97.82,2.18,4.42,-0.26,-0.03,0.05,0,0,0.42,0.0,18.73,35.11,25,False
0.07,0.0,20,2.02,97.98,4.11,0.01,-0.02,0.05,20,20,0.16,0.0,20.95,0.0,0.15,0.17,26 OCT 20,378.0,40.13,40.55,0.0,0.0,0,100.0,0.0,0.0,0.0,0.0,-411.1,0,0,0.23,0.0,0.04,40.11,25,False
0.07,0.0,10,1.89,98.11,3.84,0.01,-0.02,0.05,10,10,0.15,0.0,21.14,0.0,0.14,0.16,26 OCT 20,379.0,41.06,41.53,0.0,0.0,0,100.0,0.0,0.0,-0.27,-0.01,0.0,0,0,0.185,0.0,0.04,41.11,25,False
0.05,-0.03,20,1.19,98.81,2.42,0.0,-0.01,0.03,20,20,0.095,0.0,22.06,0.0,0.09,0.1,26 OCT 20,385.0,47.15,47.59,0.0,0.0,0,100.0,0.0,0.0,0.0,0.0,2.67,0,0,0.26,0.0,0.04,47.11,25,False
0.06,0.0,10,1.04,98.96,2.11,0.0,-0.01,0.03,10,10,0.085,0.0,22.84,0.0,0.08,0.09,26 OCT 20,388.0,50.06,50.54,0.0,0.0,0,100.0,0.0,0.0,-0.28,-0.01,0.0,0,0,0.19,0.0,0.04,50.11,25,False
48.77,0.0,17,94.52,5.48,10.66,0.04,-0.08,0.1,17,17,0.245,0.0,44.6,62.89,62.9,63.37,28 OCT 20,275.0,0.32,0.34,0.39,0.0,0,3.02,96.98,5.91,-0.01,-0.04,0.05,0,1194,0.33,0.0,38.39,0.0,27,True
46.58,0.39,2,94.72,5.28,10.29,0.04,-0.07,0.1,2,1,0.215,0.0,40.36,57.89,57.87,58.34,28 OCT 20,280.0,0.4,0.41,0.49,0.0,0,3.7,96.3,7.23,-0.01,-0.04,0.06,0,524,0.405,0.0,36.77,0.0,27,True
36.08,-4.97,11,92.89,7.11,13.88,0.08,-0.07,0.11,11,15,0.555,0.0,36.19,47.89,48.22,48.67,28 OCT 20,290.0,0.63,0.64,0.73,0.0,0,5.69,94.31,11.12,-0.01,-0.05,0.09,0,1057,0.635,0.0,33.73,0.0,27,True
35.29,0.0,2,89.42,10.58,20.64,0.12,-0.08,0.15,2,5,1.075,0.0,32.96,37.89,38.75,39.18,28 OCT 20,300.0,1.06,1.09,1.28,0.0,0,9.24,90.76,18.04,-0.02,-0.08,0.14,0,315,1.075,0.01,31.16,0.0,27,True
18.22,-2.11,1,84.18,15.82,30.84,0.15,-0.1,0.21,1,11,1.79,0.01,29.56,27.89,29.52,29.84,28 OCT 20,310.0,1.85,1.87,2.4,0.0,0,15.07,84.93,29.39,-0.04,-0.1,0.2,0,256,1.86,0.01,28.72,0.0,27,True
21.86,-0.62,2,79.89,20.11,39.16,0.15,-0.12,0.24,2,11,2.455,0.01,28.56,22.89,25.19,25.5,28 OCT 20,315.0,2.47,2.5,2.86,0.0,0,19.3,80.7,37.61,-0.05,-0.12,0.24,0,365,2.485,0.01,27.68,0.0,27,True
12.15,3.59,3,65.19,34.81,67.59,0.15,-0.14,0.34,3,200,4.78,0.02,24.61,9.89,14.55,14.79,28 OCT 20,328.0,4.86,4.91,5.78,0.0,0,34.5,65.5,67.01,-0.09,-0.15,0.33,0,324,4.885,0.02,24.16,0.0,27,True
11.13,-0.39,1,63.55,36.45,70.73,0.15,-0.15,0.34,1,72,5.12,0.02,24.56,8.89,13.9,14.12,28 OCT 20,329.0,5.15,5.18,5.19,0.0,0,36.05,63.95,70.0,-0.09,-0.15,0.34,0,322,5.165,0.02,23.95,0.0,27,True
10.14,0.0,1,60.68,39.32,76.27,0.14,-0.14,0.35,1,15,5.53,0.02,23.57,6.89,12.27,12.57,28 OCT 20,331.0,5.72,5.79,7.34,0.0,0,39.27,60.73,76.18,-0.1,-0.15,0.35,0,153,5.755,0.02,23.48,0.0,27,True
9.83,0.96,1,53.77,46.23,89.52,0.13,-0.14,0.37,1,387,6.815,0.02,22.4,2.89,9.57,9.84,28 OCT 20,335.0,6.96,7.01,8.88,0.0,0,46.16,53.84,89.4,-0.12,-0.15,0.37,0,60,6.985,0.02,22.16,0.0,27,True
2.18,0.05,1,20.33,79.67,41.64,0.05,-0.09,0.28,1,21,2.135,0.02,18.74,0.0,2.11,2.16,28 OCT 20,352.0,16.13,16.43,0.0,0.0,0,80.7,19.3,39.5,-0.22,-0.09,0.27,0,0,2.17,0.02,17.88,14.11,27,False
1.16,-0.19,3,17.17,82.83,35.13,0.05,-0.08,0.25,3,9,1.715,0.02,18.56,0.0,1.7,1.73,28 OCT 20,354.0,17.88,18.19,30.51,0.0,2,83.1,16.9,34.56,-0.23,-0.09,0.25,2,4,1.925,0.02,18.34,16.11,27,False
1.55,0.46,1,15.81,84.19,32.33,0.04,-0.08,0.24,1,69,1.55,0.01,18.56,0.0,1.54,1.56,28 OCT 20,355.0,18.57,18.91,33.95,0.0,8,85.2,14.8,30.24,-0.23,-0.08,0.23,8,12,1.63,0.01,17.76,17.11,27,False
0.1,0.04,10,1.43,98.57,2.9,0.0,-0.01,0.04,10,50,0.12,0.0,21.96,0.0,0.11,0.13,28 OCT 20,385.0,46.96,47.37,0.0,0.0,0,100.0,0.0,0.0,0.0,0.0,2.66,0,0,0.055,0.0,0.04,47.11,27,False
0.04,0.0,1,0.57,99.43,1.15,0.0,-0.01,0.02,1,1,0.05,0.0,24.5,0.0,0.04,0.06,28 OCT 20,400.0,61.93,62.36,0.0,0.0,0,100.0,0.0,0.0,0.0,0.0,2.66,0,0,0.035,0.0,0.04,62.11,27,False
70.5,0.0,2,94.47,5.53,10.68,0.02,-0.1,0.1,2,2,0.095,0.0,58.33,82.89,82.57,83.4,30 OCT 20,255.0,0.18,0.2,0.22,0.0,0,1.68,98.32,3.29,0.0,-0.02,0.03,0,1078,0.19,0.0,44.76,0.0,29,True
64.75,5.02,2,94.9,5.1,9.89,0.03,-0.08,0.1,2,2,0.085,0.0,49.54,72.89,72.76,73.19,30 OCT 20,265.0,0.26,0.27,0.29,0.0,0,2.35,97.65,4.58,-0.01,-0.03,0.04,0,54420,0.265,0.0,41.3,0.0,29,True
57.13,3.78,1,94.66,5.34,10.36,0.04,-0.08,0.1,1,6,0.185,0.0,46.43,67.89,67.85,68.3,30 OCT 20,270.0,0.31,0.33,0.37,0.0,0,2.82,97.18,5.51,-0.01,-0.03,0.05,0,4343,0.32,0.0,39.7,0.0,29,True
55.28,-5.88,1,94.52,5.48,10.66,0.04,-0.07,0.1,1,10,0.245,0.0,43.08,62.89,62.92,63.35,30 OCT 20,275.0,0.38,0.39,0.47,0.0,0,3.39,96.61,6.62,-0.01,-0.04,0.06,0,8901,0.385,0.0,38.05,0.0,29,True
48.78,5.92,2,93.25,6.75,13.15,0.08,-0.07,0.11,2,18,0.515,0.0,38.16,52.89,53.18,53.63,30 OCT 20,285.0,0.59,0.6,0.66,0.0,0,5.13,94.87,10.02,-0.01,-0.05,0.09,0,51653,0.595,0.0,35.14,0.0,29,True
40.99,5.57,1,92.33,7.67,14.95,0.09,-0.07,0.12,1,37,0.665,0.0,35.87,47.89,48.33,48.78,30 OCT 20,290.0,0.74,0.76,0.74,-0.25,5,6.38,93.62,12.46,-0.02,-0.06,0.1,5,33294,0.75,0.0,33.75,0.0,29,True
38.89,-1.4,35,90.39,9.61,18.72,0.12,-0.08,0.15,35,38,0.99,0.0,34.78,42.89,43.28,44.48,30 OCT 20,295.0,0.96,0.98,0.97,-0.11,5,8.06,91.94,15.74,-0.02,-0.07,0.13,5,6372,0.97,0.0,32.53,0.0,29,True
35.19,4.94,1,89.18,10.82,21.1,0.13,-0.08,0.16,1,299,1.125,0.0,32.16,37.89,38.71,39.32,30 OCT 20,300.0,1.25,1.28,1.27,-0.39,6,10.23,89.77,19.96,-0.03,-0.08,0.15,6,7615,1.265,0.01,31.38,0.0,29,True
31.18,7.1,10,86.73,13.27,25.87,0.14,-0.09,0.19,10,27,1.475,0.01,30.63,32.89,34.21,34.52,30 OCT 20,305.0,1.62,1.65,2.15,0.0,0,12.88,87.12,25.11,-0.03,-0.09,0.18,0,2091,1.635,0.01,30.16,0.0,29,True
23.28,0.67,1,86.1,13.9,27.09,0.15,-0.09,0.19,1,5,1.57,0.01,30.41,31.89,33.33,33.59,30 OCT 20,306.0,1.7,1.73,2.06,0.0,0,13.45,86.55,26.22,-0.03,-0.1,0.19,0,1819,1.715,0.01,29.89,0.0,29,True
30.6,-1.47,1,85.14,14.86,28.94,0.15,-0.1,0.2,1,3,1.74,0.01,30.54,30.89,32.46,32.8,30 OCT 20,307.0,1.8,1.83,2.09,0.0,0,14.12,85.88,27.53,-0.04,-0.1,0.2,0,533,1.815,0.01,29.69,0.0,29,True
29.22,0.0,2,84.95,15.05,29.33,0.15,-0.1,0.2,2,9,1.73,0.01,29.75,29.89,31.46,31.78,30 OCT 20,308.0,1.88,1.91,2.53,0.0,0,14.71,85.29,28.68,-0.04,-0.1,0.2,0,252,1.895,0.01,29.37,0.0,29,True
27.35,-1.1,1,84.23,15.77,30.72,0.15,-0.1,0.21,1,7,1.84,0.01,29.54,28.89,30.57,30.89,30 OCT 20,309.0,2.01,2.05,2.28,0.0,0,15.55,84.45,30.29,-0.04,-0.1,0.21,0,393,2.03,0.01,29.29,0.0,29,True
26.68,6.55,3,82.58,17.42,33.93,0.16,-0.11,0.23,3,10,2.11,0.01,29.26,26.89,28.85,29.15,30 OCT 20,311.0,2.2,2.24,2.52,0.0,0,16.89,83.11,32.92,-0.04,-0.11,0.22,0,625,2.22,0.01,28.68,0.0,29,True
17.1,-14.19,20,80.9,19.1,37.18,0.16,-0.11,0.24,20,22,2.38,0.01,28.86,24.89,27.14,27.4,30 OCT 20,313.0,2.45,2.49,2.84,0.0,0,18.52,81.48,36.08,-0.05,-0.11,0.24,0,584,2.47,0.01,28.23,0.0,29,True
19.98,-1.01,10,76.15,23.85,46.38,0.17,-0.12,0.28,10,113,3.175,0.01,27.83,19.89,22.93,23.2,30 OCT 20,318.0,3.18,3.22,4.21,0.0,0,23.15,76.85,45.04,-0.06,-0.13,0.28,0,1506,3.2,0.01,27.04,0.0,29,True
17.82,3.59,5,72.11,27.89,54.2,0.17,-0.13,0.31,5,217,3.81,0.01,26.49,15.89,19.59,19.81,30 OCT 20,322.0,3.87,3.92,5.12,0.0,0,27.44,72.56,53.34,-0.07,-0.14,0.31,0,953,3.895,0.01,25.96,0.0,29,True
13.0,2.44,4,60.01,39.99,77.51,0.15,-0.14,0.37,4,510,5.985,0.02,24.01,6.89,12.77,12.98,30 OCT 20,331.0,6.12,6.16,7.12,0.0,0,39.85,60.15,77.24,-0.11,-0.15,0.37,0,3224,6.14,0.02,23.73,0.0,29,False
11.45,2.11,1,56.74,43.26,83.76,0.15,-0.14,0.38,1,756,6.675,0.02,23.63,4.89,11.5,11.63,30 OCT 20,333.0,6.74,6.75,8.42,0.0,0,43.06,56.94,83.4,-0.12,-0.15,0.37,0,934,6.745,0.02,23.13,0.0,29,False
9.56,1.97,1,51.64,48.36,93.52,0.14,-0.14,0.38,1,905,7.735,0.02,22.81,1.89,9.55,9.7,30 OCT 20,336.0,7.78,7.83,9.9,0.0,0,48.27,51.73,93.37,-0.13,-0.15,0.38,0,276,7.805,0.02,22.32,0.0,29,False
8.92,1.25,1,49.86,50.14,96.91,0.13,-0.14,0.39,1,953,8.095,0.02,22.47,0.89,8.88,9.09,30 OCT 20,337.0,8.11,8.17,9.39,0.0,0,50.08,49.92,96.82,-0.14,-0.15,0.39,0,335,8.14,0.02,21.91,0.0,29,False
4.81,1.2,8,34.47,65.53,71.01,0.1,-0.12,0.36,8,1240,4.795,0.02,20.36,0.0,4.77,4.82,30 OCT 20,345.0,11.83,12.0,14.03,0.0,0,65.98,34.02,70.05,-0.19,-0.13,0.36,0,187,4.805,0.02,19.66,7.11,29,False
2.95,0.79,44,24.82,75.18,50.94,0.07,-0.1,0.32,44,2554,2.935,0.02,19.25,0.0,2.92,2.95,30 OCT 20,350.0,14.98,15.19,16.53,0.0,0,75.93,24.07,49.35,-0.22,-0.1,0.31,0,181,2.975,0.02,18.54,12.11,29,False
1.04,0.28,13,10.9,89.1,22.25,0.03,-0.06,0.19,13,5432,1.03,0.01,18.58,0.0,1.02,1.04,30 OCT 20,360.0,23.02,23.45,32.86,1.76,2,90.21,9.79,19.98,-0.27,-0.06,-242.35,2,808,1.125,0.01,17.66,22.11,29,False
0.68,0.13,2,7.75,92.25,15.79,0.02,-0.05,0.15,2,302,0.7,0.01,18.81,0.0,0.69,0.71,30 OCT 20,364.0,26.76,27.21,0.0,0.0,0,92.91,7.09,14.45,-0.28,-0.05,0.14,0,0,0.875,0.01,18.19,26.11,29,False
0.19,-0.02,11,2.29,97.71,4.67,0.01,-0.02,0.06,11,2155,0.2,0.0,20.98,0.0,0.19,0.21,30 OCT 20,380.0,42.24,42.7,48.21,-9.66,1,98.7,1.3,2.64,-0.31,-0.02,0.04,1,3,0.36,0.0,18.75,42.11,29,False
0.03,0.01,172,0.25,99.75,0.51,0.0,0.0,0.01,172,183,0.025,0.0,27.51,0.0,0.02,0.03,30 OCT 20,420.0,82.13,82.56,0.0,0.0,0,100.0,0.0,0.0,0.0,0.0,2.66,0,0,0.235,0.0,0.04,82.11,29,False
