Strike,BID,ASK,LAST,Net Chng,Volume,Prob.ITM,Prob.OTM,Prob.Touch,Rho,Theta,Vega,Open.Int,Extrinsic,Gamma,Impl Vol,Intrinsic,expire_days,expire_price,target
170.0,0.0,0.01,0.01,0.0,1,0.06,99.94,0.11,0.0,0.0,0.0,72,0.005,0.0,275.02,0.0,1,331.19,0
175.0,0.0,0.01,0.01,-0.02,20,0.06,99.94,0.11,0.0,0.0,0.0,635,0.005,0.0,263.88,0.0,1,331.19,0
180.0,0.0,0.01,0.01,0.0,10,0.06,99.94,0.11,0.0,0.0,0.0,4524,0.005,0.0,253.04,0.0,1,331.19,0
185.0,0.0,0.01,0.01,0.0,200,0.06,99.94,0.12,0.0,0.0,0.0,543,0.005,0.0,242.49,0.0,1,331.19,0
190.0,0.0,0.01,0.01,0.0,21,0.06,99.94,0.12,0.0,0.0,0.0,526,0.005,0.0,232.21,0.0,1,331.19,0
195.0,0.0,0.01,0.01,-0.13,100,0.06,99.94,0.12,0.0,0.0,0.0,158,0.005,0.0,222.19,0.0,1,331.19,0
200.0,0.0,0.01,0.02,0.01,112,0.06,99.94,0.12,0.0,0.0,0.0,378,0.005,0.0,212.41,0.0,1,331.19,0
205.0,0.0,0.01,0.01,0.0,2,0.06,99.94,0.12,0.0,0.0,0.0,427,0.005,0.0,202.86,0.0,1,331.19,0
210.0,0.0,0.01,0.01,-0.01,1,0.06,99.94,0.13,0.0,0.0,0.0,350,0.005,0.0,193.52,0.0,1,331.19,0
215.0,0.0,0.01,0.01,-0.01,25,0.07,99.93,0.13,0.0,0.0,0.0,456,0.005,0.0,184.39,0.0,1,331.19,0
220.0,0.0,0.01,0.01,0.0,1,0.07,99.93,0.13,0.0,0.0,0.0,434,0.005,0.0,175.46,0.0,1,331.19,0
225.0,0.0,0.01,0.01,0.0,21,0.07,99.93,0.14,0.0,0.0,0.0,3112,0.005,0.0,166.71,0.0,1,331.19,0
230.0,0.0,0.01,0.01,-0.03,52,0.07,99.93,0.14,0.0,0.0,0.0,337,0.005,0.0,158.13,0.0,1,331.19,0
235.0,0.0,0.01,0.01,0.0,93,0.07,99.93,0.14,0.0,0.0,0.0,1035,0.005,0.0,149.72,0.0,1,331.19,0
240.0,0.0,0.01,0.01,0.0,2,0.08,99.92,0.15,0.0,0.0,0.0,463,0.005,0.0,141.47,0.0,1,331.19,0
245.0,0.0,0.01,0.02,0.0,22,0.08,99.92,0.15,0.0,0.0,0.0,344,0.005,0.0,133.37,0.0,1,331.19,0
250.0,0.0,0.01,0.02,-0.01,644,0.08,99.92,0.16,0.0,0.0,0.0,21360,0.005,0.0,125.4,0.0,1,331.19,0
255.0,0.0,0.01,0.01,-0.02,1,0.08,99.92,0.17,0.0,0.0,0.0,448,0.005,0.0,117.58,0.0,1,331.19,0
265.0,0.0,0.01,0.04,-0.02,29,0.09,99.91,0.18,0.0,0.0,0.0,579,0.005,0.0,102.29,0.0,1,331.19,0
286.0,0.0,0.01,0.03,-0.08,29,0.12,99.88,0.24,0.0,0.0,0.0,31,0.005,0.0,71.58,0.0,1,331.19,0
287.0,0.0,0.01,0.03,-0.05,51,0.12,99.88,0.24,0.0,0.0,0.0,171,0.005,0.0,70.15,0.0,1,331.19,0
290.0,0.0,0.01,0.01,0.0,4,0.13,99.87,0.25,0.0,0.0,0.0,22938,0.005,0.0,65.9,0.0,1,331.19,0
294.0,0.0,0.01,0.01,0.0,1,0.14,99.86,0.27,0.0,0.0,0.0,467,0.005,0.0,60.28,0.0,1,331.19,0
295.0,0.0,0.01,0.01,0.0,10,0.14,99.86,0.27,0.0,0.0,0.0,3695,0.005,0.0,58.88,0.0,1,331.19,0
299.0,0.0,0.01,0.01,-0.01,1,0.15,99.85,0.3,0.0,0.0,0.0,603,0.005,0.0,53.3,0.0,1,331.19,0
300.0,0.0,0.01,0.01,-0.01,8,0.15,99.85,0.3,0.0,0.0,0.0,39819,0.005,0.0,51.91,0.0,1,331.19,0
303.0,0.0,0.01,0.01,-0.01,501,0.16,99.84,0.32,0.0,0.0,0.0,6106,0.005,0.0,47.76,0.0,1,331.19,0
304.0,0.0,0.01,0.01,-0.02,421,0.17,99.83,0.33,0.0,0.0,0.0,7588,0.005,0.0,46.38,0.0,1,331.19,0
305.0,0.0,0.01,0.02,-0.01,264,0.17,99.83,0.34,0.0,0.0,0.0,9457,0.005,0.0,45.0,0.0,1,331.19,0
306.0,0.0,0.01,0.01,-0.02,27,0.18,99.82,0.35,0.0,0.0,0.0,1658,0.005,0.0,43.62,0.0,1,331.19,0
307.0,0.0,0.01,0.01,-0.02,159,0.18,99.82,0.36,0.0,0.0,0.0,2667,0.005,0.0,42.24,0.0,1,331.19,0
308.0,0.0,0.01,0.01,-0.03,257,0.19,99.81,0.37,0.0,0.0,0.0,1790,0.005,0.0,40.87,0.0,1,331.19,0
309.0,0.0,0.01,0.02,-0.02,487,0.19,99.81,0.38,0.0,0.0,0.0,2803,0.005,0.0,39.49,0.0,1,331.19,0
310.0,0.0,0.01,0.01,-0.04,4231,0.2,99.8,0.39,0.0,0.0,0.0,22905,0.005,0.0,38.12,0.0,1,331.19,0
311.0,0.0,0.01,0.01,-0.05,4754,0.2,99.8,0.4,0.0,0.0,0.0,3575,0.005,0.0,36.74,0.0,1,331.19,0
312.0,0.0,0.01,0.04,-0.02,258,0.21,99.79,0.41,0.0,0.0,0.0,9906,0.005,0.0,35.37,0.0,1,331.19,0
313.0,0.0,0.01,0.01,-0.07,485,0.22,99.78,0.43,0.0,0.0,0.0,5924,0.005,0.0,33.99,0.0,1,331.19,0
314.0,0.01,0.02,0.01,-0.06,1185,0.56,99.44,1.11,0.0,-0.01,0.0,3922,0.015,0.0,36.54,0.0,1,331.19,0
315.0,0.01,0.02,0.02,-0.07,1178,0.59,99.41,1.15,0.0,-0.02,0.0,30408,0.015,0.0,35.04,0.0,1,331.19,0
316.0,0.01,0.02,0.01,-0.1,430,0.61,99.39,1.2,0.0,-0.02,0.0,4085,0.015,0.0,33.54,0.0,1,331.19,0
317.0,0.01,0.02,0.01,-0.12,536,0.64,99.36,1.25,0.0,-0.02,0.0,6201,0.015,0.0,32.04,0.0,1,331.19,0
318.0,0.01,0.02,0.02,-0.14,1877,0.66,99.34,1.3,0.0,-0.02,0.0,6729,0.015,0.0,30.53,0.0,1,331.19,0
319.0,0.02,0.03,0.03,-0.15,2239,1.02,98.98,2.0,0.0,-0.02,0.01,4891,0.025,0.0,30.78,0.0,1,331.19,0
320.0,0.02,0.03,0.03,-0.21,6748,1.07,98.93,2.09,0.0,-0.02,0.01,31813,0.025,0.0,29.19,0.0,1,331.19,0
321.0,0.03,0.04,0.03,-0.26,2145,1.46,98.54,2.84,0.0,-0.03,0.01,5383,0.035,0.0,28.86,0.0,1,331.19,0
322.0,0.03,0.04,0.03,-0.32,3659,1.53,98.47,2.99,0.0,-0.03,0.01,6362,0.035,0.01,27.19,0.0,1,331.19,0
323.0,0.04,0.05,0.04,-0.39,3740,1.96,98.04,3.81,0.0,-0.04,0.01,14265,0.045,0.01,26.47,0.0,1,331.19,0
324.0,0.05,0.06,0.05,-0.47,11185,2.39,97.61,4.66,0.0,-0.05,0.01,9398,0.055,0.01,25.5,0.0,1,331.19,0
325.0,0.07,0.08,0.06,-0.54,17763,3.2,96.8,6.22,0.0,-0.07,0.02,40861,0.075,0.01,25.0,0.0,1,331.19,0
326.0,0.08,0.09,0.08,-0.67,19581,3.74,96.26,7.25,0.0,-0.08,0.02,7231,0.085,0.01,23.67,0.0,1,331.19,0
327.0,0.11,0.13,0.11,-0.8,13108,5.11,94.89,9.91,0.0,-0.11,0.03,10839,0.12,0.02,23.29,0.0,1,331.19,0
328.0,0.15,0.16,0.15,-0.96,13578,6.55,93.45,12.65,0.0,-0.14,0.03,12221,0.155,0.02,22.47,0.0,1,331.19,0
329.0,0.21,0.22,0.19,-1.11,20683,8.76,91.24,16.89,0.0,-0.18,0.04,20693,0.215,0.03,22.0,0.0,1,331.19,0
330.0,0.29,0.3,0.3,-1.25,55555,11.59,88.41,22.28,0.0,-0.24,0.05,37760,0.295,0.04,21.52,0.0,1,331.19,0
331.0,0.39,0.41,0.39,-1.46,28284,15.11,84.89,28.96,0.0,-0.3,0.06,10133,0.4,0.04,20.99,0.0,1,331.19,0
332.0,0.53,0.55,0.55,-1.63,26593,19.51,80.49,37.26,0.0,-0.37,0.07,7304,0.54,0.05,20.47,0.0,1,331.19,1
333.0,0.71,0.73,0.72,-1.76,38504,24.84,75.16,47.22,0.0,-0.45,0.08,16047,0.72,0.06,19.91,0.0,1,331.19,1
334.0,0.95,0.98,0.98,-2.0,30740,31.32,68.68,59.26,-0.01,-0.52,0.09,8478,0.965,0.07,19.48,0.0,1,331.19,1
335.0,1.25,1.28,1.27,-2.16,70251,38.68,61.32,72.73,-0.01,-0.58,0.09,9665,1.265,0.08,18.95,0.0,1,331.19,1
336.0,1.62,1.66,1.65,-2.37,62819,46.9,53.1,87.56,-0.01,-0.62,0.1,8250,1.64,0.09,18.41,0.0,1,331.19,1
170.0,0.0,0.01,0.01,0.0,5000,0.06,99.94,0.11,0.0,0.0,0.0,12433,0.005,0.0,174.0,0.0,4,336.01,0
180.0,0.0,0.01,0.01,-0.03,1,0.06,99.94,0.11,0.0,0.0,0.0,29,0.005,0.0,160.09,0.0,4,336.01,0
185.0,0.0,0.01,0.14,0.07,1,0.06,99.94,0.12,0.0,0.0,0.0,3,0.005,0.0,153.42,0.0,4,336.01,0
190.0,0.0,0.01,0.01,0.0,301,0.06,99.94,0.12,0.0,0.0,0.0,311,0.005,0.0,146.92,0.0,4,336.01,0
195.0,0.0,0.01,0.01,0.0,5,0.06,99.94,0.12,0.0,0.0,0.0,302,0.005,0.0,140.58,0.0,4,336.01,0
200.0,0.0,0.01,0.01,0.0,3,0.06,99.94,0.12,0.0,0.0,0.0,446,0.005,0.0,134.4,0.0,4,336.01,0
205.0,0.0,0.01,0.02,0.0,100,0.06,99.94,0.12,0.0,0.0,0.0,332,0.005,0.0,128.36,0.0,4,336.01,0
210.0,0.0,0.01,0.01,-0.02,11,0.06,99.94,0.13,0.0,0.0,0.0,27,0.005,0.0,122.46,0.0,4,336.01,0
215.0,0.0,0.01,0.02,-0.01,50,0.07,99.93,0.13,0.0,0.0,0.0,103,0.005,0.0,116.68,0.0,4,336.01,0
220.0,0.0,0.01,0.01,-0.01,101,0.07,99.93,0.13,0.0,0.0,0.0,213,0.005,0.0,111.03,0.0,4,336.01,0
225.0,0.0,0.01,0.02,0.01,20,0.07,99.93,0.14,0.0,0.0,0.0,1052,0.005,0.0,105.5,0.0,4,336.01,0
230.0,0.0,0.01,0.02,-0.03,50,0.07,99.93,0.14,0.0,0.0,0.0,474,0.005,0.0,100.07,0.0,4,336.01,0
235.0,0.0,0.01,0.02,-0.01,20,0.07,99.93,0.14,0.0,0.0,0.0,879,0.005,0.0,94.75,0.0,4,336.01,0
240.0,0.0,0.01,0.01,-0.02,4,0.08,99.92,0.15,0.0,0.0,0.0,95,0.005,0.0,89.53,0.0,4,336.01,0
245.0,0.0,0.01,0.01,0.0,400,0.08,99.92,0.15,0.0,0.0,0.0,686,0.005,0.0,84.41,0.0,4,336.01,0
250.0,0.0,0.01,0.04,-0.02,1,0.08,99.92,0.16,0.0,0.0,0.0,108,0.005,0.0,79.37,0.0,4,336.01,0
255.0,0.0,0.01,0.01,0.0,75,0.08,99.92,0.17,0.0,0.0,0.0,1037,0.005,0.0,74.42,0.0,4,336.01,0
265.0,0.0,0.01,0.02,0.01,16,0.09,99.91,0.18,0.0,0.0,0.0,919,0.005,0.0,64.76,0.0,4,336.01,0
275.0,0.0,0.01,0.01,0.0,10,0.1,99.9,0.2,0.0,0.0,0.0,1966,0.005,0.0,55.37,0.0,4,336.01,0
285.0,0.0,0.01,0.03,0.0,1,0.12,99.88,0.23,0.0,0.0,0.0,933,0.005,0.0,46.24,0.0,4,336.01,0
290.0,0.0,0.01,0.01,-0.01,5,0.13,99.87,0.25,0.0,0.0,0.0,678,0.005,0.0,41.75,0.0,4,336.01,0
293.0,0.0,0.01,0.02,0.0,1,0.13,99.87,0.26,0.0,0.0,0.0,131,0.005,0.0,39.08,0.0,4,336.01,0
295.0,0.0,0.01,0.01,-0.02,25,0.14,99.86,0.27,0.0,0.0,0.0,1212,0.005,0.0,37.3,0.0,4,336.01,0
296.0,0.0,0.01,0.01,-0.02,1,0.14,99.86,0.28,0.0,0.0,0.0,136,0.005,0.0,36.42,0.0,4,336.01,0
297.0,0.0,0.01,0.01,-0.01,1,0.14,99.86,0.28,0.0,0.0,0.0,105,0.005,0.0,35.54,0.0,4,336.01,0
300.0,0.0,0.01,0.02,-0.02,8,0.15,99.85,0.3,0.0,0.0,0.0,2130,0.005,0.0,32.9,0.0,4,336.01,0
301.0,0.0,0.01,0.01,-0.03,4,0.16,99.84,0.31,0.0,0.0,0.0,2577,0.005,0.0,32.02,0.0,4,336.01,0
302.0,0.0,0.01,0.02,-0.03,5,0.16,99.84,0.32,0.0,0.0,0.0,624,0.005,0.0,31.15,0.0,4,336.01,0
303.0,0.01,0.02,0.02,-0.03,30,0.42,99.58,0.82,0.0,-0.01,0.0,458,0.015,0.0,33.69,0.0,4,336.01,0
304.0,0.01,0.02,0.03,-0.02,12,0.43,99.57,0.85,0.0,-0.01,0.0,496,0.015,0.0,32.76,0.0,4,336.01,0
305.0,0.01,0.02,0.01,-0.03,17,0.42,99.58,0.84,0.0,-0.01,0.0,1429,0.015,0.0,31.66,0.0,4,336.01,0
306.0,0.01,0.02,0.01,-0.04,5,0.43,99.57,0.85,0.0,-0.01,0.0,118,0.015,0.0,30.69,0.0,4,336.01,0
307.0,0.01,0.02,0.02,-0.06,43,0.44,99.56,0.87,0.0,-0.01,0.0,350,0.015,0.0,29.72,0.0,4,336.01,0
308.0,0.01,0.02,0.02,-0.04,366,0.46,99.54,0.92,0.0,-0.01,0.0,539,0.015,0.0,28.86,0.0,4,336.01,0
309.0,0.01,0.02,0.03,-0.05,113,0.48,99.52,0.94,0.0,-0.01,0.01,5184,0.015,0.0,27.91,0.0,4,336.01,0
310.0,0.02,0.03,0.02,-0.09,332,0.73,99.27,1.45,0.0,-0.02,0.01,10324,0.025,0.0,28.51,0.0,4,336.01,0
311.0,0.02,0.03,0.03,-0.06,325,0.75,99.25,1.49,0.0,-0.02,0.01,916,0.025,0.0,27.5,0.0,4,336.01,0
312.0,0.03,0.04,0.03,-0.09,55,1.02,98.98,2.01,0.0,-0.02,0.01,2661,0.035,0.0,27.65,0.0,4,336.01,0
313.0,0.03,0.04,0.03,-0.11,117,1.05,98.95,2.08,0.0,-0.02,0.01,452,0.035,0.0,26.62,0.0,4,336.01,0
314.0,0.03,0.04,0.05,-0.12,14,1.09,98.91,2.14,0.0,-0.02,0.01,771,0.035,0.0,25.58,0.0,4,336.01,0
315.0,0.04,0.05,0.05,-0.15,210,1.37,98.63,2.7,0.0,-0.03,0.01,1990,0.045,0.0,25.39,0.0,4,336.01,0
316.0,0.05,0.06,0.05,-0.17,69,1.66,98.34,3.27,0.0,-0.03,0.02,1454,0.055,0.0,25.03,0.0,4,336.01,0
317.0,0.06,0.07,0.05,-0.22,133,1.96,98.04,3.85,0.0,-0.04,0.02,1105,0.065,0.0,24.54,0.0,4,336.01,0
318.0,0.07,0.08,0.06,-0.26,1866,2.29,97.71,4.49,0.0,-0.04,0.02,2786,0.075,0.01,23.99,0.0,4,336.01,0
319.0,0.08,0.1,0.07,-0.31,1296,2.71,97.29,5.33,0.0,-0.05,0.02,4982,0.09,0.01,23.51,0.0,4,336.01,0
320.0,0.1,0.12,0.1,-0.34,2127,3.27,96.73,6.42,0.0,-0.06,0.03,3877,0.11,0.01,23.12,0.0,4,336.01,0
321.0,0.13,0.14,0.13,-0.37,277,3.96,96.04,7.77,0.0,-0.07,0.03,997,0.135,0.01,22.75,0.0,4,336.01,0
322.0,0.16,0.17,0.16,-0.45,2073,4.77,95.23,9.35,0.0,-0.08,0.04,10405,0.165,0.01,22.36,0.0,4,336.01,0
323.0,0.19,0.21,0.18,-0.56,1143,5.71,94.29,11.18,0.0,-0.09,0.04,1300,0.2,0.01,21.93,0.0,4,336.01,0
324.0,0.24,0.26,0.24,-0.59,891,6.96,93.04,13.62,0.0,-0.1,0.05,1392,0.25,0.02,21.65,0.0,4,336.01,0
325.0,0.3,0.32,0.28,-0.75,8560,8.43,91.57,16.48,0.0,-0.12,0.06,12219,0.31,0.02,21.34,0.0,4,336.01,0
326.0,0.37,0.39,0.33,-0.85,2745,10.11,89.89,19.75,0.0,-0.14,0.07,10857,0.38,0.02,20.99,0.0,4,336.01,0
327.0,0.46,0.47,0.42,-0.94,1630,12.08,87.92,23.56,-0.01,-0.16,0.08,1657,0.465,0.02,20.63,0.0,4,336.01,0
328.0,0.56,0.58,0.55,-1.07,5725,14.42,85.58,28.09,-0.01,-0.18,0.09,13408,0.57,0.03,20.3,0.0,4,336.01,0
329.0,0.68,0.71,0.65,-1.2,1303,17.09,82.91,33.26,-0.01,-0.2,0.1,2502,0.695,0.03,19.95,0.0,4,336.01,0
330.0,0.83,0.86,0.85,-1.28,11444,20.17,79.83,39.19,-0.01,-0.23,0.11,4417,0.845,0.04,19.6,0.0,4,336.01,0
331.0,1.01,1.04,1.0,-1.45,2075,23.69,76.31,45.94,-0.01,-0.25,0.12,1715,1.025,0.04,19.26,0.0,4,336.01,0
332.0,1.22,1.25,1.17,-1.63,4342,27.61,72.39,53.45,-0.01,-0.27,0.13,1754,1.235,0.04,18.89,0.0,4,336.01,0
333.0,1.47,1.5,1.45,-1.74,15800,32.01,67.99,61.83,-0.01,-0.29,0.14,2227,1.485,0.05,18.54,0.0,4,336.01,0
334.0,1.76,1.8,1.73,-1.83,4358,36.85,63.15,71.02,-0.02,-0.3,0.15,3450,1.78,0.05,18.2,0.0,4,336.01,0
335.0,2.09,2.13,2.1,-1.99,7318,42.05,57.95,80.82,-0.02,-0.31,0.15,1905,2.11,0.06,17.77,0.0,4,336.01,0
336.0,2.48,2.52,2.49,-2.21,8172,47.65,52.35,91.3,-0.02,-0.32,0.16,1434,2.5,0.06,17.4,0.0,4,336.01,0
175.0,0.0,0.01,0.01,0.0,1,0.06,99.94,0.11,0.0,0.0,0.0,2322,0.005,0.0,141.11,0.0,6,338.09,0
180.0,0.0,0.01,0.01,0.0,50,0.06,99.94,0.11,0.0,0.0,0.0,2072,0.005,0.0,135.32,0.0,6,338.09,0
185.0,0.0,0.01,0.02,-0.06,100,0.06,99.94,0.12,0.0,0.0,0.0,200,0.005,0.0,129.68,0.0,6,338.09,0
190.0,0.0,0.01,0.01,0.0,10,0.06,99.94,0.12,0.0,0.0,0.0,1760,0.005,0.0,124.19,0.0,6,338.09,0
195.0,0.0,0.01,0.02,-0.01,11,0.06,99.94,0.12,0.0,0.0,0.0,280,0.005,0.0,118.83,0.0,6,338.09,0
200.0,0.0,0.01,0.02,-0.01,50,0.06,99.94,0.12,0.0,0.0,0.0,64,0.005,0.0,113.6,0.0,6,338.09,0
205.0,0.0,0.01,0.02,0.0,60,0.06,99.94,0.12,0.0,0.0,0.0,205,0.005,0.0,108.5,0.0,6,338.09,0
210.0,0.0,0.01,0.02,0.01,50,0.06,99.94,0.13,0.0,0.0,0.0,95,0.005,0.0,103.51,0.0,6,338.09,0
215.0,0.0,0.01,0.02,0.0,50,0.07,99.93,0.13,0.0,0.0,0.0,173,0.005,0.0,98.63,0.0,6,338.09,0
220.0,0.0,0.01,0.01,-0.25,41,0.07,99.93,0.13,0.0,0.0,0.0,99,0.005,0.0,93.85,0.0,6,338.09,0
225.0,0.0,0.01,0.01,-0.01,1,0.07,99.93,0.14,0.0,0.0,0.0,109,0.005,0.0,89.17,0.0,6,338.09,0
230.0,0.0,0.01,0.01,-0.06,1,0.07,99.93,0.14,0.0,0.0,0.0,219,0.005,0.0,84.59,0.0,6,338.09,0
235.0,0.0,0.01,0.05,0.0,2,0.07,99.93,0.14,0.0,0.0,0.0,556,0.005,0.0,80.1,0.0,6,338.09,0
240.0,0.0,0.01,0.02,0.0,8,0.08,99.92,0.15,0.0,0.0,0.0,433,0.005,0.0,75.69,0.0,6,338.09,0
255.0,0.0,0.01,0.03,-0.03,1,0.08,99.92,0.17,0.0,0.0,0.0,4144,0.005,0.0,62.91,0.0,6,338.09,0
260.0,0.0,0.01,0.03,-0.01,1,0.09,99.91,0.17,0.0,0.0,0.0,543,0.005,0.0,58.8,0.0,6,338.09,0
265.0,0.0,0.01,0.01,-0.13,10,0.09,99.91,0.18,0.0,0.0,0.0,268,0.005,0.0,54.75,0.0,6,338.09,0
270.0,0.0,0.01,0.01,-0.01,140,0.1,99.9,0.19,0.0,0.0,0.0,470,0.005,0.0,50.75,0.0,6,338.09,0
275.0,0.0,0.01,0.01,-0.03,40,0.1,99.9,0.2,0.0,0.0,0.0,1189,0.005,0.0,46.81,0.0,6,338.09,0
280.0,0.01,0.02,0.01,-0.02,7,0.28,99.72,0.55,0.0,-0.01,0.0,786,0.015,0.0,47.38,0.0,6,338.09,0
285.0,0.01,0.02,0.01,-0.02,3,0.3,99.7,0.59,0.0,-0.01,0.0,310,0.015,0.0,43.15,0.0,6,338.09,0
290.0,0.01,0.02,0.01,-0.03,10,0.32,99.68,0.62,0.0,-0.01,0.0,872,0.015,0.0,38.95,0.0,6,338.09,0
295.0,0.02,0.03,0.02,-0.05,41,0.53,99.47,1.05,0.0,-0.01,0.01,1123,0.025,0.0,36.84,0.0,6,338.09,0
298.0,0.02,0.03,0.02,-0.06,60,0.57,99.43,1.12,0.0,-0.01,0.01,589,0.025,0.0,34.35,0.0,6,338.09,0
299.0,0.02,0.03,0.06,-0.04,6,0.57,99.43,1.12,0.0,-0.01,0.01,450,0.025,0.0,33.4,0.0,6,338.09,0
300.0,0.02,0.03,0.03,-0.07,231,0.58,99.42,1.14,0.0,-0.01,0.01,1024,0.025,0.0,32.53,0.0,6,338.09,0
301.0,0.03,0.04,0.05,-0.06,3,0.78,99.22,1.53,0.0,-0.02,0.01,209,0.035,0.0,32.96,0.0,6,338.09,0
302.0,0.03,0.04,0.04,-0.08,55,0.79,99.21,1.56,0.0,-0.02,0.01,350,0.035,0.0,32.08,0.0,6,338.09,0
303.0,0.03,0.04,0.06,-0.05,30,0.82,99.18,1.61,0.0,-0.02,0.01,514,0.035,0.0,31.25,0.0,6,338.09,0
304.0,0.03,0.05,0.05,-0.1,5,0.93,99.07,1.83,0.0,-0.02,0.01,1036,0.04,0.0,30.88,0.0,6,338.09,0
305.0,0.04,0.05,0.04,-0.14,18,1.04,98.96,2.05,0.0,-0.02,0.01,413,0.045,0.0,30.44,0.0,6,338.09,0
306.0,0.04,0.06,0.05,-0.12,11,1.16,98.84,2.29,0.0,-0.02,0.01,385,0.05,0.0,29.95,0.0,6,338.09,0
307.0,0.05,0.06,0.07,-0.09,21,1.28,98.72,2.52,0.0,-0.03,0.01,311,0.055,0.0,29.42,0.0,6,338.09,0
308.0,0.06,0.07,0.07,-0.12,131,1.49,98.51,2.94,0.0,-0.03,0.02,645,0.065,0.0,29.16,0.0,6,338.09,0
309.0,0.07,0.08,0.09,-0.11,49,1.71,98.29,3.37,0.0,-0.03,0.02,432,0.075,0.0,28.81,0.0,6,338.09,0
310.0,0.08,0.09,0.09,-0.16,298,1.93,98.07,3.81,0.0,-0.04,0.02,1719,0.085,0.0,28.38,0.0,6,338.09,0
311.0,0.09,0.1,0.08,-0.11,26,2.16,97.84,4.26,0.0,-0.04,0.02,906,0.095,0.0,27.89,0.0,6,338.09,0
312.0,0.11,0.12,0.13,-0.18,36,2.57,97.43,5.05,0.0,-0.05,0.03,840,0.115,0.0,27.74,0.0,6,338.09,0
313.0,0.12,0.13,0.12,-0.33,87,2.81,97.19,5.53,0.0,-0.05,0.03,562,0.125,0.0,27.11,0.0,6,338.09,0
314.0,0.14,0.15,0.19,-0.21,65,3.23,96.77,6.35,0.0,-0.06,0.03,581,0.145,0.01,26.77,0.0,6,338.09,0
315.0,0.17,0.18,0.17,-0.27,246,3.81,96.19,7.5,0.0,-0.06,0.04,1864,0.175,0.01,26.62,0.0,6,338.09,0
316.0,0.2,0.21,0.18,-0.31,160,4.4,95.6,8.66,0.0,-0.07,0.04,746,0.205,0.01,26.33,0.0,6,338.09,0
317.0,0.23,0.24,0.23,-0.37,102,5.01,94.99,9.84,0.0,-0.08,0.05,779,0.235,0.01,25.94,0.0,6,338.09,0
318.0,0.27,0.28,0.3,-0.35,215,5.77,94.23,11.33,0.0,-0.09,0.05,1882,0.275,0.01,25.65,0.0,6,338.09,0
319.0,0.32,0.33,0.31,-0.29,376,6.69,93.31,13.13,0.0,-0.1,0.06,1371,0.325,0.01,25.43,0.0,6,338.09,0
320.0,0.37,0.39,0.39,-0.48,1013,7.69,92.31,15.08,0.0,-0.11,0.06,2055,0.38,0.01,25.15,0.0,6,338.09,0
321.0,0.44,0.45,0.42,-0.55,565,8.83,91.17,17.32,-0.01,-0.12,0.07,1077,0.445,0.01,24.89,0.0,6,338.09,0
322.0,0.51,0.53,0.51,-0.54,287,10.12,89.88,19.84,-0.01,-0.14,0.08,1113,0.52,0.01,24.63,0.0,6,338.09,0
323.0,0.59,0.61,0.61,-0.65,204,11.5,88.5,22.52,-0.01,-0.15,0.09,2171,0.6,0.02,24.29,0.0,6,338.09,0
324.0,0.69,0.71,0.64,-0.7,272,13.12,86.88,25.69,-0.01,-0.17,0.1,1208,0.7,0.02,24.04,0.0,6,338.09,0
325.0,0.8,0.82,0.77,-0.85,690,14.88,85.12,29.12,-0.01,-0.18,0.1,1862,0.81,0.02,23.74,0.0,6,338.09,0
326.0,0.93,0.95,0.91,-0.86,467,16.88,83.12,33.0,-0.01,-0.2,0.11,1596,0.94,0.02,23.48,0.0,6,338.09,0
327.0,1.07,1.09,0.99,-0.94,1940,19.01,80.99,37.14,-0.01,-0.21,0.12,3183,1.08,0.02,23.15,0.0,6,338.09,0
328.0,1.24,1.26,1.25,-1.12,424,21.44,78.56,41.85,-0.01,-0.23,0.13,962,1.25,0.03,22.89,0.0,6,338.09,0
329.0,1.42,1.44,1.33,-1.29,332,24.0,76.0,46.81,-0.02,-0.24,0.14,434,1.43,0.03,22.55,0.0,6,338.09,0
330.0,1.63,1.65,1.63,-1.27,4786,26.84,73.16,52.29,-0.02,-0.26,0.15,3555,1.64,0.03,22.25,0.0,6,338.09,0
331.0,1.86,1.89,1.78,-1.51,1267,29.9,70.1,58.18,-0.02,-0.27,0.16,1122,1.875,0.03,21.94,0.0,6,338.09,0
332.0,2.11,2.14,1.99,-1.63,782,33.13,66.87,64.38,-0.02,-0.28,0.17,1187,2.125,0.04,21.54,0.0,6,338.09,0
333.0,2.4,2.43,2.43,-1.6,1572,36.64,63.36,71.11,-0.02,-0.29,0.17,1557,2.415,0.04,21.19,0.0,6,338.09,0
334.0,2.72,2.75,2.7,-1.7,1877,40.36,59.64,78.23,-0.03,-0.29,0.18,894,2.735,0.04,20.83,0.0,6,338.09,0
335.0,3.08,3.11,3.09,-1.7,5342,44.31,55.69,85.73,-0.03,-0.3,0.18,3312,3.095,0.04,20.48,0.0,6,338.09,0
336.0,3.48,3.51,3.5,-1.9,2391,48.44,51.56,93.56,-0.03,-0.3,0.19,1124,3.495,0.04,20.13,0.0,6,338.09,0
180.0,0.0,0.01,0.02,0.0,3,0.06,99.94,0.11,0.0,0.0,0.0,165,0.005,0.0,119.34,0.0,8,344.89,0
185.0,0.0,0.01,0.02,0.0,50,0.06,99.94,0.12,0.0,0.0,0.0,200,0.005,0.0,114.37,0.0,8,344.89,0
190.0,0.0,0.01,0.02,0.0,100,0.06,99.94,0.12,0.0,0.0,0.0,366,0.005,0.0,109.52,0.0,8,344.89,0
195.0,0.0,0.01,0.02,0.0,50,0.06,99.94,0.12,0.0,0.0,0.0,300,0.005,0.0,104.8,0.0,8,344.89,0
200.0,0.0,0.01,0.01,-0.01,302,0.06,99.94,0.12,0.0,0.0,0.0,535,0.005,0.0,100.19,0.0,8,344.89,0
205.0,0.0,0.01,0.02,-0.1,50,0.06,99.94,0.12,0.0,0.0,0.0,50,0.005,0.0,95.69,0.0,8,344.89,0
210.0,0.0,0.01,0.01,-0.01,2,0.06,99.94,0.13,0.0,0.0,0.0,185,0.005,0.0,91.29,0.0,8,344.89,0
215.0,0.0,0.01,0.02,-0.01,11,0.07,99.93,0.13,0.0,0.0,0.0,28,0.005,0.0,86.98,0.0,8,344.89,0
220.0,0.0,0.01,0.01,-0.03,36,0.07,99.93,0.13,0.0,0.0,0.0,49,0.005,0.0,82.77,0.0,8,344.89,0
240.0,0.0,0.01,0.09,0.02,2,0.08,99.92,0.15,0.0,0.0,0.0,418,0.005,0.0,66.75,0.0,8,344.89,0
245.0,0.0,0.01,0.01,-0.02,10,0.08,99.92,0.15,0.0,0.0,0.0,392,0.005,0.0,62.93,0.0,8,344.89,0
260.0,0.01,0.02,0.02,-0.01,50,0.23,99.77,0.45,0.0,-0.01,0.0,18439,0.015,0.0,57.09,0.0,8,344.89,0
265.0,0.01,0.02,0.02,0.0,30,0.24,99.76,0.47,0.0,-0.01,0.0,567,0.015,0.0,53.08,0.0,8,344.89,0
275.0,0.01,0.02,0.02,-0.04,33,0.26,99.74,0.52,0.0,-0.01,0.0,3953,0.015,0.0,45.48,0.0,8,344.89,0
280.0,0.02,0.03,0.03,-0.03,125,0.42,99.58,0.84,0.0,-0.01,0.01,39223,0.025,0.0,43.92,0.0,8,344.89,0
285.0,0.02,0.03,0.02,-0.04,54,0.46,99.54,0.9,0.0,-0.01,0.01,1830,0.025,0.0,40.09,0.0,8,344.89,0
290.0,0.03,0.04,0.03,-0.05,168,0.64,99.36,1.26,0.0,-0.01,0.01,2799,0.035,0.0,37.59,0.0,8,344.89,0
293.0,0.04,0.05,0.06,-0.04,1,0.83,99.17,1.63,0.0,-0.02,0.01,116,0.045,0.0,36.35,0.0,8,344.89,0
294.0,0.04,0.05,0.04,-0.07,10,0.84,99.16,1.66,0.0,-0.02,0.01,396,0.045,0.0,35.56,0.0,8,344.89,0
295.0,0.04,0.05,0.05,-0.08,71,0.85,99.15,1.67,0.0,-0.02,0.01,2768,0.045,0.0,34.72,0.0,8,344.89,0
296.0,0.05,0.06,0.06,-0.08,1,1.01,98.99,2.0,0.0,-0.02,0.01,380,0.055,0.0,34.78,0.0,8,344.89,0
297.0,0.05,0.06,0.05,-0.1,32,1.03,98.97,2.03,0.0,-0.02,0.01,4203,0.055,0.0,33.96,0.0,8,344.89,0
298.0,0.06,0.07,0.1,-0.06,70,1.2,98.8,2.37,0.0,-0.02,0.01,1110,0.065,0.0,33.91,0.0,8,344.89,0
299.0,0.06,0.07,0.12,-0.06,1,1.23,98.77,2.42,0.0,-0.02,0.01,972,0.065,0.0,33.09,0.0,8,344.89,0
300.0,0.07,0.08,0.07,-0.12,1102,1.4,98.6,2.76,0.0,-0.03,0.02,19606,0.075,0.0,32.9,0.0,8,344.89,0
301.0,0.08,0.09,0.1,-0.05,56,1.57,98.43,3.1,0.0,-0.03,0.02,560,0.085,0.0,32.62,0.0,8,344.89,0
302.0,0.08,0.1,0.08,-0.13,5,1.68,98.32,3.3,0.0,-0.03,0.02,852,0.09,0.0,32.04,0.0,8,344.89,0
303.0,0.09,0.1,0.09,-0.08,9,1.78,98.22,3.51,0.0,-0.03,0.02,665,0.095,0.0,31.43,0.0,8,344.89,0
304.0,0.11,0.12,0.14,-0.04,1003,2.11,97.89,4.15,0.0,-0.04,0.02,1104,0.115,0.0,31.46,0.0,8,344.89,0
305.0,0.12,0.13,0.12,-0.15,371,2.29,97.71,4.52,0.0,-0.04,0.03,4160,0.125,0.0,30.98,0.0,8,344.89,0
306.0,0.13,0.14,0.15,-0.19,37,2.48,97.52,4.89,0.0,-0.04,0.03,853,0.135,0.0,30.47,0.0,8,344.89,0
307.0,0.15,0.16,0.16,-0.09,350,2.82,97.18,5.54,0.0,-0.05,0.03,3996,0.155,0.0,30.25,0.0,8,344.89,0
308.0,0.17,0.18,0.17,-0.21,896,3.15,96.85,6.2,0.0,-0.05,0.03,5500,0.175,0.0,29.95,0.0,8,344.89,0
309.0,0.19,0.2,0.2,-0.22,112,3.5,96.5,6.88,0.0,-0.06,0.04,1984,0.195,0.0,29.58,0.0,8,344.89,0
310.0,0.22,0.23,0.2,-0.28,1125,3.97,96.03,7.81,0.0,-0.06,0.04,7782,0.225,0.01,29.4,0.0,8,344.89,0
311.0,0.25,0.26,0.29,-0.19,28,4.45,95.55,8.75,0.0,-0.07,0.05,1539,0.255,0.01,29.12,0.0,8,344.89,0
312.0,0.28,0.29,0.27,-0.31,190,4.93,95.07,9.7,0.0,-0.08,0.05,4082,0.285,0.01,28.77,0.0,8,344.89,0
313.0,0.32,0.33,0.38,-0.27,288,5.55,94.45,10.9,0.0,-0.08,0.06,1131,0.325,0.01,28.53,0.0,8,344.89,0
314.0,0.36,0.37,0.36,-0.29,311,6.17,93.83,12.12,0.0,-0.09,0.06,5239,0.365,0.01,28.21,0.0,8,344.89,0
315.0,0.41,0.42,0.39,-0.4,1744,6.92,93.08,13.58,-0.01,-0.1,0.07,11242,0.415,0.01,27.97,0.0,8,344.89,0
316.0,0.46,0.48,0.49,-0.31,171,7.73,92.27,15.17,-0.01,-0.11,0.07,2213,0.47,0.01,27.7,0.0,8,344.89,0
317.0,0.52,0.54,0.51,-0.31,4424,8.6,91.4,16.88,-0.01,-0.12,0.08,3603,0.53,0.01,27.41,0.0,8,344.89,0
318.0,0.59,0.6,0.59,-0.51,337,9.54,90.46,18.72,-0.01,-0.13,0.08,2173,0.595,0.01,27.1,0.0,8,344.89,0
319.0,0.67,0.69,0.67,-0.28,819,10.7,89.3,20.97,-0.01,-0.14,0.09,2927,0.68,0.01,26.92,0.0,8,344.89,0
320.0,0.75,0.77,0.72,-0.65,2134,11.82,88.18,23.16,-0.01,-0.15,0.1,11116,0.76,0.01,26.58,0.0,8,344.89,0
321.0,0.85,0.87,0.84,-0.67,638,13.14,86.86,25.74,-0.01,-0.16,0.11,1103,0.86,0.01,26.34,0.0,8,344.89,0
322.0,0.95,0.98,0.9,-0.76,297,14.52,85.48,28.44,-0.01,-0.17,0.12,1024,0.965,0.02,26.04,0.0,8,344.89,0
323.0,1.07,1.1,1.06,-0.82,395,16.06,83.94,31.43,-0.01,-0.18,0.12,1270,1.085,0.02,25.77,0.0,8,344.89,0
324.0,1.21,1.23,1.22,-0.75,958,17.74,82.26,34.69,-0.01,-0.19,0.13,4432,1.22,0.02,25.5,0.0,8,344.89,0
325.0,1.35,1.38,1.25,-0.98,2536,19.51,80.49,38.14,-0.02,-0.2,0.14,5335,1.365,0.02,25.2,0.0,8,344.89,0
326.0,1.52,1.54,1.52,-0.9,9085,21.46,78.54,41.93,-0.02,-0.22,0.15,1793,1.53,0.02,24.93,0.0,8,344.89,0
327.0,1.69,1.72,1.66,-1.05,1254,23.51,76.49,45.9,-0.02,-0.23,0.16,2095,1.705,0.02,24.6,0.0,8,344.89,0
328.0,1.89,1.91,1.85,-1.06,1373,25.72,74.28,50.18,-0.02,-0.24,0.17,3350,1.9,0.02,24.29,0.0,8,344.89,0
329.0,2.1,2.13,2.08,-1.14,1656,28.09,71.91,54.76,-0.02,-0.24,0.17,4360,2.115,0.03,23.97,0.0,8,344.89,0
330.0,2.33,2.37,2.32,-1.23,12891,30.61,69.39,59.62,-0.02,-0.25,0.18,13969,2.35,0.03,23.64,0.0,8,344.89,0
331.0,2.59,2.62,2.63,-1.31,487,33.28,66.72,64.76,-0.03,-0.26,0.19,974,2.605,0.03,23.29,0.0,8,344.89,0
332.0,2.87,2.91,2.79,-1.49,1536,36.12,63.88,70.23,-0.03,-0.27,0.2,1336,2.89,0.03,22.97,0.0,8,344.89,0
333.0,3.17,3.21,3.0,-1.67,2388,39.09,60.91,75.92,-0.03,-0.27,0.2,3125,3.19,0.03,22.59,0.0,8,344.89,0
334.0,3.51,3.55,3.39,-1.75,1677,42.24,57.76,81.95,-0.03,-0.27,0.21,2045,3.53,0.03,22.26,0.0,8,344.89,0
335.0,3.87,3.92,3.85,-1.78,10361,45.52,54.48,88.2,-0.04,-0.28,0.21,2881,3.895,0.03,21.91,0.0,8,344.89,0
336.0,4.27,4.31,4.13,-1.87,3230,48.92,51.08,94.68,-0.04,-0.27,0.21,1523,4.29,0.03,21.54,0.0,8,344.89,0
170.0,0.0,0.01,0.01,-0.04,480,0.06,99.94,0.11,0.0,0.0,0.0,722,0.005,0.0,112.33,0.0,11,349.06,0
175.0,0.0,0.01,0.01,0.0,1200,0.06,99.94,0.11,0.0,0.0,0.0,1680,0.005,0.0,107.78,0.0,11,349.06,0
180.0,0.0,0.01,0.02,0.0,1,0.06,99.94,0.11,0.0,0.0,0.0,17,0.005,0.0,103.36,0.0,11,349.06,0
185.0,0.0,0.01,0.02,-0.01,500,0.06,99.94,0.12,0.0,0.0,0.0,500,0.005,0.0,99.05,0.0,11,349.06,0
190.0,0.0,0.01,0.03,-0.06,5,0.06,99.94,0.12,0.0,0.0,0.0,5,0.005,0.0,94.86,0.0,11,349.06,0
195.0,0.0,0.01,0.05,0.01,6,0.06,99.94,0.12,0.0,0.0,0.0,7,0.005,0.0,90.77,0.0,11,349.06,0
200.0,0.0,0.01,0.01,-0.01,1,0.06,99.94,0.12,0.0,0.0,0.0,31,0.005,0.0,86.77,0.0,11,349.06,0
205.0,0.0,0.01,0.03,-0.04,10,0.06,99.94,0.12,0.0,0.0,0.0,19,0.005,0.0,82.87,0.0,11,349.06,0
210.0,0.0,0.01,0.05,0.02,10,0.06,99.94,0.13,0.0,0.0,0.0,217,0.005,0.0,79.06,0.0,11,349.06,0
215.0,0.0,0.01,0.01,-0.04,11,0.07,99.93,0.13,0.0,0.0,0.0,22,0.005,0.0,75.34,0.0,11,349.06,0
220.0,0.0,0.01,0.02,-0.01,111,0.07,99.93,0.13,0.0,0.0,0.0,157,0.005,0.0,71.69,0.0,11,349.06,0
225.0,0.0,0.01,0.02,-0.03,2,0.07,99.93,0.14,0.0,0.0,0.0,3,0.005,0.0,68.12,0.0,11,349.06,0
235.0,0.0,0.01,0.03,-0.04,2,0.07,99.93,0.14,0.0,0.0,0.0,41,0.005,0.0,61.18,0.0,11,349.06,0
250.0,0.01,0.02,0.01,-0.02,1,0.21,99.79,0.41,0.0,-0.01,0.0,69,0.015,0.0,56.22,0.0,11,349.06,0
255.0,0.01,0.02,0.05,-0.03,7,0.22,99.78,0.43,0.0,-0.01,0.0,9,0.015,0.0,52.8,0.0,11,349.06,0
260.0,0.01,0.02,0.02,-0.19,2,0.23,99.77,0.45,0.0,-0.01,0.0,436,0.015,0.0,49.44,0.0,11,349.06,0
265.0,0.01,0.02,0.09,-0.13,1,0.24,99.76,0.47,0.0,-0.01,0.0,779,0.015,0.0,45.97,0.0,11,349.06,0
280.0,0.03,0.04,0.06,-0.03,5,0.56,99.44,1.1,0.0,-0.01,0.01,1260,0.035,0.0,39.43,0.0,11,349.06,0
285.0,0.04,0.05,0.06,-0.05,38,0.73,99.27,1.44,0.0,-0.01,0.01,678,0.045,0.0,37.04,0.0,11,349.06,0
290.0,0.06,0.07,0.07,-0.07,34,1.05,98.95,2.08,0.0,-0.02,0.01,923,0.065,0.0,35.1,0.0,11,349.06,0
295.0,0.08,0.1,0.1,-0.09,13,1.47,98.53,2.9,0.0,-0.03,0.02,1016,0.09,0.0,32.91,0.0,11,349.06,0
300.0,0.13,0.14,0.14,-0.06,136,2.19,97.81,4.31,0.0,-0.03,0.03,655,0.135,0.0,31.0,0.0,11,349.06,0
305.0,0.21,0.22,0.21,-0.19,107,3.42,96.58,6.73,0.0,-0.05,0.04,302,0.215,0.0,29.35,0.0,11,349.06,0
309.0,0.32,0.33,0.47,0.02,2,5.02,94.98,9.86,-0.01,-0.07,0.06,174,0.325,0.01,28.2,0.0,11,349.06,0
310.0,0.35,0.37,0.34,-0.14,403,5.51,94.49,10.83,-0.01,-0.07,0.06,934,0.36,0.01,27.91,0.0,11,349.06,0
311.0,0.39,0.41,0.54,0.02,9,6.07,93.93,11.92,-0.01,-0.08,0.07,23,0.4,0.01,27.63,0.0,11,349.06,0
312.0,0.44,0.46,0.42,-0.34,22,6.73,93.27,13.22,-0.01,-0.08,0.07,282,0.45,0.01,27.44,0.0,11,349.06,0
313.0,0.48,0.51,0.47,-0.37,74,7.35,92.65,14.44,-0.01,-0.09,0.08,247,0.495,0.01,27.1,0.0,11,349.06,0
314.0,0.54,0.56,0.63,-0.31,2,8.08,91.92,15.87,-0.01,-0.09,0.09,366,0.55,0.01,26.83,0.0,11,349.06,0
315.0,0.6,0.63,0.62,-0.41,1067,8.92,91.08,17.51,-0.01,-0.1,0.09,2224,0.615,0.01,26.61,0.0,11,349.06,0
316.0,0.67,0.7,0.67,-0.46,31,9.81,90.19,19.25,-0.01,-0.11,0.1,173,0.685,0.01,26.36,0.0,11,349.06,0
317.0,0.74,0.77,0.75,-0.39,161,10.71,89.29,21.02,-0.01,-0.12,0.11,311,0.755,0.01,26.04,0.0,11,349.06,0
318.0,0.83,0.86,0.81,-0.53,28,11.8,88.2,23.14,-0.01,-0.12,0.11,499,0.845,0.01,25.84,0.0,11,349.06,0
319.0,0.92,0.95,0.97,-0.53,60,12.91,87.09,25.3,-0.01,-0.13,0.12,180,0.935,0.01,25.56,0.0,11,349.06,0
320.0,1.02,1.05,1.01,-0.6,726,14.11,85.89,27.64,-0.01,-0.14,0.13,3199,1.035,0.01,25.28,0.0,11,349.06,0
321.0,1.13,1.16,1.16,-0.76,14,15.41,84.59,30.18,-0.02,-0.15,0.14,243,1.145,0.01,25.0,0.0,11,349.06,0
322.0,1.26,1.29,1.29,-0.52,6,16.87,83.13,33.03,-0.02,-0.16,0.15,233,1.275,0.02,24.78,0.0,11,349.06,0
323.0,1.39,1.42,1.4,-0.69,22,18.36,81.64,35.92,-0.02,-0.16,0.16,462,1.405,0.02,24.47,0.0,11,349.06,0
324.0,1.54,1.57,1.57,-0.67,165,20.0,80.0,39.12,-0.02,-0.17,0.16,592,1.555,0.02,24.22,0.0,11,349.06,0
325.0,1.7,1.73,1.8,-0.79,211,21.74,78.26,42.49,-0.02,-0.18,0.17,949,1.715,0.02,23.93,0.0,11,349.06,0
326.0,1.87,1.91,1.85,-1.02,397,23.59,76.41,46.09,-0.03,-0.19,0.18,656,1.89,0.02,23.64,0.0,11,349.06,0
327.0,2.06,2.1,2.09,-0.99,591,25.56,74.44,49.91,-0.03,-0.19,0.19,509,2.08,0.02,23.34,0.0,11,349.06,0
328.0,2.27,2.31,2.28,-1.07,564,27.67,72.33,54.0,-0.03,-0.2,0.2,1243,2.29,0.02,23.05,0.0,11,349.06,0
329.0,2.49,2.54,2.55,-0.95,397,29.9,70.1,58.3,-0.03,-0.21,0.21,565,2.515,0.02,22.74,0.0,11,349.06,0
330.0,2.74,2.78,2.65,-1.3,349,32.26,67.74,62.85,-0.03,-0.21,0.21,714,2.76,0.03,22.43,0.0,11,349.06,0
331.0,3.0,3.05,2.98,-1.3,200,34.74,65.26,67.65,-0.04,-0.22,0.22,296,3.025,0.03,22.11,0.0,11,349.06,0
332.0,3.29,3.34,3.26,-1.15,302,37.37,62.63,72.7,-0.04,-0.22,0.23,360,3.315,0.03,21.8,0.0,11,349.06,0
333.0,3.6,3.65,3.85,-1.16,85,40.11,59.89,77.97,-0.04,-0.22,0.23,409,3.625,0.03,21.46,0.0,11,349.06,0
334.0,3.94,3.99,4.3,-1.15,215,42.99,57.01,83.49,-0.05,-0.22,0.24,502,3.965,0.03,21.14,0.0,11,349.06,0
335.0,4.3,4.36,4.31,-1.58,267,45.99,54.01,89.21,-0.05,-0.22,0.24,591,4.33,0.03,20.81,0.0,11,349.06,0
336.0,4.7,4.76,4.81,-0.42,3892,49.1,50.9,95.14,-0.05,-0.22,0.24,418,4.73,0.03,20.5,0.0,11,349.06,0
170.0,0.0,0.01,0.02,0.0,2,0.06,99.94,0.11,0.0,0.0,0.0,14,0.005,0.0,104.0,0.0,13,347.14,0
190.0,0.0,0.01,0.01,-0.02,15,0.06,99.94,0.12,0.0,0.0,0.0,15,0.005,0.0,87.82,0.0,13,347.14,0
205.0,0.0,0.01,0.06,0.0,2,0.06,99.94,0.12,0.0,0.0,0.0,30,0.005,0.0,76.73,0.0,13,347.14,0
210.0,0.0,0.01,0.02,-0.03,116,0.06,99.94,0.13,0.0,0.0,0.0,164,0.005,0.0,73.2,0.0,13,347.14,0
215.0,0.0,0.01,0.02,-0.06,50,0.07,99.93,0.13,0.0,0.0,0.0,140,0.005,0.0,69.75,0.0,13,347.14,0
225.0,0.0,0.01,0.01,0.0,103,0.07,99.93,0.14,0.0,0.0,0.0,19,0.005,0.0,63.06,0.0,13,347.14,0
230.0,0.01,0.02,0.04,-0.02,3,0.18,99.82,0.36,0.0,-0.01,0.0,2,0.015,0.0,65.52,0.0,13,347.14,0
235.0,0.01,0.02,0.13,-0.09,301,0.19,99.81,0.37,0.0,-0.01,0.0,376,0.015,0.0,61.97,0.0,13,347.14,0
240.0,0.01,0.02,0.02,-0.02,2,0.19,99.81,0.37,0.0,-0.01,0.0,81,0.015,0.0,58.5,0.0,13,347.14,0
245.0,0.01,0.02,0.06,-0.12,1,0.2,99.8,0.4,0.0,-0.01,0.0,30239,0.015,0.0,55.39,0.0,13,347.14,0
250.0,0.01,0.02,0.02,-0.04,700,0.21,99.79,0.41,0.0,-0.01,0.0,865,0.015,0.0,52.05,0.0,13,347.14,0
255.0,0.02,0.03,0.04,-0.03,2,0.33,99.67,0.65,0.0,-0.01,0.01,21,0.025,0.0,51.26,0.0,13,347.14,0
260.0,0.02,0.03,0.04,-0.04,2,0.35,99.65,0.68,0.0,-0.01,0.01,66,0.025,0.0,47.97,0.0,13,347.14,0
265.0,0.03,0.04,0.03,-0.05,10,0.48,99.52,0.94,0.0,-0.01,0.01,60763,0.035,0.0,46.29,0.0,13,347.14,0
270.0,0.04,0.05,0.05,-0.02,13,0.61,99.39,1.21,0.0,-0.01,0.01,192,0.045,0.0,44.17,0.0,13,347.14,0
275.0,0.05,0.06,0.07,-0.02,11,0.76,99.24,1.5,0.0,-0.02,0.01,751,0.055,0.0,41.78,0.0,13,347.14,0
280.0,0.06,0.07,0.1,-0.01,10,0.93,99.07,1.82,0.0,-0.02,0.01,1272,0.065,0.0,39.23,0.0,13,347.14,0
285.0,0.08,0.09,0.1,-0.08,17,1.22,98.78,2.4,0.0,-0.02,0.02,31231,0.085,0.0,37.1,0.0,13,347.14,0
290.0,0.12,0.13,0.17,-0.05,4,1.76,98.24,3.46,0.0,-0.03,0.02,1087,0.125,0.0,35.5,0.0,13,347.14,0
295.0,0.17,0.18,0.23,-0.02,9,2.45,97.55,4.82,0.0,-0.04,0.03,1703,0.175,0.0,33.6,0.0,13,347.14,0
300.0,0.25,0.27,0.3,-0.13,595,3.57,96.43,7.01,0.0,-0.05,0.05,4298,0.26,0.0,31.98,0.0,13,347.14,0
305.0,0.39,0.41,0.39,-0.32,12,5.32,94.68,10.44,-0.01,-0.07,0.06,2457,0.4,0.0,30.54,0.0,13,347.14,0
309.0,0.56,0.58,0.63,-0.03,43,7.34,92.66,14.4,-0.01,-0.09,0.08,576,0.57,0.01,29.44,0.0,13,347.14,0
310.0,0.61,0.63,0.62,-0.32,35,7.93,92.07,15.55,-0.01,-0.09,0.09,1077,0.62,0.01,29.14,0.0,13,347.14,0
311.0,0.66,0.69,0.83,-0.05,8,8.56,91.44,16.8,-0.01,-0.1,0.1,449,0.675,0.01,28.84,0.0,13,347.14,0
312.0,0.73,0.75,0.9,0.07,2,9.29,90.71,18.22,-0.01,-0.1,0.1,298,0.74,0.01,28.6,0.0,13,347.14,0
313.0,0.79,0.82,0.85,-0.29,115,10.03,89.97,19.66,-0.01,-0.11,0.11,104,0.805,0.01,28.3,0.0,13,347.14,0
314.0,0.87,0.9,0.93,-0.23,452,10.89,89.11,21.34,-0.01,-0.12,0.11,310,0.885,0.01,28.08,0.0,13,347.14,0
315.0,0.95,0.98,0.96,-0.42,188,11.76,88.24,23.05,-0.01,-0.12,0.12,1689,0.965,0.01,27.79,0.0,13,347.14,0
316.0,1.04,1.07,1.03,-0.25,8,12.72,87.28,24.91,-0.02,-0.13,0.13,1065,1.055,0.01,27.54,0.0,13,347.14,0
317.0,1.14,1.16,1.24,-0.37,1,13.72,86.28,26.87,-0.02,-0.13,0.14,505,1.15,0.01,27.26,0.0,13,347.14,0
318.0,1.24,1.27,1.24,-0.24,44,14.81,85.19,28.99,-0.02,-0.14,0.14,182,1.255,0.01,26.99,0.0,13,347.14,0
319.0,1.36,1.38,1.52,-0.02,189,15.97,84.03,31.26,-0.02,-0.15,0.15,1457,1.37,0.01,26.73,0.0,13,347.14,0
320.0,1.48,1.51,1.4,-0.72,168,17.22,82.78,33.69,-0.02,-0.15,0.16,2708,1.495,0.01,26.46,0.0,13,347.14,0
321.0,1.61,1.64,1.62,-0.6,24,18.52,81.48,36.21,-0.02,-0.16,0.17,502,1.625,0.01,26.17,0.0,13,347.14,0
322.0,1.75,1.78,1.73,-0.3,42,19.89,80.11,38.89,-0.02,-0.17,0.18,560,1.765,0.02,25.86,0.0,13,347.14,0
323.0,1.91,1.94,2.01,-0.46,490,21.4,78.6,41.82,-0.03,-0.17,0.18,734,1.925,0.02,25.61,0.0,13,347.14,0
324.0,2.07,2.1,2.05,-0.55,19,22.93,77.07,44.8,-0.03,-0.18,0.19,880,2.085,0.02,25.28,0.0,13,347.14,0
325.0,2.25,2.28,2.15,-1.03,204,24.59,75.41,48.02,-0.03,-0.18,0.2,1776,2.265,0.02,24.99,0.0,13,347.14,0
326.0,2.44,2.48,2.69,-0.62,326,26.35,73.65,51.43,-0.03,-0.19,0.21,593,2.46,0.02,24.7,0.0,13,347.14,0
327.0,2.65,2.68,2.6,-0.68,142,28.19,71.81,54.98,-0.04,-0.2,0.22,332,2.665,0.02,24.38,0.0,13,347.14,0
328.0,2.87,2.91,3.3,-0.66,539,30.14,69.86,58.76,-0.04,-0.2,0.22,427,2.89,0.02,24.07,0.0,13,347.14,0
329.0,3.11,3.15,3.55,-0.67,121,32.19,67.81,62.72,-0.04,-0.2,0.23,473,3.13,0.02,23.76,0.0,13,347.14,0
330.0,3.36,3.41,3.21,-1.27,81,34.33,65.67,66.86,-0.04,-0.21,0.24,1853,3.385,0.02,23.43,0.0,13,347.14,0
331.0,3.64,3.68,3.59,-1.24,205,36.58,63.42,71.19,-0.05,-0.21,0.24,454,3.66,0.02,23.1,0.0,13,347.14,0
332.0,3.93,3.98,3.91,-1.37,145,38.94,61.06,75.72,-0.05,-0.21,0.25,492,3.955,0.03,22.76,0.0,13,347.14,0
333.0,4.25,4.3,4.33,-1.36,557,41.4,58.6,80.46,-0.05,-0.22,0.25,348,4.275,0.03,22.44,0.0,13,347.14,0
334.0,4.59,4.64,4.82,-0.97,423,43.96,56.04,85.36,-0.06,-0.22,0.26,551,4.615,0.03,22.1,0.0,13,347.14,0
335.0,4.96,5.01,4.86,-1.68,213,46.63,53.37,90.46,-0.06,-0.22,0.26,1009,4.985,0.03,21.78,0.0,13,347.14,0
336.0,5.35,5.4,5.33,-1.66,283,49.37,50.63,95.7,-0.06,-0.21,0.26,368,5.375,0.03,21.44,0.0,13,347.14,0
110.0,0.0,0.01,0.01,0.0,1,0.06,99.94,0.11,0.0,0.0,0.0,14752,0.005,0.0,156.33,0.0,15,347.1,0
115.0,0.0,0.01,0.04,-0.01,8,0.06,99.94,0.11,0.0,0.0,0.0,4859,0.005,0.0,150.3,0.0,15,347.1,0
120.0,0.0,0.01,0.01,0.0,116,0.06,99.94,0.11,0.0,0.0,0.0,3046,0.005,0.0,144.52,0.0,15,347.1,0
125.0,0.0,0.01,0.01,0.0,240,0.06,99.94,0.11,0.0,0.0,0.0,2264,0.005,0.0,138.99,0.0,15,347.1,0
130.0,0.0,0.01,0.01,0.0,3,0.06,99.94,0.11,0.0,0.0,0.0,4542,0.005,0.0,133.67,0.0,15,347.1,0
135.0,0.0,0.01,0.01,-0.01,2,0.06,99.94,0.11,0.0,0.0,0.0,6848,0.005,0.0,128.55,0.0,15,347.1,0
140.0,0.0,0.01,0.01,0.0,1,0.06,99.94,0.11,0.0,0.0,0.0,8192,0.005,0.0,123.62,0.0,15,347.1,0
145.0,0.0,0.01,0.01,0.0,50,0.06,99.94,0.11,0.0,0.0,0.0,6777,0.005,0.0,118.87,0.0,15,347.1,0
150.0,0.0,0.01,0.01,0.0,500,0.06,99.94,0.11,0.0,0.0,0.0,55822,0.005,0.0,114.27,0.0,15,347.1,0
155.0,0.0,0.01,0.01,-0.01,3,0.06,99.94,0.11,0.0,0.0,0.0,2828,0.005,0.0,109.82,0.0,15,347.1,0
160.0,0.0,0.01,0.01,-0.01,100,0.06,99.94,0.11,0.0,0.0,0.0,2259,0.005,0.0,105.52,0.0,15,347.1,0
165.0,0.0,0.01,0.01,-0.01,483,0.06,99.94,0.11,0.0,0.0,0.0,4903,0.005,0.0,101.34,0.0,15,347.1,0
170.0,0.0,0.01,0.01,0.0,400,0.06,99.94,0.11,0.0,0.0,0.0,10963,0.005,0.0,97.29,0.0,15,347.1,0
175.0,0.0,0.01,0.01,0.0,1000,0.06,99.94,0.11,0.0,0.0,0.0,2998,0.005,0.0,93.35,0.0,15,347.1,0
180.0,0.0,0.01,0.01,0.0,600,0.06,99.94,0.11,0.0,0.0,0.0,13484,0.005,0.0,89.51,0.0,15,347.1,0
185.0,0.0,0.01,0.01,-0.02,2,0.06,99.94,0.12,0.0,0.0,0.0,3357,0.005,0.0,85.79,0.0,15,347.1,0
195.0,0.0,0.01,0.01,0.0,1,0.06,99.94,0.12,0.0,0.0,0.0,8483,0.005,0.0,78.61,0.0,15,347.1,0
200.0,0.0,0.01,0.01,-0.01,25,0.06,99.94,0.12,0.0,0.0,0.0,19840,0.005,0.0,75.15,0.0,15,347.1,0
201.0,0.0,0.01,0.02,0.0,5,0.06,99.94,0.12,0.0,0.0,0.0,2779,0.005,0.0,74.47,0.0,15,347.1,0
205.0,0.0,0.01,0.02,-0.04,160,0.06,99.94,0.12,0.0,0.0,0.0,1573,0.005,0.0,71.77,0.0,15,347.1,0
206.0,0.0,0.01,0.03,0.0,2,0.06,99.94,0.12,0.0,0.0,0.0,903,0.005,0.0,71.11,0.0,15,347.1,0
207.0,0.0,0.01,0.01,-0.02,33,0.06,99.94,0.12,0.0,0.0,0.0,1381,0.005,0.0,70.45,0.0,15,347.1,0
208.0,0.0,0.01,0.02,0.0,93,0.06,99.94,0.13,0.0,0.0,0.0,1045,0.005,0.0,69.79,0.0,15,347.1,0
211.0,0.01,0.02,0.03,-0.01,160,0.17,99.83,0.33,0.0,0.0,0.0,770,0.015,0.0,74.02,0.0,15,347.1,0
212.0,0.01,0.02,0.01,0.0,80,0.17,99.83,0.33,0.0,0.0,0.0,1094,0.015,0.0,73.5,0.0,15,347.1,0
213.0,0.01,0.02,0.01,-0.01,40,0.17,99.83,0.33,0.0,0.0,0.0,1389,0.015,0.0,72.69,0.0,15,347.1,0
214.0,0.01,0.02,0.01,-0.01,118,0.17,99.83,0.33,0.0,0.0,0.0,1106,0.015,0.0,71.95,0.0,15,347.1,0
215.0,0.01,0.02,0.02,0.0,200,0.17,99.83,0.33,0.0,0.0,0.0,5284,0.015,0.0,71.23,0.0,15,347.1,0
216.0,0.01,0.02,0.02,0.0,120,0.17,99.83,0.34,0.0,0.0,0.0,1200,0.015,0.0,70.67,0.0,15,347.1,0
217.0,0.01,0.02,0.02,-0.01,80,0.17,99.83,0.34,0.0,0.0,0.0,737,0.015,0.0,69.89,0.0,15,347.1,0
218.0,0.01,0.02,0.03,-0.09,1,0.17,99.83,0.34,0.0,0.0,0.0,906,0.015,0.0,69.18,0.0,15,347.1,0
221.0,0.01,0.02,0.13,0.02,1,0.17,99.83,0.34,0.0,0.0,0.0,645,0.015,0.0,67.15,0.0,15,347.1,0
222.0,0.01,0.02,0.02,-0.02,50,0.17,99.83,0.34,0.0,0.0,0.0,884,0.015,0.0,66.48,0.0,15,347.1,0
223.0,0.01,0.02,0.12,-0.03,2,0.18,99.82,0.34,0.0,0.0,0.0,1000,0.015,0.0,65.81,0.0,15,347.1,0
224.0,0.01,0.02,0.09,-0.05,1,0.18,99.82,0.35,0.0,0.0,0.0,5251,0.015,0.0,65.15,0.0,15,347.1,0
225.0,0.01,0.02,0.02,-0.01,51,0.18,99.82,0.35,0.0,0.0,0.0,4198,0.015,0.0,64.5,0.0,15,347.1,0
226.0,0.01,0.02,0.02,-0.03,40,0.18,99.82,0.35,0.0,0.0,0.0,1169,0.015,0.0,63.85,0.0,15,347.1,0
227.0,0.01,0.02,0.02,-0.03,450,0.18,99.82,0.35,0.0,0.0,0.0,1058,0.015,0.0,63.2,0.0,15,347.1,0
228.0,0.01,0.02,0.12,-0.02,1,0.18,99.82,0.36,0.0,0.0,0.0,674,0.015,0.0,62.56,0.0,15,347.1,0
229.0,0.01,0.02,0.02,-0.01,523,0.18,99.82,0.36,0.0,0.0,0.0,749,0.015,0.0,61.92,0.0,15,347.1,0
230.0,0.01,0.02,0.02,-0.01,240,0.18,99.82,0.36,0.0,0.0,0.0,12518,0.015,0.0,61.29,0.0,15,347.1,0
231.0,0.01,0.02,0.03,-0.03,199,0.19,99.81,0.37,0.0,0.0,0.0,894,0.015,0.0,60.66,0.0,15,347.1,0
232.0,0.01,0.02,0.02,-0.03,240,0.19,99.81,0.37,0.0,0.0,0.0,2900,0.015,0.0,60.04,0.0,15,347.1,0
233.0,0.01,0.02,0.02,-0.03,360,0.19,99.81,0.36,0.0,0.0,0.0,2445,0.015,0.0,59.25,0.0,15,347.1,0
237.0,0.02,0.03,0.06,-0.04,341,0.3,99.7,0.58,0.0,-0.01,0.0,4647,0.025,0.0,59.5,0.0,15,347.1,0
238.0,0.02,0.03,0.03,0.0,80,0.3,99.7,0.58,0.0,-0.01,0.0,2720,0.025,0.0,58.86,0.0,15,347.1,0
239.0,0.02,0.03,0.03,-0.14,40,0.3,99.7,0.58,0.0,-0.01,0.0,1648,0.025,0.0,58.1,0.0,15,347.1,0
240.0,0.02,0.03,0.03,-0.02,657,0.3,99.7,0.58,0.0,-0.01,0.0,30066,0.025,0.0,57.45,0.0,15,347.1,0
243.0,0.02,0.03,0.03,-0.17,550,0.3,99.7,0.59,0.0,-0.01,0.0,1569,0.025,0.0,55.5,0.0,15,347.1,0
244.0,0.02,0.03,0.03,-0.02,40,0.3,99.7,0.6,0.0,-0.01,0.0,1474,0.025,0.0,54.86,0.0,15,347.1,0
245.0,0.02,0.03,0.04,-0.03,86,0.31,99.69,0.6,0.0,-0.01,0.0,5421,0.025,0.0,54.22,0.0,15,347.1,0
246.0,0.02,0.03,0.08,-0.07,316,0.31,99.69,0.61,0.0,-0.01,0.0,3008,0.025,0.0,53.61,0.0,15,347.1,0
247.0,0.03,0.04,0.04,-0.01,1,0.41,99.59,0.81,0.0,-0.01,0.01,1322,0.035,0.0,54.74,0.0,15,347.1,0
248.0,0.03,0.04,0.04,-0.18,5,0.42,99.58,0.82,0.0,-0.01,0.01,1955,0.035,0.0,54.1,0.0,15,347.1,0
249.0,0.03,0.04,0.04,-0.06,1,0.42,99.58,0.82,0.0,-0.01,0.01,14048,0.035,0.0,53.47,0.0,15,347.1,0
250.0,0.03,0.04,0.03,-0.03,59,0.42,99.58,0.83,0.0,-0.01,0.01,44318,0.035,0.0,52.85,0.0,15,347.1,0
252.0,0.03,0.04,0.03,-0.03,35,0.43,99.57,0.85,0.0,-0.01,0.01,1194,0.035,0.0,51.55,0.0,15,347.1,0
253.0,0.03,0.04,0.04,-0.05,2,0.43,99.57,0.84,0.0,-0.01,0.01,1165,0.035,0.0,50.84,0.0,15,347.1,0
254.0,0.03,0.04,0.05,-0.01,6,0.43,99.57,0.85,0.0,-0.01,0.01,1310,0.035,0.0,50.2,0.0,15,347.1,0
255.0,0.03,0.04,0.04,-0.03,202,0.44,99.56,0.86,0.0,-0.01,0.01,40535,0.035,0.0,49.56,0.0,15,347.1,0
256.0,0.03,0.04,0.05,-0.02,154,0.44,99.56,0.87,0.0,-0.01,0.01,1957,0.035,0.0,48.94,0.0,15,347.1,0
257.0,0.04,0.05,0.05,-0.06,15,0.55,99.45,1.07,0.0,-0.01,0.01,1850,0.045,0.0,49.59,0.0,15,347.1,0
259.0,0.04,0.05,0.05,-0.03,347,0.56,99.44,1.09,0.0,-0.01,0.01,4493,0.045,0.0,48.31,0.0,15,347.1,0
260.0,0.04,0.05,0.05,-0.02,207,0.56,99.44,1.1,0.0,-0.01,0.01,110986,0.045,0.0,47.66,0.0,15,347.1,0
262.0,0.04,0.05,0.05,-0.04,40,0.57,99.43,1.12,0.0,-0.01,0.01,2097,0.045,0.0,46.37,0.0,15,347.1,0
263.0,0.05,0.06,0.07,-0.01,3,0.68,99.32,1.33,0.0,-0.01,0.01,8331,0.055,0.0,46.79,0.0,15,347.1,0
264.0,0.05,0.06,0.06,-0.28,100,0.68,99.32,1.34,0.0,-0.01,0.01,1480,0.055,0.0,46.13,0.0,15,347.1,0
265.0,0.05,0.06,0.06,-0.04,616,0.69,99.31,1.36,0.0,-0.01,0.01,15543,0.055,0.0,45.49,0.0,15,347.1,0
266.0,0.05,0.06,0.07,-0.04,160,0.7,99.3,1.37,0.0,-0.01,0.01,2380,0.055,0.0,44.83,0.0,15,347.1,0
267.0,0.06,0.07,0.15,-0.02,116,0.81,99.19,1.58,0.0,-0.02,0.01,2687,0.065,0.0,45.07,0.0,15,347.1,0
268.0,0.06,0.07,0.08,-0.02,115,0.81,99.19,1.6,0.0,-0.02,0.01,1804,0.065,0.0,44.41,0.0,15,347.1,0
269.0,0.06,0.07,0.06,-0.06,72,0.82,99.18,1.61,0.0,-0.02,0.01,3787,0.065,0.0,43.75,0.0,15,347.1,0
270.0,0.06,0.07,0.07,-0.06,691,0.83,99.17,1.63,0.0,-0.02,0.01,51272,0.065,0.0,43.09,0.0,15,347.1,0
272.0,0.07,0.08,0.09,-0.04,2,0.95,99.05,1.86,0.0,-0.02,0.01,6614,0.075,0.0,42.53,0.0,15,347.1,0
273.0,0.07,0.08,0.11,-0.08,1,0.96,99.04,1.88,0.0,-0.02,0.01,10269,0.075,0.0,41.87,0.0,15,347.1,0
274.0,0.08,0.09,0.11,-0.07,11,1.07,98.93,2.1,0.0,-0.02,0.02,7213,0.085,0.0,41.89,0.0,15,347.1,0
275.0,0.08,0.09,0.1,-0.05,218,1.08,98.92,2.12,0.0,-0.02,0.02,21119,0.085,0.0,41.21,0.0,15,347.1,0
276.0,0.09,0.1,0.11,-0.1,10,1.19,98.81,2.34,0.0,-0.02,0.02,6101,0.095,0.0,41.14,0.0,15,347.1,0
280.0,0.11,0.12,0.12,-0.03,1941,1.45,98.55,2.84,0.0,-0.03,0.02,63939,0.115,0.0,39.47,0.0,15,347.1,0
281.0,0.12,0.13,0.15,-0.06,2,1.56,98.44,3.07,0.0,-0.03,0.02,4151,0.125,0.0,39.25,0.0,15,347.1,0
282.0,0.12,0.13,0.15,-0.01,4,1.58,98.42,3.11,0.0,-0.03,0.02,8967,0.125,0.0,38.57,0.0,15,347.1,0
283.0,0.13,0.14,0.16,-0.11,50,1.7,98.3,3.34,0.0,-0.03,0.02,7333,0.135,0.0,38.3,0.0,15,347.1,0
284.0,0.14,0.15,0.15,-0.05,61,1.82,98.18,3.57,0.0,-0.03,0.03,3982,0.145,0.0,38.01,0.0,15,347.1,0
285.0,0.15,0.16,0.15,-0.07,739,1.94,98.06,3.8,0.0,-0.03,0.03,18135,0.155,0.0,37.69,0.0,15,347.1,0
286.0,0.16,0.17,0.16,-0.06,6,2.06,97.94,4.04,0.0,-0.03,0.03,5091,0.165,0.0,37.35,0.0,15,347.1,0
287.0,0.17,0.18,0.17,-0.07,39,2.18,97.82,4.28,0.0,-0.03,0.03,4685,0.175,0.0,36.98,0.0,15,347.1,0
288.0,0.18,0.19,0.19,-0.06,66,2.3,97.7,4.52,0.0,-0.04,0.03,7874,0.185,0.0,36.59,0.0,15,347.1,0
289.0,0.19,0.2,0.2,-0.11,18,2.43,97.57,4.77,0.0,-0.04,0.03,6995,0.195,0.0,36.19,0.0,15,347.1,0
290.0,0.2,0.21,0.2,-0.07,871,2.56,97.44,5.02,0.0,-0.04,0.04,41711,0.205,0.0,35.76,0.0,15,347.1,0
291.0,0.22,0.23,0.26,-0.08,21,2.78,97.22,5.46,0.0,-0.04,0.04,12696,0.225,0.0,35.59,0.0,15,347.1,0
292.0,0.23,0.24,0.27,-0.1,5,2.91,97.09,5.72,0.0,-0.04,0.04,4814,0.235,0.0,35.12,0.0,15,347.1,0
293.0,0.25,0.26,0.27,-0.11,135,3.14,96.86,6.16,0.0,-0.05,0.04,7833,0.255,0.0,34.88,0.0,15,347.1,0
294.0,0.27,0.28,0.31,-0.11,27,3.37,96.63,6.61,0.0,-0.05,0.05,10115,0.275,0.0,34.6,0.0,15,347.1,0
295.0,0.29,0.3,0.28,-0.1,446,3.6,96.4,7.06,0.0,-0.05,0.05,50092,0.295,0.0,34.28,0.0,15,347.1,0
296.0,0.31,0.32,0.35,-0.11,97,3.83,96.17,7.52,0.0,-0.05,0.05,7498,0.315,0.0,33.94,0.0,15,347.1,0
297.0,0.34,0.35,0.34,-0.18,33,4.15,95.85,8.16,-0.01,-0.06,0.06,8189,0.345,0.0,33.76,0.0,15,347.1,0
298.0,0.36,0.37,0.38,-0.16,68,4.4,95.6,8.63,-0.01,-0.06,0.06,17983,0.365,0.0,33.36,0.0,15,347.1,0
299.0,0.39,0.4,0.43,-0.15,14,4.72,95.28,9.27,-0.01,-0.06,0.06,13136,0.395,0.0,33.1,0.0,15,347.1,0
300.0,0.42,0.43,0.41,-0.21,4753,5.06,94.94,9.93,-0.01,-0.07,0.07,112353,0.425,0.0,32.8,0.0,15,347.1,0
301.0,0.45,0.47,0.45,-0.22,57,5.44,94.56,10.67,-0.01,-0.07,0.07,5999,0.46,0.0,32.54,0.0,15,347.1,0
302.0,0.49,0.5,0.5,-0.16,39,5.82,94.18,11.41,-0.01,-0.07,0.07,11671,0.495,0.0,32.24,0.0,15,347.1,0
303.0,0.53,0.54,0.64,0.03,45,6.24,93.76,12.25,-0.01,-0.08,0.08,9244,0.535,0.0,31.97,0.0,15,347.1,0
304.0,0.57,0.58,0.54,-0.22,58,6.68,93.32,13.09,-0.01,-0.08,0.08,14472,0.575,0.01,31.67,0.0,15,347.1,0
305.0,0.62,0.63,0.62,-0.15,2199,7.19,92.81,14.1,-0.01,-0.09,0.09,46499,0.625,0.01,31.44,0.0,15,347.1,0
306.0,0.67,0.68,0.71,-0.23,23,7.71,92.29,15.11,-0.01,-0.09,0.09,8070,0.675,0.01,31.17,0.0,15,347.1,0
307.0,0.72,0.73,0.8,-0.2,112,8.23,91.77,16.14,-0.01,-0.09,0.1,15241,0.725,0.01,30.86,0.0,15,347.1,0
308.0,0.78,0.79,0.85,-0.25,419,8.84,91.16,17.32,-0.01,-0.1,0.1,15971,0.785,0.01,30.6,0.0,15,347.1,0
309.0,0.84,0.86,0.81,-0.36,114,9.49,90.51,18.59,-0.01,-0.1,0.11,14895,0.85,0.01,30.35,0.0,15,347.1,0
310.0,0.91,0.93,0.89,-0.38,6762,10.18,89.82,19.94,-0.01,-0.11,0.12,145054,0.92,0.01,30.1,0.0,15,347.1,0
311.0,0.99,1.0,0.93,-0.43,89,10.91,89.09,21.36,-0.01,-0.11,0.12,15582,0.995,0.01,29.84,0.0,15,347.1,0
312.0,1.07,1.08,1.06,-0.39,127,11.68,88.32,22.87,-0.02,-0.12,0.13,16129,1.075,0.01,29.58,0.0,15,347.1,0
313.0,1.15,1.16,1.11,-0.2,261,12.46,87.54,24.4,-0.02,-0.12,0.13,10356,1.155,0.01,29.27,0.0,15,347.1,0
314.0,1.25,1.26,1.2,-0.47,80,13.38,86.62,26.19,-0.02,-0.13,0.14,12009,1.255,0.01,29.06,0.0,15,347.1,0
315.0,1.35,1.36,1.31,-0.48,5905,14.31,85.69,28.0,-0.02,-0.14,0.15,67701,1.355,0.01,28.8,0.0,15,347.1,0
316.0,1.45,1.46,1.47,-0.42,211,15.25,84.75,29.84,-0.02,-0.14,0.16,10988,1.455,0.01,28.48,0.0,15,347.1,0
317.0,1.56,1.58,1.55,-0.56,628,16.29,83.71,31.86,-0.02,-0.15,0.16,11890,1.57,0.01,28.22,0.0,15,347.1,0
318.0,1.69,1.7,1.7,-0.57,289,17.4,82.6,34.03,-0.02,-0.15,0.17,19073,1.695,0.01,27.96,0.0,15,347.1,0
319.0,1.82,1.83,1.73,-0.79,364,18.55,81.45,36.27,-0.03,-0.16,0.18,10066,1.825,0.01,27.67,0.0,15,347.1,0
320.0,1.96,1.98,1.97,-0.65,5547,19.8,80.2,38.69,-0.03,-0.16,0.19,99277,1.97,0.01,27.42,0.0,15,347.1,0
321.0,2.11,2.12,2.08,-0.72,121,21.07,78.93,41.15,-0.03,-0.17,0.19,8850,2.115,0.01,27.11,0.0,15,347.1,0
322.0,2.27,2.29,2.25,-0.77,579,22.44,77.56,43.83,-0.03,-0.17,0.2,22550,2.28,0.02,26.84,0.0,15,347.1,0
323.0,2.44,2.46,2.41,-0.85,440,23.87,76.13,46.59,-0.03,-0.18,0.21,10644,2.45,0.02,26.54,0.0,15,347.1,0
324.0,2.62,2.64,2.64,-0.83,494,25.35,74.65,49.47,-0.04,-0.18,0.22,11198,2.63,0.02,26.23,0.0,15,347.1,0
325.0,2.81,2.84,2.79,-0.87,19935,26.93,73.07,52.53,-0.04,-0.19,0.22,113441,2.825,0.02,25.93,0.0,15,347.1,0
326.0,3.02,3.04,2.98,-0.95,1173,28.57,71.43,55.71,-0.04,-0.19,0.23,12781,3.03,0.02,25.61,0.0,15,347.1,0
327.0,3.24,3.26,3.17,-1.04,3352,30.3,69.7,59.05,-0.04,-0.2,0.24,12999,3.25,0.02,25.3,0.0,15,347.1,0
328.0,3.47,3.5,3.36,-1.19,790,32.11,67.89,62.55,-0.05,-0.2,0.25,13874,3.485,0.02,24.98,0.0,15,347.1,0
329.0,3.72,3.75,3.64,-1.19,565,34.0,66.0,66.21,-0.05,-0.2,0.25,10652,3.735,0.02,24.66,0.0,15,347.1,0
330.0,3.99,4.02,3.97,-1.16,9141,35.99,64.01,70.03,-0.05,-0.21,0.26,74759,4.005,0.02,24.34,0.0,15,347.1,0
331.0,4.27,4.3,4.27,-1.08,1329,38.04,61.96,73.98,-0.06,-0.21,0.26,9966,4.285,0.02,24.0,0.0,15,347.1,0
332.0,4.57,4.6,4.46,-1.35,1385,40.18,59.82,78.11,-0.06,-0.21,0.27,10031,4.585,0.02,23.66,0.0,15,347.1,0
333.0,4.89,4.92,4.92,-1.3,1119,42.41,57.59,82.39,-0.06,-0.21,0.27,8101,4.905,0.02,23.31,0.0,15,347.1,0
334.0,5.24,5.27,5.12,-1.54,2366,44.74,55.26,86.84,-0.07,-0.21,0.28,9933,5.255,0.02,23.0,0.0,15,347.1,0
335.0,5.6,5.64,5.56,-1.54,17884,47.13,52.87,91.42,-0.07,-0.21,0.28,66801,5.62,0.02,22.66,0.0,15,347.1,0
336.0,6.0,6.04,5.98,-1.48,3499,49.6,50.4,96.14,-0.07,-0.21,0.28,7131,6.02,0.03,22.36,0.0,15,347.1,0
180.0,0.0,0.01,0.03,0.0,12,0.06,99.94,0.11,0.0,0.0,0.0,62,0.005,0.0,82.14,0.0,18,341.04,0
185.0,0.0,0.01,0.04,0.0,2,0.06,99.94,0.12,0.0,0.0,0.0,2,0.005,0.0,78.72,0.0,18,341.04,0
190.0,0.0,0.01,0.06,0.0,5,0.06,99.94,0.12,0.0,0.0,0.0,5,0.005,0.0,75.39,0.0,18,341.04,0
200.0,0.0,0.01,0.07,-0.03,4,0.06,99.94,0.12,0.0,0.0,0.0,16,0.005,0.0,68.96,0.0,18,341.04,0
215.0,0.01,0.02,0.02,0.0,50,0.17,99.83,0.33,0.0,0.0,0.0,6,0.015,0.0,65.37,0.0,18,341.04,0
220.0,0.01,0.02,0.1,-0.02,11,0.17,99.83,0.34,0.0,0.0,0.0,11,0.015,0.0,62.28,0.0,18,341.04,0
225.0,0.01,0.02,0.03,-0.06,7,0.18,99.82,0.35,0.0,0.0,0.0,507,0.015,0.0,59.19,0.0,18,341.04,0
230.0,0.02,0.03,0.17,0.03,1,0.28,99.72,0.55,0.0,-0.01,0.0,21,0.025,0.0,58.83,0.0,18,341.04,0
235.0,0.02,0.03,0.21,0.0,1,0.29,99.71,0.57,0.0,-0.01,0.0,6,0.025,0.0,55.79,0.0,18,341.04,0
240.0,0.02,0.04,0.15,0.0,1,0.35,99.65,0.69,0.0,-0.01,0.01,7,0.03,0.0,53.73,0.0,18,341.04,0
245.0,0.03,0.04,0.1,-0.09,1,0.41,99.59,0.8,0.0,-0.01,0.01,28,0.035,0.0,51.49,0.0,18,341.04,0
255.0,0.04,0.06,0.11,-0.13,1,0.59,99.41,1.16,0.0,-0.01,0.01,35,0.05,0.0,47.28,0.0,18,341.04,0
260.0,0.05,0.07,0.07,-0.02,4,0.71,99.29,1.39,0.0,-0.01,0.01,44,0.06,0.0,45.15,0.0,18,341.04,0
270.0,0.08,0.1,0.1,-0.09,100,1.07,98.93,2.1,0.0,-0.02,0.02,254,0.09,0.0,41.14,0.0,18,341.04,0
275.0,0.11,0.12,0.29,-0.21,2,1.37,98.63,2.69,0.0,-0.02,0.02,63,0.115,0.0,39.33,0.0,18,341.04,0
285.0,0.19,0.21,0.26,-0.05,2,2.35,97.65,4.61,0.0,-0.03,0.04,1498,0.2,0.0,35.94,0.0,18,341.04,0
290.0,0.26,0.28,0.29,-0.05,30,3.14,96.86,6.16,0.0,-0.04,0.05,589,0.27,0.0,34.33,0.0,18,341.04,0
295.0,0.37,0.38,0.4,-0.18,2,4.27,95.73,8.39,-0.01,-0.05,0.06,1125,0.375,0.0,32.86,0.0,18,341.04,0
300.0,0.52,0.54,0.53,-0.08,153,5.89,94.11,11.55,-0.01,-0.07,0.08,2213,0.53,0.0,31.48,0.0,18,341.04,0
305.0,0.75,0.77,0.84,-0.04,17,8.17,91.83,16.01,-0.01,-0.08,0.11,2548,0.76,0.01,30.2,0.0,18,341.04,0
310.0,1.08,1.11,1.19,-0.3,57,11.32,88.68,22.15,-0.02,-0.1,0.14,860,1.095,0.01,28.96,0.0,18,341.04,0
313.0,1.34,1.38,1.46,0.06,2,13.7,86.3,26.8,-0.02,-0.12,0.16,322,1.36,0.01,28.21,0.0,18,341.04,0
314.0,1.44,1.48,1.46,0.0,1,14.58,85.42,28.51,-0.02,-0.12,0.16,254,1.46,0.01,27.95,0.0,18,341.04,0
315.0,1.55,1.59,1.58,-0.14,52,15.53,84.47,30.36,-0.03,-0.13,0.17,256,1.57,0.01,27.71,0.0,18,341.04,0
316.0,1.66,1.7,1.7,-0.48,169,16.49,83.51,32.23,-0.03,-0.13,0.18,248,1.68,0.01,27.42,0.0,18,341.04,0
317.0,1.79,1.83,1.84,0.14,1,17.57,82.43,34.32,-0.03,-0.14,0.19,5821,1.81,0.01,27.2,0.0,18,341.04,0
318.0,1.92,1.96,1.97,0.12,1,18.66,81.34,36.44,-0.03,-0.14,0.19,382,1.94,0.01,26.94,0.0,18,341.04,0
319.0,2.06,2.1,2.08,-0.19,2,19.81,80.19,38.69,-0.03,-0.15,0.2,202,2.08,0.01,26.67,0.0,18,341.04,0
320.0,2.2,2.25,2.25,-0.54,3,21.01,78.99,41.01,-0.03,-0.15,0.21,1241,2.225,0.01,26.39,0.0,18,341.04,0
321.0,2.36,2.41,2.4,-0.22,17,22.28,77.72,43.49,-0.04,-0.15,0.22,494,2.385,0.01,26.13,0.0,18,341.04,0
322.0,2.53,2.58,2.49,0.0,11,23.63,76.37,46.1,-0.04,-0.16,0.23,312,2.555,0.01,25.86,0.0,18,341.04,0
323.0,2.71,2.75,2.72,-0.66,23,25.01,74.99,48.78,-0.04,-0.16,0.23,194,2.73,0.02,25.56,0.0,18,341.04,0
324.0,2.9,2.94,3.04,-0.58,85,26.47,73.53,51.62,-0.04,-0.17,0.24,280,2.92,0.02,25.28,0.0,18,341.04,0
325.0,3.1,3.15,3.37,0.07,15,28.02,71.98,54.61,-0.05,-0.17,0.25,1037,3.125,0.02,25.01,0.0,18,341.04,0
326.0,3.31,3.36,3.5,0.27,3,29.61,70.39,57.68,-0.05,-0.17,0.26,324,3.335,0.02,24.7,0.0,18,341.04,0
327.0,3.53,3.59,3.54,-0.86,10,31.28,68.72,60.9,-0.05,-0.18,0.26,219,3.56,0.02,24.39,0.0,18,341.04,0
328.0,3.77,3.83,3.68,-0.54,11,33.02,66.98,64.27,-0.06,-0.18,0.27,152,3.8,0.02,24.09,0.0,18,341.04,0
329.0,4.03,4.08,4.23,-0.81,90,34.84,65.16,67.79,-0.06,-0.18,0.28,159,4.055,0.02,23.78,0.0,18,341.04,0
330.0,4.3,4.36,4.34,-0.99,48,36.75,63.25,71.46,-0.06,-0.18,0.28,361,4.33,0.02,23.49,0.0,18,341.04,0
331.0,4.59,4.64,4.57,-1.06,66,38.72,61.28,75.25,-0.07,-0.18,0.29,214,4.615,0.02,23.16,0.0,18,341.04,0
332.0,4.89,4.95,5.0,-1.22,115,40.77,59.23,79.19,-0.07,-0.18,0.29,386,4.92,0.02,22.85,0.0,18,341.04,0
333.0,5.22,5.28,5.23,-0.41,215,42.91,57.09,83.29,-0.07,-0.19,0.3,126,5.25,0.02,22.55,0.0,18,341.04,0
334.0,5.56,5.62,5.52,-0.52,137,45.1,54.9,87.5,-0.08,-0.18,0.3,356,5.59,0.02,22.21,0.0,18,341.04,0
335.0,5.93,5.99,5.92,-0.38,136,47.38,52.62,91.86,-0.08,-0.18,0.3,463,5.96,0.02,21.91,0.0,18,341.04,0
336.0,6.32,6.39,6.4,-1.14,276,49.73,50.27,96.34,-0.09,-0.18,0.31,118,6.355,0.02,21.61,0.0,18,341.04,0
180.0,0.0,0.01,0.01,0.0,6,0.06,99.94,0.11,0.0,0.0,0.0,0,0.005,0.0,78.14,0.0,20,342.4,0
200.0,0.01,0.02,0.02,0.0,5,0.16,99.84,0.31,0.0,0.0,0.0,101,0.015,0.0,71.54,0.0,20,342.4,0
205.0,0.01,0.02,0.1,0.0,1,0.16,99.84,0.32,0.0,0.0,0.0,0,0.015,0.0,68.39,0.0,20,342.4,0
215.0,0.02,0.03,0.02,-0.01,50,0.26,99.74,0.51,0.0,-0.01,0.0,24,0.025,0.0,65.11,0.0,20,342.4,0
235.0,0.03,0.04,0.16,-0.06,1,0.38,99.62,0.75,0.0,-0.01,0.01,1,0.035,0.0,54.8,0.0,20,342.4,0
240.0,0.04,0.05,0.05,-0.01,10,0.49,99.51,0.95,0.0,-0.01,0.01,41,0.045,0.0,53.2,0.0,20,342.4,0
250.0,0.05,0.06,0.09,0.0,152,0.61,99.39,1.19,0.0,-0.01,0.01,152,0.055,0.0,48.33,0.0,20,342.4,0
255.0,0.07,0.08,0.09,-0.01,25,0.82,99.18,1.6,0.0,-0.01,0.01,1851,0.075,0.0,47.07,0.0,20,342.4,0
260.0,0.08,0.09,0.12,-0.01,20,0.94,99.06,1.83,0.0,-0.02,0.02,2712,0.085,0.0,44.74,0.0,20,342.4,0
265.0,0.1,0.11,0.12,-0.12,289,1.16,98.84,2.27,0.0,-0.02,0.02,759,0.105,0.0,42.91,0.0,20,342.4,0
270.0,0.13,0.14,0.15,-0.13,2,1.48,98.52,2.9,0.0,-0.02,0.02,453,0.135,0.0,41.27,0.0,20,342.4,0
275.0,0.17,0.18,0.29,-0.08,52,1.89,98.11,3.71,0.0,-0.03,0.03,992,0.175,0.0,39.65,0.0,20,342.4,0
280.0,0.22,0.23,0.25,0.0,1,2.42,97.58,4.74,0.0,-0.03,0.04,2425,0.225,0.0,37.98,0.0,20,342.4,0
285.0,0.28,0.29,0.29,-0.05,162,3.06,96.94,6.0,-0.01,-0.04,0.05,2453,0.285,0.0,36.18,0.0,20,342.4,0
290.0,0.38,0.39,0.4,-0.11,12,4.06,95.94,7.95,-0.01,-0.05,0.06,2246,0.385,0.0,34.75,0.0,20,342.4,0
295.0,0.52,0.53,0.59,0.02,7,5.41,94.59,10.61,-0.01,-0.06,0.08,2007,0.525,0.0,33.37,0.0,20,342.4,0
300.0,0.71,0.73,0.76,-0.17,28,7.24,92.76,14.17,-0.01,-0.08,0.1,1081,0.72,0.0,32.02,0.0,20,342.4,0
305.0,0.98,1.01,0.99,-0.29,317,9.7,90.3,18.98,-0.02,-0.09,0.13,851,0.995,0.01,30.72,0.0,20,342.4,0
310.0,1.37,1.4,1.46,-0.34,10,13.01,86.99,25.43,-0.02,-0.11,0.16,2191,1.385,0.01,29.48,0.0,20,342.4,0
315.0,1.89,1.93,1.92,-0.43,19,17.25,82.75,33.68,-0.03,-0.13,0.19,2242,1.91,0.01,28.18,0.0,20,342.4,0
320.0,2.61,2.64,2.75,-0.45,108,22.69,77.31,44.24,-0.04,-0.15,0.23,2718,2.625,0.01,26.87,0.0,20,342.4,0
324.0,3.34,3.39,3.39,-0.59,637,28.0,72.0,54.54,-0.05,-0.17,0.26,351,3.365,0.02,25.78,0.0,20,342.4,0
325.0,3.55,3.6,3.57,-0.1,298,29.47,70.53,57.38,-0.06,-0.17,0.27,1559,3.575,0.02,25.48,0.0,20,342.4,0
326.0,3.77,3.83,3.71,-1.32,59,31.0,69.0,60.35,-0.06,-0.17,0.28,320,3.8,0.02,25.2,0.0,20,342.4,0
327.0,4.01,4.06,3.86,-1.12,35,32.6,67.4,63.42,-0.06,-0.17,0.28,212,4.035,0.02,24.9,0.0,20,342.4,0
328.0,4.26,4.31,4.27,-1.04,4,34.26,65.74,66.63,-0.06,-0.18,0.29,245,4.285,0.02,24.61,0.0,20,342.4,0
329.0,4.52,4.58,4.78,-1.01,92,35.99,64.01,69.96,-0.07,-0.18,0.3,66,4.55,0.02,24.31,0.0,20,342.4,0
330.0,4.8,4.85,4.86,-0.67,100,37.77,62.23,73.39,-0.07,-0.18,0.3,2190,4.825,0.02,24.0,0.0,20,342.4,0
331.0,5.09,5.15,4.98,-1.23,2,39.63,60.37,76.96,-0.08,-0.18,0.31,73,5.12,0.02,23.7,0.0,20,342.4,0
332.0,5.4,5.46,5.4,-1.2,7,41.55,58.45,80.66,-0.08,-0.18,0.31,145,5.43,0.02,23.39,0.0,20,342.4,0
333.0,5.73,5.79,6.15,-0.72,14,43.54,56.46,84.47,-0.08,-0.18,0.31,78,5.76,0.02,23.08,0.0,20,342.4,0
334.0,6.08,6.14,6.1,-0.91,5,45.59,54.41,88.41,-0.09,-0.18,0.32,340,6.11,0.02,22.78,0.0,20,342.4,0
335.0,6.45,6.51,6.76,-0.12,48,47.71,52.29,92.46,-0.09,-0.18,0.32,446,6.48,0.02,22.47,0.0,20,342.4,0
336.0,6.84,6.9,6.71,-0.84,173,49.88,50.12,96.61,-0.1,-0.18,0.32,191,6.87,0.02,22.17,0.0,20,342.4,0
165.0,0.0,0.01,0.04,0.0,1,0.06,99.94,0.11,0.0,0.0,0.0,3,0.005,0.0,84.52,0.0,22,343.13,0
175.0,0.0,0.01,0.02,0.0,2,0.06,99.94,0.11,0.0,0.0,0.0,2,0.005,0.0,77.86,0.0,22,343.13,0
180.0,0.01,0.02,0.02,-0.03,300,0.15,99.85,0.3,0.0,0.0,0.0,300,0.015,0.0,81.43,0.0,22,343.13,0
200.0,0.01,0.02,0.02,-0.07,11,0.16,99.84,0.31,0.0,0.0,0.0,176,0.015,0.0,68.36,0.0,22,343.13,0
205.0,0.02,0.03,0.02,-0.03,50,0.25,99.75,0.49,0.0,-0.01,0.0,2,0.025,0.0,68.32,0.0,22,343.13,0
220.0,0.03,0.04,0.08,-0.06,1,0.36,99.64,0.69,0.0,-0.01,0.01,18,0.035,0.0,61.19,0.0,22,343.13,0
225.0,0.03,0.04,0.04,-0.05,2,0.36,99.64,0.71,0.0,-0.01,0.01,55,0.035,0.0,58.17,0.0,22,343.13,0
230.0,0.04,0.05,0.11,-0.06,1,0.46,99.54,0.89,0.0,-0.01,0.01,16,0.045,0.0,56.64,0.0,22,343.13,0
240.0,0.05,0.06,0.07,-0.02,13,0.57,99.43,1.12,0.0,-0.01,0.01,96,0.055,0.0,51.92,0.0,22,343.13,0
245.0,0.06,0.07,0.08,-0.02,3,0.68,99.32,1.32,0.0,-0.01,0.01,13217,0.065,0.0,49.95,0.0,22,343.13,0
250.0,0.07,0.08,0.09,-0.02,229,0.79,99.21,1.54,0.0,-0.01,0.01,501,0.075,0.0,47.86,0.0,22,343.13,0
255.0,0.09,0.1,0.45,0.04,56,0.98,99.02,1.93,0.0,-0.02,0.02,372,0.095,0.0,46.24,0.0,22,343.13,0
260.0,0.11,0.12,0.11,-0.03,63,1.19,98.81,2.34,0.0,-0.02,0.02,27183,0.115,0.0,44.41,0.0,22,343.13,0
265.0,0.14,0.15,0.14,-0.05,32,1.49,98.51,2.92,0.0,-0.02,0.03,621,0.145,0.0,42.76,0.0,22,343.13,0
270.0,0.18,0.19,0.18,-0.02,38,1.88,98.12,3.69,0.0,-0.03,0.03,4691,0.185,0.0,41.2,0.0,22,343.13,0
275.0,0.22,0.23,0.21,-0.06,17,2.3,97.7,4.5,0.0,-0.03,0.04,14063,0.225,0.0,39.34,0.0,22,343.13,0
280.0,0.29,0.3,0.28,-0.01,18,2.96,97.04,5.81,-0.01,-0.04,0.05,7175,0.295,0.0,37.9,0.0,22,343.13,0
285.0,0.37,0.38,0.37,-0.07,11,3.74,96.26,7.32,-0.01,-0.05,0.06,1446,0.375,0.0,36.24,0.0,22,343.13,0
290.0,0.49,0.5,0.47,-0.15,35,4.85,95.15,9.5,-0.01,-0.05,0.07,1400,0.495,0.0,34.81,0.0,22,343.13,0
295.0,0.66,0.67,0.71,-0.12,26,6.37,93.63,12.46,-0.01,-0.07,0.09,2603,0.665,0.0,33.5,0.0,22,343.13,0
300.0,0.89,0.9,0.88,-0.24,240,8.35,91.65,16.33,-0.02,-0.08,0.12,2172,0.895,0.01,32.19,0.0,22,343.13,0
302.5,1.03,1.05,1.04,-0.19,32,9.56,90.44,18.69,-0.02,-0.09,0.13,922,1.04,0.01,31.54,0.0,22,343.13,0
305.0,1.2,1.23,1.33,-0.19,299,10.98,89.02,21.45,-0.02,-0.1,0.14,799,1.215,0.01,30.95,0.0,22,343.13,0
306.0,1.28,1.31,1.27,-0.14,2,11.61,88.39,22.68,-0.02,-0.1,0.15,476,1.295,0.01,30.72,0.0,22,343.13,0
307.0,1.36,1.39,1.33,-0.17,16,12.25,87.75,23.92,-0.02,-0.1,0.16,1074,1.375,0.01,30.46,0.0,22,343.13,0
308.0,1.45,1.48,1.46,-0.08,11,12.94,87.06,25.28,-0.03,-0.11,0.16,713,1.465,0.01,30.24,0.0,22,343.13,0
309.0,1.54,1.57,1.51,-0.03,3,13.64,86.36,26.64,-0.03,-0.11,0.17,215,1.555,0.01,29.98,0.0,22,343.13,0
310.0,1.64,1.66,1.59,-0.43,210,14.38,85.62,28.08,-0.03,-0.12,0.18,1494,1.65,0.01,29.72,0.0,22,343.13,0
311.0,1.74,1.78,1.73,-0.02,26,15.2,84.8,29.67,-0.03,-0.12,0.18,634,1.76,0.01,29.51,0.0,22,343.13,0
312.0,1.85,1.89,1.88,-0.53,4,16.02,83.98,31.27,-0.03,-0.12,0.19,763,1.87,0.01,29.26,0.0,22,343.13,0
313.0,1.97,1.99,1.88,-0.56,4,16.86,83.14,32.89,-0.03,-0.13,0.2,942,1.98,0.01,28.98,0.0,22,343.13,0
314.0,2.09,2.12,2.34,-0.23,106,17.77,82.23,34.66,-0.04,-0.13,0.21,1814,2.105,0.01,28.75,0.0,22,343.13,0
315.0,2.22,2.25,2.22,-0.08,116,18.71,81.29,36.5,-0.04,-0.13,0.21,26912,2.235,0.01,28.5,0.0,22,343.13,0
316.0,2.36,2.38,2.32,-0.21,33,19.69,80.31,38.39,-0.04,-0.14,0.22,1222,2.37,0.01,28.23,0.0,22,343.13,0
317.0,2.5,2.53,2.8,-0.13,152,20.72,79.28,40.39,-0.04,-0.14,0.23,775,2.515,0.01,27.98,0.0,22,343.13,0
319.0,2.82,2.86,3.11,-0.34,109,22.96,77.04,44.73,-0.05,-0.15,0.24,1626,2.84,0.01,27.5,0.0,22,343.13,0
320.0,2.99,3.01,2.97,-0.68,524,24.09,75.91,46.92,-0.05,-0.15,0.25,4398,3.0,0.01,27.2,0.0,22,343.13,0
321.0,3.16,3.2,3.34,-0.69,112,25.31,74.69,49.28,-0.05,-0.15,0.26,1317,3.18,0.01,26.93,0.0,22,343.13,0
322.0,3.35,3.4,3.58,-0.12,71,26.59,73.41,51.77,-0.05,-0.16,0.27,900,3.375,0.01,26.69,0.0,22,343.13,0
323.0,3.55,3.59,3.51,-0.24,138,27.9,72.1,54.29,-0.06,-0.16,0.27,1838,3.57,0.01,26.4,0.0,22,343.13,0
324.0,3.76,3.79,3.63,-0.59,241,29.25,70.75,56.91,-0.06,-0.16,0.28,1505,3.775,0.01,26.11,0.0,22,343.13,0
325.0,3.98,4.01,3.93,-0.97,644,30.67,69.33,59.65,-0.06,-0.17,0.29,4641,3.995,0.02,25.83,0.0,22,343.13,0
326.0,4.21,4.26,4.14,-0.32,141,32.17,67.83,62.54,-0.07,-0.17,0.29,1172,4.235,0.02,25.57,0.0,22,343.13,0
327.0,4.45,4.49,4.72,-0.76,258,33.68,66.32,65.45,-0.07,-0.17,0.3,686,4.47,0.02,25.25,0.0,22,343.13,0
328.0,4.71,4.76,4.55,-1.14,215,35.28,64.72,68.55,-0.07,-0.17,0.31,997,4.735,0.02,24.99,0.0,22,343.13,0
329.0,4.98,5.02,5.02,-0.95,200,36.92,63.08,71.69,-0.08,-0.17,0.31,1672,5.0,0.02,24.68,0.0,22,343.13,0
330.0,5.26,5.31,5.15,-1.17,306,38.62,61.38,74.96,-0.08,-0.17,0.32,3917,5.285,0.02,24.38,0.0,22,343.13,0
331.0,5.56,5.61,5.56,-0.91,235,40.38,59.62,78.35,-0.08,-0.17,0.32,383,5.585,0.02,24.09,0.0,22,343.13,0
332.0,5.88,5.93,5.99,-1.18,28,42.2,57.8,81.85,-0.09,-0.18,0.33,524,5.905,0.02,23.8,0.0,22,343.13,0
333.0,6.21,6.26,6.2,-1.18,386,44.08,55.92,85.44,-0.09,-0.18,0.33,26773,6.235,0.02,23.49,0.0,22,343.13,0
334.0,6.56,6.62,6.39,-1.5,65,46.01,53.99,89.14,-0.1,-0.17,0.33,419,6.59,0.02,23.2,0.0,22,343.13,0
335.0,6.93,6.99,6.95,-1.4,378,48.0,52.0,92.94,-0.1,-0.17,0.33,1115,6.96,0.02,22.9,0.0,22,343.13,0
336.0,7.32,7.38,7.25,-1.18,443,50.04,49.96,96.83,-0.11,-0.17,0.34,798,7.35,0.02,22.6,0.0,22,343.13,0
195.0,0.01,0.02,0.09,0.0,40,0.16,99.84,0.31,0.0,0.0,0.0,80,0.015,0.0,67.25,0.0,25,335.62,0
205.0,0.02,0.03,0.08,0.0,41,0.25,99.75,0.49,0.0,0.0,0.0,41,0.025,0.0,64.26,0.0,25,335.62,0
210.0,0.02,0.03,0.12,0.0,20,0.26,99.74,0.5,0.0,0.0,0.0,281,0.025,0.0,61.35,0.0,25,335.62,0
225.0,0.03,0.05,0.08,-0.02,3,0.41,99.59,0.79,0.0,-0.01,0.01,1,0.04,0.0,55.46,0.0,25,335.62,0
230.0,0.04,0.05,0.07,-0.02,10,0.46,99.54,0.89,0.0,-0.01,0.01,6,0.045,0.0,53.28,0.0,25,335.62,0
235.0,0.05,0.06,0.11,-0.13,300,0.55,99.45,1.08,0.0,-0.01,0.01,301,0.055,0.0,51.59,0.0,25,335.62,0
240.0,0.06,0.07,0.07,-0.02,4,0.65,99.35,1.28,0.0,-0.01,0.01,5,0.065,0.0,49.73,0.0,25,335.62,0
245.0,0.07,0.08,0.09,-0.01,13,0.76,99.24,1.48,0.0,-0.01,0.01,15,0.075,0.0,47.75,0.0,25,335.62,0
250.0,0.09,0.1,0.12,-0.26,1,0.95,99.05,1.86,0.0,-0.01,0.02,5,0.095,0.0,46.28,0.0,25,335.62,0
255.0,0.11,0.12,0.12,-0.48,1,1.14,98.86,2.24,0.0,-0.02,0.02,1,0.115,0.0,44.54,0.0,25,335.62,0
260.0,0.13,0.14,0.28,-0.25,1,1.35,98.65,2.65,0.0,-0.02,0.02,43,0.135,0.0,42.65,0.0,25,335.62,0
265.0,0.16,0.18,0.19,-0.14,1,1.69,98.31,3.3,0.0,-0.02,0.03,464,0.17,0.0,41.12,0.0,25,335.62,0
270.0,0.2,0.22,0.22,-0.06,2,2.08,97.92,4.06,0.0,-0.03,0.04,642,0.21,0.0,39.48,0.0,25,335.62,0
275.0,0.26,0.27,0.27,-0.07,10,2.6,97.4,5.08,-0.01,-0.03,0.04,297,0.265,0.0,37.95,0.0,25,335.62,0
280.0,0.33,0.34,0.35,-0.08,83,3.26,96.74,6.37,-0.01,-0.04,0.05,407,0.335,0.0,36.41,0.0,25,335.62,0
285.0,0.43,0.44,0.43,-0.03,20,4.16,95.84,8.14,-0.01,-0.04,0.07,303,0.435,0.0,35.02,0.0,25,335.62,0
290.0,0.56,0.58,0.64,0.05,6,5.35,94.65,10.48,-0.01,-0.05,0.08,271,0.57,0.0,33.68,0.0,25,335.62,0
295.0,0.74,0.77,0.81,0.1,17,6.93,93.07,13.56,-0.01,-0.07,0.1,669,0.755,0.0,32.4,0.0,25,335.62,0
300.0,1.0,1.03,1.03,-0.19,12,9.05,90.95,17.69,-0.02,-0.08,0.13,740,1.015,0.01,31.23,0.0,25,335.62,0
305.0,1.35,1.38,1.52,0.08,162,11.78,88.22,23.0,-0.03,-0.09,0.16,727,1.365,0.01,30.07,0.0,25,335.62,0
310.0,1.82,1.86,1.75,0.06,57,15.28,84.72,29.82,-0.03,-0.11,0.2,956,1.84,0.01,28.95,0.0,25,335.62,0
315.0,2.43,2.47,2.39,-0.09,20,19.59,80.41,38.2,-0.04,-0.13,0.23,2635,2.45,0.01,27.75,0.0,25,335.62,0
320.0,3.23,3.27,3.16,-0.66,285,24.94,75.06,48.55,-0.06,-0.14,0.27,1271,3.25,0.01,26.52,0.0,25,335.62,0
321.0,3.42,3.46,3.6,-0.2,35,26.15,73.85,50.89,-0.06,-0.14,0.28,469,3.44,0.01,26.28,0.0,25,335.62,0
322.0,3.61,3.65,3.68,-0.37,10,27.38,72.62,53.27,-0.06,-0.15,0.29,182,3.63,0.01,26.01,0.0,25,335.62,0
323.0,3.81,3.86,3.88,-0.04,151,28.67,71.33,55.77,-0.07,-0.15,0.29,613,3.835,0.01,25.75,0.0,25,335.62,0
324.0,4.03,4.08,4.02,-0.93,4,30.02,69.98,58.38,-0.07,-0.15,0.3,344,4.055,0.01,25.5,0.0,25,335.62,0
325.0,4.25,4.3,4.2,-0.93,18,31.39,68.61,61.03,-0.07,-0.15,0.31,957,4.275,0.02,25.22,0.0,25,335.62,0
327.0,4.74,4.79,4.79,0.49,5,34.33,65.67,66.7,-0.08,-0.16,0.32,22,4.765,0.02,24.69,0.0,25,335.62,0
328.0,5.0,5.05,4.81,-0.13,6,35.87,64.13,69.67,-0.08,-0.16,0.33,70,5.025,0.02,24.4,0.0,25,335.62,0
329.0,5.27,5.33,5.83,0.23,11,37.47,62.53,72.74,-0.09,-0.16,0.33,272,5.3,0.02,24.13,0.0,25,335.62,0
330.0,5.56,5.61,5.47,0.2,22,39.11,60.89,75.89,-0.09,-0.16,0.34,718,5.585,0.02,23.83,0.0,25,335.62,0
331.0,5.86,5.91,5.76,-1.18,22,40.81,59.19,79.15,-0.1,-0.16,0.34,55,5.885,0.02,23.54,0.0,25,335.62,0
332.0,6.18,6.23,6.67,0.38,11,42.56,57.44,82.53,-0.1,-0.16,0.35,134,6.205,0.02,23.26,0.0,25,335.62,0
333.0,6.51,6.57,6.86,-0.65,48,44.37,55.63,85.99,-0.11,-0.16,0.35,56,6.54,0.02,22.98,0.0,25,335.62,0
334.0,6.86,6.92,6.84,-1.25,237,46.23,53.77,89.55,-0.11,-0.16,0.35,135,6.89,0.02,22.68,0.0,25,335.62,0
335.0,7.23,7.3,7.6,-0.83,46,48.15,51.85,93.21,-0.11,-0.16,0.36,191,7.265,0.02,22.41,0.0,25,335.62,0
336.0,7.62,7.68,7.72,0.08,73,50.1,49.9,96.95,-0.12,-0.16,0.36,212,7.65,0.02,22.11,0.0,25,335.62,1
195.0,0.02,0.03,0.05,-0.04,3,0.24,99.76,0.47,0.0,0.0,0.0,325,0.025,0.0,67.72,0.0,27,326.13,0
200.0,0.02,0.03,0.06,0.0,2,0.25,99.75,0.48,0.0,0.0,0.0,2,0.025,0.0,64.8,0.0,27,326.13,0
235.0,0.06,0.07,0.09,-0.01,1,0.64,99.36,1.24,0.0,-0.01,0.01,8,0.065,0.0,50.63,0.0,27,326.13,0
240.0,0.08,0.09,0.1,-0.01,1,0.81,99.19,1.59,0.0,-0.01,0.01,1,0.085,0.0,49.41,0.0,27,326.13,0
245.0,0.09,0.1,0.19,0.0,1,0.92,99.08,1.79,0.0,-0.01,0.02,1,0.095,0.0,47.3,0.0,27,326.13,0
250.0,0.11,0.12,0.13,-0.02,2,1.11,98.89,2.16,0.0,-0.02,0.02,7,0.115,0.0,45.65,0.0,27,326.13,0
270.0,0.26,0.27,0.27,-0.07,2,2.48,97.52,4.84,-0.01,-0.03,0.04,224,0.265,0.0,39.41,0.0,27,326.13,0
275.0,0.32,0.34,0.36,-0.03,3,3.06,96.94,5.98,-0.01,-0.03,0.05,1194,0.33,0.0,37.89,0.0,27,326.13,0
280.0,0.41,0.43,0.43,-0.06,20,3.84,96.16,7.5,-0.01,-0.04,0.06,524,0.42,0.0,36.49,0.0,27,326.13,0
285.0,0.53,0.54,0.55,0.01,16,4.82,95.18,9.43,-0.01,-0.05,0.08,250,0.535,0.0,35.09,0.0,27,326.13,0
290.0,0.69,0.71,0.68,-0.05,102,6.17,93.83,12.05,-0.01,-0.06,0.1,1057,0.7,0.0,33.85,0.0,27,326.13,0
295.0,0.9,0.93,0.91,0.08,15,7.88,92.12,15.38,-0.02,-0.07,0.12,125,0.915,0.0,32.62,0.0,27,326.13,0
300.0,1.2,1.23,1.23,-0.05,7,10.14,89.86,19.79,-0.02,-0.08,0.15,315,1.215,0.01,31.5,0.0,27,326.13,0
305.0,1.59,1.62,1.56,-0.07,1,12.96,87.04,25.29,-0.03,-0.1,0.18,273,1.605,0.01,30.37,0.0,27,326.13,0
310.0,2.1,2.14,2.23,-0.17,19,16.51,83.49,32.18,-0.04,-0.11,0.21,256,2.12,0.01,29.25,0.0,27,326.13,0
315.0,2.76,2.8,2.91,0.05,4,20.85,79.15,40.6,-0.05,-0.13,0.25,365,2.78,0.01,28.08,0.0,27,326.13,0
320.0,3.59,3.64,3.53,-0.12,48,26.08,73.92,50.73,-0.06,-0.14,0.29,163,3.615,0.01,26.84,0.0,27,326.13,0
324.0,4.42,4.47,4.41,-0.94,6,31.02,68.98,60.26,-0.08,-0.15,0.32,347,4.445,0.01,25.82,0.0,27,326.13,0
325.0,4.65,4.7,4.5,-0.25,12,32.36,67.64,62.84,-0.08,-0.15,0.32,712,4.675,0.01,25.54,0.0,27,326.13,0
328.0,5.41,5.46,5.39,-0.39,3,36.65,63.35,71.12,-0.09,-0.16,0.34,324,5.435,0.02,24.72,0.0,27,326.13,1
329.0,5.68,5.74,5.77,0.58,2,38.18,61.82,74.05,-0.1,-0.16,0.35,322,5.71,0.02,24.43,0.0,27,326.13,1
330.0,5.97,6.03,5.94,-1.21,2099,39.75,60.25,77.07,-0.1,-0.16,0.35,406,6.0,0.02,24.15,0.0,27,326.13,1
332.0,6.6,6.66,6.5,-1.57,24,43.05,56.95,83.41,-0.11,-0.16,0.36,225,6.63,0.02,23.59,0.0,27,326.13,1
335.0,7.65,7.71,7.75,-1.13,90,48.36,51.64,93.56,-0.12,-0.16,0.37,60,7.68,0.02,22.72,0.0,27,326.13,1
336.0,8.04,8.1,8.29,-1.03,13,50.22,49.78,97.11,-0.13,-0.15,0.37,340,8.07,0.02,22.44,0.0,27,326.13,1
175.0,0.01,0.02,0.03,-0.04,3,0.15,99.85,0.29,0.0,0.0,0.0,15,0.015,0.0,74.2,0.0,29,322.6,0
180.0,0.01,0.02,0.09,0.02,81,0.15,99.85,0.3,0.0,0.0,0.0,300,0.015,0.0,71.3,0.0,29,322.6,0
185.0,0.02,0.03,0.05,-0.04,3,0.24,99.76,0.46,0.0,0.0,0.0,145,0.025,0.0,71.34,0.0,29,322.6,0
200.0,0.02,0.03,0.03,-0.01,5,0.25,99.75,0.48,0.0,0.0,0.0,696,0.025,0.0,62.6,0.0,29,322.6,0
210.0,0.03,0.04,0.1,-0.09,100,0.34,99.66,0.66,0.0,-0.01,0.01,106,0.035,0.0,58.94,0.0,29,322.6,0
220.0,0.05,0.06,0.05,-0.02,6,0.52,99.48,1.0,0.0,-0.01,0.01,4314,0.055,0.0,56.06,0.0,29,322.6,0
225.0,0.06,0.07,0.07,-0.01,4,0.6,99.4,1.18,0.0,-0.01,0.01,519,0.065,0.0,54.29,0.0,29,322.6,0
230.0,0.06,0.08,0.08,-0.02,4,0.66,99.34,1.28,0.0,-0.01,0.01,1569,0.07,0.0,52.0,0.0,29,322.6,0
235.0,0.08,0.09,0.09,-0.13,1,0.79,99.21,1.54,0.0,-0.01,0.01,53,0.085,0.0,50.42,0.0,29,322.6,0
240.0,0.09,0.11,0.1,-0.03,15,0.93,99.07,1.81,0.0,-0.01,0.02,1673,0.1,0.0,48.66,0.0,29,322.6,0
245.0,0.11,0.13,0.12,-0.05,7419,1.11,98.89,2.16,0.0,-0.02,0.02,105401,0.12,0.0,47.02,0.0,29,322.6,0
250.0,0.14,0.15,0.13,-0.06,22,1.33,98.67,2.59,0.0,-0.02,0.02,868,0.145,0.0,45.43,0.0,29,322.6,0
255.0,0.17,0.18,0.18,-0.04,51,1.6,98.4,3.12,0.0,-0.02,0.03,1078,0.175,0.0,43.84,0.0,29,322.6,0
260.0,0.2,0.22,0.21,-0.06,38,1.9,98.1,3.72,0.0,-0.02,0.03,88361,0.21,0.0,42.18,0.0,29,322.6,0
265.0,0.25,0.27,0.27,-0.02,400,2.33,97.67,4.56,-0.01,-0.03,0.04,54420,0.26,0.0,40.73,0.0,29,322.6,0
270.0,0.31,0.33,0.32,-0.05,220,2.85,97.15,5.57,-0.01,-0.03,0.05,4343,0.32,0.0,39.22,0.0,29,322.6,0
275.0,0.39,0.41,0.39,-0.08,28,3.52,96.48,6.88,-0.01,-0.04,0.06,8901,0.4,0.0,37.81,0.0,29,322.6,0
280.0,0.49,0.51,0.52,-0.08,171,4.35,95.65,8.5,-0.01,-0.04,0.07,4084,0.5,0.0,36.39,0.0,29,322.6,0
285.0,0.63,0.65,0.63,-0.03,27181,5.47,94.53,10.68,-0.01,-0.05,0.09,51653,0.64,0.0,35.12,0.0,29,322.6,0
290.0,0.81,0.84,0.84,-0.15,27101,6.9,93.1,13.46,-0.02,-0.06,0.11,33294,0.825,0.0,33.89,0.0,29,322.6,0
295.0,1.06,1.09,1.08,0.0,163,8.75,91.25,17.07,-0.02,-0.07,0.13,6372,1.075,0.0,32.75,0.0,29,322.6,0
300.0,1.39,1.42,1.38,-0.28,520,11.09,88.91,21.62,-0.03,-0.09,0.16,7615,1.405,0.01,31.64,0.0,29,322.6,0
302.5,1.59,1.63,1.79,0.09,17,12.49,87.51,24.34,-0.03,-0.09,0.18,128,1.61,0.01,31.12,0.0,29,322.6,0
305.0,1.82,1.86,1.78,-0.37,130,14.03,85.97,27.34,-0.04,-0.1,0.19,2091,1.84,0.01,30.58,0.0,29,322.6,0
306.0,1.92,1.96,2.11,0.05,17,14.69,85.31,28.62,-0.04,-0.1,0.2,1819,1.94,0.01,30.36,0.0,29,322.6,0
307.0,2.03,2.07,2.24,0.15,30,15.4,84.6,29.99,-0.04,-0.11,0.21,533,2.05,0.01,30.16,0.0,29,322.6,0
308.0,2.14,2.18,2.17,-0.36,95,16.11,83.89,31.38,-0.04,-0.11,0.22,252,2.16,0.01,29.93,0.0,29,322.6,0
309.0,2.26,2.29,2.26,-0.02,11,16.85,83.15,32.82,-0.04,-0.11,0.22,393,2.275,0.01,29.71,0.0,29,322.6,0
310.0,2.38,2.42,2.4,-0.45,8753,17.64,82.36,34.34,-0.04,-0.11,0.23,17579,2.4,0.01,29.5,0.0,29,322.6,0
311.0,2.5,2.55,2.46,-0.06,34,18.43,81.57,35.88,-0.05,-0.12,0.24,625,2.525,0.01,29.26,0.0,29,322.6,0
312.0,2.64,2.68,2.62,-0.08,8,19.27,80.73,37.51,-0.05,-0.12,0.24,978,2.66,0.01,29.04,0.0,29,322.6,0
313.0,2.78,2.82,2.97,0.13,42,20.14,79.86,39.18,-0.05,-0.12,0.25,584,2.8,0.01,28.81,0.0,29,322.6,0
314.0,2.92,2.97,3.07,-0.03,8,21.03,78.97,40.91,-0.05,-0.13,0.26,776,2.945,0.01,28.57,0.0,29,322.6,0
315.0,3.08,3.12,3.09,-0.45,8596,21.97,78.03,42.72,-0.06,-0.13,0.27,10859,3.1,0.01,28.35,0.0,29,322.6,0
316.0,3.24,3.28,3.27,-0.28,77,22.93,77.07,44.58,-0.06,-0.13,0.27,976,3.26,0.01,28.11,0.0,29,322.6,0
317.0,3.4,3.45,3.55,0.05,12,23.92,76.08,46.5,-0.06,-0.13,0.28,1732,3.425,0.01,27.86,0.0,29,322.6,0
318.0,3.58,3.62,3.61,-0.6,21,24.94,75.06,48.49,-0.07,-0.14,0.29,1506,3.6,0.01,27.61,0.0,29,322.6,0
319.0,3.76,3.81,3.71,-0.37,30,26.02,73.98,50.56,-0.07,-0.14,0.3,529,3.785,0.01,27.38,0.0,29,322.6,0
320.0,3.95,4.0,3.86,-0.76,1771,27.12,72.88,52.69,-0.07,-0.14,0.3,7061,3.975,0.01,27.13,0.0,29,322.6,0
321.0,4.15,4.2,4.07,-0.19,79,28.26,71.74,54.9,-0.07,-0.14,0.31,333,4.175,0.01,26.88,0.0,29,322.6,0
322.0,4.35,4.41,4.34,-0.78,930,29.43,70.57,57.16,-0.08,-0.14,0.32,953,4.38,0.01,26.61,0.0,29,322.6,0
323.0,4.57,4.62,4.52,-0.6,53,30.65,69.35,59.49,-0.08,-0.15,0.32,1071,4.595,0.01,26.34,0.0,29,322.6,1
324.0,4.8,4.85,4.85,-0.13,76,31.91,68.09,61.93,-0.08,-0.15,0.33,1817,4.825,0.01,26.09,0.0,29,322.6,1
325.0,5.03,5.09,4.95,-0.96,239,33.21,66.79,64.43,-0.09,-0.15,0.34,3645,5.06,0.01,25.82,0.0,29,322.6,1
326.0,5.28,5.33,5.26,-0.89,108,34.54,65.46,67.0,-0.09,-0.15,0.34,821,5.305,0.01,25.55,0.0,29,322.6,1
327.0,5.54,5.59,5.73,-0.83,18,35.93,64.07,69.67,-0.1,-0.15,0.35,497,5.565,0.01,25.28,0.0,29,322.6,1
328.0,5.8,5.86,5.79,-0.89,55,37.34,62.66,72.39,-0.1,-0.15,0.36,1685,5.83,0.02,25.0,0.0,29,322.6,1
329.0,6.09,6.14,6.07,-0.97,519,38.82,61.18,75.22,-0.1,-0.15,0.36,322,6.115,0.02,24.73,0.0,29,322.6,1
330.0,6.38,6.44,6.25,-1.23,1761,40.33,59.67,78.13,-0.11,-0.15,0.37,4530,6.41,0.02,24.45,0.0,29,322.6,1
331.0,6.69,6.75,7.01,-0.11,69,41.89,58.11,81.12,-0.11,-0.15,0.37,3224,6.72,0.02,24.18,0.0,29,322.6,1
332.0,7.01,7.07,6.95,-1.24,130,43.49,56.51,84.18,-0.12,-0.15,0.37,2175,7.04,0.02,23.89,0.0,29,322.6,1
333.0,7.34,7.41,7.37,-1.05,205,45.13,54.87,87.33,-0.12,-0.15,0.38,934,7.375,0.02,23.6,0.0,29,322.6,1
334.0,7.7,7.76,7.6,-1.32,90,46.83,53.17,90.56,-0.13,-0.15,0.38,1288,7.73,0.02,23.33,0.0,29,322.6,1
335.0,8.06,8.13,8.05,-1.4,366,48.56,51.44,93.87,-0.13,-0.15,0.38,1929,8.095,0.02,23.03,0.0,29,322.6,1
336.0,8.45,8.51,8.4,-1.5,265,50.33,49.67,97.25,-0.14,-0.15,0.38,276,8.48,0.02,22.75,0.0,29,322.6,1
