LAST,Net Chng,Volume,Prob.ITM,Prob.OTM,Prob.Touch,Rho,Theta,Vega,Open.Int,Extrinsic,Gamma,Impl Vol,Intrinsic,BID,ASK,Strike,expire_days,expire_price,target
1.82,0.46,56504,45.11,54.89,96.69,0.01,-0.53,0.1,13690,1.845,0.08,21.41,0.0,1.83,1.86,337.0,1,337.0126,0
1.38,0.32,53756,37.54,62.46,80.1,0.01,-0.5,0.09,16423,1.375,0.07,20.86,0.0,1.37,1.38,338.0,1,337.0126,0
0.99,0.2,40907,30.13,69.87,64.01,0.01,-0.45,0.09,13811,0.99,0.07,20.38,0.0,0.98,1.0,339.0,1,337.0126,0
0.68,0.1,89944,23.07,76.93,48.82,0.0,-0.37,0.08,16568,0.675,0.06,19.79,0.0,0.67,0.68,340.0,1,337.0126,0
0.46,0.03,29609,17.39,82.61,36.65,0.0,-0.3,0.07,9458,0.47,0.05,19.76,0.0,0.46,0.48,341.0,1,337.0126,0
0.3,-0.01,24875,12.51,87.49,26.26,0.0,-0.22,0.05,8268,0.31,0.04,19.57,0.0,0.3,0.32,342.0,1,337.0126,0
0.19,-0.03,18323,8.58,91.42,17.96,0.0,-0.15,0.04,17944,0.195,0.03,19.35,0.0,0.19,0.2,343.0,1,337.0126,0
0.14,-0.02,23613,5.87,94.13,12.23,0.0,-0.11,0.03,24070,0.125,0.02,19.4,0.0,0.12,0.13,344.0,1,337.0126,0
0.08,-0.04,11376,3.8,96.2,7.89,0.0,-0.07,0.02,12694,0.075,0.02,19.33,0.0,0.07,0.08,345.0,1,337.0126,0
0.04,-0.04,7036,2.41,97.59,4.99,0.0,-0.04,0.01,6927,0.045,0.01,19.34,0.0,0.04,0.05,346.0,1,337.0126,0
0.03,-0.03,9089,1.85,98.15,3.82,0.0,-0.03,0.01,4174,0.035,0.01,20.19,0.0,0.03,0.04,347.0,1,337.0126,0
0.03,-0.02,3511,1.34,98.66,2.77,0.0,-0.02,0.01,5482,0.025,0.01,20.79,0.0,0.02,0.03,348.0,1,337.0126,0
0.02,-0.01,2662,0.82,99.18,1.69,0.0,-0.01,0.01,3469,0.015,0.0,20.8,0.0,0.01,0.02,349.0,1,337.0126,0
0.01,-0.03,3373,0.77,99.23,1.59,0.0,-0.01,0.01,7766,0.015,0.0,22.21,0.0,0.01,0.02,350.0,1,337.0126,0
0.01,-0.02,985,0.3,99.7,0.62,0.0,0.0,0.0,3033,0.005,0.0,20.99,0.0,0.0,0.01,351.0,1,337.0126,0
0.01,-0.01,649,0.29,99.71,0.59,0.0,0.0,0.0,1280,0.005,0.0,22.25,0.0,0.0,0.01,352.0,1,337.0126,0
0.01,-0.01,558,0.27,99.73,0.55,0.0,0.0,0.0,1098,0.005,0.0,23.5,0.0,0.0,0.01,353.0,1,337.0126,0
0.01,-0.01,301,0.26,99.74,0.53,0.0,0.0,0.0,1751,0.005,0.0,24.73,0.0,0.0,0.01,354.0,1,337.0126,0
0.01,0.0,229,0.25,99.75,0.5,0.0,0.0,0.0,2165,0.005,0.0,25.96,0.0,0.0,0.01,355.0,1,337.0126,0
0.01,0.0,32,0.23,99.77,0.48,0.0,0.0,0.0,1560,0.005,0.0,27.18,0.0,0.0,0.01,356.0,1,337.0126,0
0.01,0.0,10,0.22,99.78,0.46,0.0,0.0,0.0,1686,0.005,0.0,28.39,0.0,0.0,0.01,357.0,1,337.0126,0
0.01,0.0,2,0.22,99.78,0.44,0.0,0.0,0.0,953,0.005,0.0,29.6,0.0,0.0,0.01,358.0,1,337.0126,0
0.01,-0.01,7,0.21,99.79,0.42,0.0,0.0,0.0,697,0.005,0.0,30.79,0.0,0.0,0.01,359.0,1,337.0126,0
0.01,0.0,8,0.2,99.8,0.41,0.0,0.0,0.0,3613,0.005,0.0,31.98,0.0,0.0,0.01,360.0,1,337.0126,0
0.01,0.0,2,0.19,99.81,0.39,0.0,0.0,0.0,1488,0.005,0.0,33.16,0.0,0.0,0.01,361.0,1,337.0126,0
0.01,0.0,3,0.19,99.81,0.38,0.0,0.0,0.0,973,0.005,0.0,34.33,0.0,0.0,0.01,362.0,1,337.0126,0
0.01,0.0,384,0.18,99.82,0.37,0.0,0.0,0.0,2509,0.005,0.0,35.5,0.0,0.0,0.01,363.0,1,337.0126,0
0.01,0.0,14,0.17,99.83,0.35,0.0,0.0,0.0,1047,0.005,0.0,36.66,0.0,0.0,0.01,364.0,1,337.0126,0
0.02,0.01,2,0.17,99.83,0.34,0.0,0.0,0.0,1017,0.005,0.0,37.81,0.0,0.0,0.01,365.0,1,337.0126,0
0.01,0.0,4,0.16,99.84,0.33,0.0,0.0,0.0,633,0.005,0.0,38.96,0.0,0.0,0.01,366.0,1,337.0126,0
0.03,0.01,1,0.16,99.84,0.32,0.0,0.0,0.0,697,0.005,0.0,40.1,0.0,0.0,0.01,367.0,1,337.0126,0
0.01,0.0,3,0.15,99.85,0.31,0.0,0.0,0.0,424,0.005,0.0,41.23,0.0,0.0,0.01,368.0,1,337.0126,0
0.01,0.0,1,0.15,99.85,0.31,0.0,0.0,0.0,530,0.005,0.0,42.36,0.0,0.0,0.01,369.0,1,337.0126,0
0.01,0.0,2,0.15,99.85,0.3,0.0,0.0,0.0,1761,0.005,0.0,43.49,0.0,0.0,0.01,370.0,1,337.0126,0
0.01,0.0,2,0.14,99.86,0.29,0.0,0.0,0.0,733,0.005,0.0,44.6,0.0,0.0,0.01,371.0,1,337.0126,0
0.01,-0.03,7,0.14,99.86,0.28,0.0,0.0,0.0,224,0.005,0.0,45.72,0.0,0.0,0.01,372.0,1,337.0126,0
0.01,-0.06,40,0.14,99.86,0.27,0.0,0.0,0.0,83,0.005,0.0,46.82,0.0,0.0,0.01,373.0,1,337.0126,0
0.01,-0.02,1,0.13,99.87,0.27,0.0,0.0,0.0,52,0.005,0.0,47.92,0.0,0.0,0.01,374.0,1,337.0126,0
0.01,-0.01,1,0.13,99.87,0.26,0.0,0.0,0.0,1278,0.005,0.0,49.02,0.0,0.0,0.01,375.0,1,337.0126,0
0.01,-0.02,25,0.13,99.87,0.26,0.0,0.0,0.0,183,0.005,0.0,50.11,0.0,0.0,0.01,376.0,1,337.0126,0
0.01,-0.02,15,0.12,99.88,0.25,0.0,0.0,0.0,545,0.005,0.0,51.2,0.0,0.0,0.01,377.0,1,337.0126,0
0.01,-0.01,1,0.12,99.88,0.24,0.0,0.0,0.0,261,0.005,0.0,52.28,0.0,0.0,0.01,378.0,1,337.0126,0
0.01,0.0,1,0.12,99.88,0.24,0.0,0.0,0.0,203,0.005,0.0,53.35,0.0,0.0,0.01,379.0,1,337.0126,0
0.01,-0.01,5,0.12,99.88,0.23,0.0,0.0,0.0,1000,0.005,0.0,54.43,0.0,0.0,0.01,380.0,1,337.0126,0
0.01,0.0,1,0.11,99.89,0.23,0.0,0.0,0.0,225,0.005,0.0,55.49,0.0,0.0,0.01,381.0,1,337.0126,0
0.01,0.0,53,0.11,99.89,0.22,0.0,0.0,0.0,118,0.005,0.0,56.55,0.0,0.0,0.01,382.0,1,337.0126,0
0.01,0.0,760,0.11,99.89,0.22,0.0,0.0,0.0,1420,0.005,0.0,57.61,0.0,0.0,0.01,383.0,1,337.0126,0
0.08,-0.08,1,0.11,99.89,0.22,0.0,0.0,0.0,19,0.005,0.0,58.67,0.0,0.0,0.01,384.0,1,337.0126,0
0.01,0.0,1,0.1,99.9,0.21,0.0,0.0,0.0,6,0.005,0.0,60.76,0.0,0.0,0.01,386.0,1,337.0126,0
0.07,-0.06,1,0.1,99.9,0.2,0.0,0.0,0.0,3,0.005,0.0,61.8,0.0,0.0,0.01,387.0,1,337.0126,0
0.02,-0.01,10,0.1,99.9,0.2,0.0,0.0,0.0,708,0.005,0.0,62.84,0.0,0.0,0.01,388.0,1,337.0126,0
0.04,-0.08,1,0.1,99.9,0.2,0.0,0.0,0.0,2,0.005,0.0,63.86,0.0,0.0,0.01,389.0,1,337.0126,0
0.01,0.0,20,0.1,99.9,0.19,0.0,0.0,0.0,910,0.005,0.0,64.89,0.0,0.0,0.01,390.0,1,337.0126,0
0.01,-0.01,4,0.09,99.91,0.19,0.0,0.0,0.0,9,0.005,0.0,65.92,0.0,0.0,0.01,391.0,1,337.0126,0
0.06,0.01,8,0.09,99.91,0.19,0.0,0.0,0.0,681,0.005,0.0,66.94,0.0,0.0,0.01,392.0,1,337.0126,0
0.01,0.0,2,0.09,99.91,0.18,0.0,0.0,0.0,466,0.005,0.0,69.97,0.0,0.0,0.01,395.0,1,337.0126,0
0.01,0.0,1,0.08,99.92,0.17,0.0,0.0,0.0,2608,0.005,0.0,74.96,0.0,0.0,0.01,400.0,1,337.0126,0
0.01,-0.01,26,0.08,99.92,0.15,0.0,0.0,0.0,1067,0.005,0.0,79.85,0.0,0.0,0.01,405.0,1,337.0126,0
0.01,-0.02,1,0.07,99.93,0.14,0.0,0.0,0.0,614,0.005,0.0,84.65,0.0,0.0,0.01,410.0,1,337.0126,0
0.02,0.01,1,0.07,99.93,0.14,0.0,0.0,0.0,50,0.005,0.0,89.37,0.0,0.0,0.01,415.0,1,337.0126,0
0.01,-0.01,5,0.06,99.94,0.13,0.0,0.0,0.0,705,0.005,0.0,94.02,0.0,0.0,0.01,420.0,1,337.0126,0
0.01,0.0,1,0.06,99.94,0.12,0.0,0.0,0.0,47,0.005,0.0,98.59,0.0,0.0,0.01,425.0,1,337.0126,0
2.7,0.73,7290,46.72,53.28,97.69,0.02,-0.28,0.16,2714,2.7,0.05,18.77,0.0,2.68,2.72,337.0,4,339.96,1
2.23,0.67,10164,41.26,58.74,86.08,0.02,-0.27,0.15,1772,2.205,0.05,18.43,0.0,2.19,2.22,338.0,4,339.96,0
1.77,0.48,5666,35.78,64.22,74.49,0.02,-0.26,0.15,1967,1.765,0.05,18.07,0.0,1.75,1.78,339.0,4,339.96,0
1.4,0.37,17626,30.47,69.53,63.31,0.01,-0.24,0.14,13663,1.395,0.05,17.81,0.0,1.38,1.41,340.0,4,339.96,0
1.26,0.49,4633,25.47,74.53,52.81,0.01,-0.22,0.13,3381,1.085,0.05,17.59,0.0,1.07,1.1,341.0,4,339.96,0
0.85,0.24,15999,20.88,79.12,43.21,0.01,-0.19,0.12,11443,0.83,0.04,17.4,0.0,0.82,0.84,342.0,4,339.96,0
0.66,0.2,3986,16.85,83.15,34.81,0.01,-0.17,0.1,11138,0.63,0.04,17.29,0.0,0.62,0.64,343.0,4,339.96,0
0.47,0.09,4552,13.35,86.65,27.54,0.01,-0.14,0.09,2050,0.47,0.03,17.19,0.0,0.46,0.48,344.0,4,339.96,0
0.35,0.06,21794,10.47,89.53,21.56,0.0,-0.12,0.07,3492,0.35,0.03,17.18,0.0,0.34,0.36,345.0,4,339.96,0
0.27,0.05,1121,8.04,91.96,16.52,0.0,-0.09,0.06,1001,0.255,0.02,17.14,0.0,0.25,0.26,346.0,4,339.96,0
0.19,0.02,940,6.21,93.79,12.76,0.0,-0.08,0.05,2215,0.19,0.02,17.24,0.0,0.18,0.2,347.0,4,339.96,0
0.15,0.03,2641,4.86,95.14,9.97,0.0,-0.06,0.04,772,0.145,0.02,17.47,0.0,0.14,0.15,348.0,4,339.96,0
0.09,-0.06,258,3.65,96.35,7.47,0.0,-0.05,0.03,1742,0.105,0.01,17.52,0.0,0.1,0.11,349.0,4,339.96,0
0.08,0.0,1653,2.71,97.29,5.54,0.0,-0.04,0.03,3866,0.075,0.01,17.59,0.0,0.07,0.08,350.0,4,339.96,0
0.05,-0.01,852,2.02,97.98,4.13,0.0,-0.03,0.02,2585,0.055,0.01,17.72,0.0,0.05,0.06,351.0,4,339.96,0
0.05,0.0,306,1.66,98.34,3.39,0.0,-0.02,0.02,949,0.045,0.01,18.2,0.0,0.04,0.05,352.0,4,339.96,0
0.04,0.0,328,1.3,98.7,2.66,0.0,-0.02,0.01,860,0.035,0.0,18.51,0.0,0.03,0.04,353.0,4,339.96,0
0.03,0.0,141,0.96,99.04,1.95,0.0,-0.02,0.01,630,0.025,0.0,18.61,0.0,0.02,0.03,354.0,4,339.96,0
0.02,-0.01,2206,0.6,99.4,1.22,0.0,-0.01,0.01,1659,0.015,0.0,18.31,0.0,0.01,0.02,355.0,4,339.96,0
0.01,-0.01,20,0.57,99.43,1.17,0.0,-0.01,0.01,109,0.015,0.0,19.16,0.0,0.01,0.02,356.0,4,339.96,0
0.01,-0.01,8,0.55,99.45,1.12,0.0,-0.01,0.01,222,0.015,0.0,20.0,0.0,0.01,0.02,357.0,4,339.96,0
0.01,-0.01,29,0.22,99.78,0.44,0.0,0.0,0.0,950,0.005,0.0,18.65,0.0,0.0,0.01,358.0,4,339.96,0
0.01,0.0,5,0.21,99.79,0.42,0.0,0.0,0.0,173,0.005,0.0,19.41,0.0,0.0,0.01,359.0,4,339.96,0
0.01,0.0,52,0.2,99.8,0.41,0.0,0.0,0.0,751,0.005,0.0,20.16,0.0,0.0,0.01,360.0,4,339.96,0
0.01,0.0,131,0.19,99.81,0.39,0.0,0.0,0.0,785,0.005,0.0,20.9,0.0,0.0,0.01,361.0,4,339.96,0
0.01,0.0,1,0.19,99.81,0.38,0.0,0.0,0.0,156,0.005,0.0,21.64,0.0,0.0,0.01,362.0,4,339.96,0
0.01,-0.01,2,0.18,99.82,0.37,0.0,0.0,0.0,37,0.005,0.0,22.38,0.0,0.0,0.01,363.0,4,339.96,0
0.01,-0.01,12,0.17,99.83,0.35,0.0,0.0,0.0,123,0.005,0.0,23.11,0.0,0.0,0.01,364.0,4,339.96,0
0.01,0.0,162,0.17,99.83,0.34,0.0,0.0,0.0,534,0.005,0.0,23.84,0.0,0.0,0.01,365.0,4,339.96,0
0.01,0.0,15,0.16,99.84,0.33,0.0,0.0,0.0,40,0.005,0.0,24.57,0.0,0.0,0.01,366.0,4,339.96,0
0.01,-0.01,50,0.16,99.84,0.32,0.0,0.0,0.0,71,0.005,0.0,25.29,0.0,0.0,0.01,367.0,4,339.96,0
0.01,0.0,2,0.15,99.85,0.31,0.0,0.0,0.0,6,0.005,0.0,26.01,0.0,0.0,0.01,368.0,4,339.96,0
0.01,0.0,21,0.15,99.85,0.31,0.0,0.0,0.0,21,0.005,0.0,26.72,0.0,0.0,0.01,369.0,4,339.96,0
0.01,-0.02,6,0.15,99.85,0.3,0.0,0.0,0.0,571,0.005,0.0,27.44,0.0,0.0,0.01,370.0,4,339.96,0
0.01,-0.04,1,0.14,99.86,0.29,0.0,0.0,0.0,11,0.005,0.0,28.14,0.0,0.0,0.01,371.0,4,339.96,0
0.01,0.0,4,0.13,99.87,0.26,0.0,0.0,0.0,424,0.005,0.0,30.94,0.0,0.0,0.01,375.0,4,339.96,0
0.01,0.0,247,0.12,99.88,0.23,0.0,0.0,0.0,1072,0.005,0.0,34.36,0.0,0.0,0.01,380.0,4,339.96,0
0.01,0.0,1,0.1,99.9,0.21,0.0,0.0,0.0,638,0.005,0.0,37.7,0.0,0.0,0.01,385.0,4,339.96,0
0.01,0.0,4,0.1,99.9,0.19,0.0,0.0,0.0,67,0.005,0.0,40.98,0.0,0.0,0.01,390.0,4,339.96,0
0.02,0.0,6,0.09,99.91,0.18,0.0,0.0,0.0,938,0.005,0.0,44.19,0.0,0.0,0.01,395.0,4,339.96,0
0.01,0.0,39,0.08,99.92,0.17,0.0,0.0,0.0,306,0.005,0.0,47.34,0.0,0.0,0.01,400.0,4,339.96,0
0.1,0.01,2,0.08,99.92,0.15,0.0,0.0,0.0,28,0.005,0.0,50.44,0.0,0.0,0.01,405.0,4,339.96,0
0.02,-0.05,1,0.07,99.93,0.14,0.0,0.0,0.0,200,0.005,0.0,53.47,0.0,0.0,0.01,410.0,4,339.96,0
0.01,-0.04,1,0.07,99.93,0.14,0.0,0.0,0.0,5,0.005,0.0,56.46,0.0,0.0,0.01,415.0,4,339.96,0
0.02,-0.03,2,0.06,99.94,0.13,0.0,0.0,0.0,55,0.005,0.0,59.4,0.0,0.0,0.01,420.0,4,339.96,0
3.67,1.01,2393,47.39,52.61,98.29,0.03,-0.27,0.19,1252,3.7,0.04,21.19,0.0,3.68,3.72,337.0,6,341.63,1
3.18,0.85,3553,43.3,56.7,89.67,0.03,-0.27,0.18,2006,3.18,0.04,20.84,0.0,3.16,3.2,338.0,6,341.63,1
2.79,0.94,985,39.17,60.83,81.01,0.02,-0.26,0.18,3780,2.71,0.04,20.53,0.0,2.7,2.72,339.0,6,341.63,0
2.42,0.84,4165,35.06,64.94,72.41,0.02,-0.25,0.17,29040,2.285,0.04,20.23,0.0,2.27,2.3,340.0,6,341.63,0
1.98,0.62,1031,31.04,68.96,64.03,0.02,-0.23,0.17,691,1.91,0.04,19.97,0.0,1.9,1.92,341.0,6,341.63,0
1.59,0.5,1659,27.21,72.79,56.05,0.02,-0.22,0.16,1082,1.585,0.04,19.76,0.0,1.57,1.6,342.0,6,341.63,0
1.39,0.52,1045,23.57,76.43,48.48,0.02,-0.2,0.15,1007,1.3,0.03,19.56,0.0,1.29,1.31,343.0,6,341.63,0
1.1,0.34,273,20.21,79.79,41.54,0.01,-0.18,0.13,1047,1.06,0.03,19.41,0.0,1.05,1.07,344.0,6,341.63,0
0.89,0.27,1870,17.19,82.81,35.28,0.01,-0.16,0.12,3028,0.86,0.03,19.31,0.0,0.85,0.87,345.0,6,341.63,0
0.75,0.03,330,14.5,85.5,29.73,0.01,-0.14,0.11,941,0.695,0.03,19.25,0.0,0.69,0.7,346.0,6,341.63,0
0.6,0.21,559,12.14,87.86,24.88,0.01,-0.13,0.1,1332,0.56,0.02,19.23,0.0,0.55,0.57,347.0,6,341.63,0
0.47,0.14,875,10.19,89.81,20.84,0.01,-0.11,0.09,1149,0.455,0.02,19.3,0.0,0.45,0.46,348.0,6,341.63,0
0.38,0.13,642,8.45,91.55,17.27,0.01,-0.1,0.08,115,0.365,0.02,19.34,0.0,0.36,0.37,349.0,6,341.63,0
0.3,0.09,1237,7.0,93.0,14.31,0.0,-0.08,0.07,1819,0.295,0.02,19.44,0.0,0.29,0.3,350.0,6,341.63,0
0.26,0.0,125,5.82,94.18,11.89,0.0,-0.07,0.06,302,0.24,0.01,19.59,0.0,0.23,0.25,351.0,6,341.63,0
0.19,0.06,166,4.83,95.17,9.85,0.0,-0.06,0.05,594,0.195,0.01,19.74,0.0,0.19,0.2,352.0,6,341.63,0
0.15,-0.02,360,3.94,96.06,8.02,0.0,-0.05,0.04,402,0.155,0.01,19.82,0.0,0.15,0.16,353.0,6,341.63,0
0.15,0.06,66,3.33,96.67,6.78,0.0,-0.05,0.04,382,0.13,0.01,20.12,0.0,0.12,0.14,354.0,6,341.63,0
0.1,-0.02,18,2.73,97.27,5.56,0.0,-0.04,0.03,1241,0.105,0.01,20.27,0.0,0.1,0.11,355.0,6,341.63,0
0.09,-0.04,75,2.24,97.76,4.56,0.0,-0.03,0.03,217,0.085,0.01,20.42,0.0,0.08,0.09,356.0,6,341.63,0
0.07,-0.01,88,1.96,98.04,3.99,0.0,-0.03,0.02,744,0.075,0.01,20.86,0.0,0.07,0.08,357.0,6,341.63,0
0.05,-0.02,5,1.59,98.41,3.24,0.0,-0.03,0.02,352,0.06,0.0,20.99,0.0,0.05,0.07,358.0,6,341.63,0
0.05,0.01,27,1.23,98.77,2.49,0.0,-0.02,0.02,561,0.045,0.0,20.93,0.0,0.04,0.05,359.0,6,341.63,0
0.04,0.0,50,0.98,99.02,1.99,0.0,-0.02,0.01,689,0.035,0.0,21.02,0.0,0.03,0.04,360.0,6,341.63,0
0.04,0.02,9,0.95,99.05,1.92,0.0,-0.02,0.01,487,0.035,0.0,21.77,0.0,0.03,0.04,361.0,6,341.63,0
0.04,0.01,6,0.91,99.09,1.84,0.0,-0.02,0.01,100,0.035,0.0,22.48,0.0,0.03,0.04,362.0,6,341.63,0
0.04,0.0,10,0.68,99.32,1.38,0.0,-0.01,0.01,41,0.025,0.0,22.32,0.0,0.02,0.03,363.0,6,341.63,0
0.02,0.0,1,0.66,99.34,1.33,0.0,-0.01,0.01,1,0.025,0.0,23.03,0.0,0.02,0.03,364.0,6,341.63,0
0.02,0.0,42,0.42,99.58,0.86,0.0,-0.01,0.01,5366,0.015,0.0,22.43,0.0,0.01,0.02,365.0,6,341.63,0
0.02,0.0,2,0.41,99.59,0.83,0.0,-0.01,0.01,111,0.015,0.0,23.1,0.0,0.01,0.02,366.0,6,341.63,0
0.02,0.0,1,0.39,99.61,0.78,0.0,-0.01,0.01,0,0.015,0.0,24.42,0.0,0.01,0.02,368.0,6,341.63,0
0.01,0.0,1,0.38,99.62,0.76,0.0,-0.01,0.01,0,0.015,0.0,25.08,0.0,0.01,0.02,369.0,6,341.63,0
0.01,0.0,1,0.15,99.85,0.3,0.0,0.0,0.0,532,0.005,0.0,23.17,0.0,0.0,0.01,370.0,6,341.63,0
0.01,0.0,2,0.13,99.87,0.26,0.0,0.0,0.0,513,0.005,0.0,26.13,0.0,0.0,0.01,375.0,6,341.63,0
0.01,0.0,11,0.12,99.88,0.23,0.0,0.0,0.0,5077,0.005,0.0,29.02,0.0,0.0,0.01,380.0,6,341.63,0
0.01,-0.02,1,0.1,99.9,0.21,0.0,0.0,0.0,2748,0.005,0.0,31.85,0.0,0.0,0.01,385.0,6,341.63,0
0.01,0.0,1,0.1,99.9,0.19,0.0,0.0,0.0,63,0.005,0.0,34.62,0.0,0.0,0.01,390.0,6,341.63,0
0.01,-0.02,1,0.09,99.91,0.18,0.0,0.0,0.0,51,0.005,0.0,37.33,0.0,0.0,0.01,395.0,6,341.63,0
0.01,-0.01,1,0.08,99.92,0.17,0.0,0.0,0.0,111,0.005,0.0,40.0,0.0,0.0,0.01,400.0,6,341.63,0
0.01,-0.01,4,0.08,99.92,0.15,0.0,0.0,0.0,7,0.005,0.0,42.61,0.0,0.0,0.01,405.0,6,341.63,0
0.02,0.0,8,0.07,99.93,0.14,0.0,0.0,0.0,38,0.005,0.0,45.18,0.0,0.0,0.01,410.0,6,341.63,0
0.03,-0.08,1,0.07,99.93,0.14,0.0,0.0,0.0,692,0.005,0.0,47.7,0.0,0.0,0.01,415.0,6,341.63,0
0.02,0.0,2,0.06,99.94,0.13,0.0,0.0,0.0,115,0.005,0.0,50.18,0.0,0.0,0.01,420.0,6,341.63,0
0.02,0.0,1,0.06,99.94,0.12,0.0,0.0,0.0,1,0.005,0.0,52.63,0.0,0.0,0.01,425.0,6,341.63,0
4.5,1.16,4653,47.61,52.39,98.58,0.04,-0.25,0.21,2766,4.49,0.03,22.44,0.0,4.46,4.52,337.0,8,347.35,1
3.97,1.02,3262,44.21,55.79,91.42,0.04,-0.25,0.21,4145,3.96,0.03,22.1,0.0,3.94,3.98,338.0,8,347.35,1
3.7,1.19,2044,40.77,59.23,84.2,0.03,-0.24,0.21,2384,3.47,0.03,21.8,0.0,3.45,3.49,339.0,8,347.35,1
3.15,1.0,8035,37.32,62.68,76.99,0.03,-0.24,0.2,27177,3.02,0.03,21.51,0.0,3.0,3.04,340.0,8,347.35,1
2.8,0.95,1197,33.92,66.08,69.89,0.03,-0.23,0.2,2160,2.615,0.03,21.27,0.0,2.6,2.63,341.0,8,347.35,1
2.23,0.6,4678,30.6,69.4,62.98,0.03,-0.22,0.19,23100,2.25,0.03,21.05,0.0,2.23,2.27,342.0,8,347.35,1
1.96,0.62,500,27.4,72.6,56.34,0.02,-0.2,0.18,1917,1.925,0.03,20.86,0.0,1.91,1.94,343.0,8,347.35,1
1.68,0.5,2116,24.37,75.63,50.06,0.02,-0.19,0.17,1813,1.64,0.03,20.71,0.0,1.62,1.66,344.0,8,347.35,1
1.42,0.45,3315,21.49,78.51,44.11,0.02,-0.18,0.16,3247,1.385,0.03,20.55,0.0,1.37,1.4,345.0,8,347.35,1
1.24,0.15,1030,18.91,81.09,38.77,0.02,-0.16,0.15,1163,1.175,0.03,20.5,0.0,1.16,1.19,346.0,8,347.35,1
1.04,0.36,568,16.47,83.53,33.74,0.01,-0.15,0.14,851,0.985,0.02,20.41,0.0,0.97,1.0,347.0,8,347.35,0
0.85,0.27,533,14.33,85.67,29.33,0.01,-0.13,0.12,1371,0.83,0.02,20.4,0.0,0.82,0.84,348.0,8,347.35,0
0.7,0.21,730,12.44,87.56,25.43,0.01,-0.12,0.11,1975,0.7,0.02,20.43,0.0,0.69,0.71,349.0,8,347.35,0
0.62,0.2,6798,10.7,89.3,21.88,0.01,-0.11,0.1,38338,0.585,0.02,20.43,0.0,0.57,0.6,350.0,8,347.35,0
0.48,0.01,948,9.21,90.79,18.8,0.01,-0.1,0.09,1244,0.49,0.02,20.48,0.0,0.48,0.5,351.0,8,347.35,0
0.44,0.14,444,7.89,92.11,16.11,0.01,-0.09,0.08,1934,0.41,0.01,20.55,0.0,0.4,0.42,352.0,8,347.35,0
0.36,0.1,155,6.83,93.17,13.94,0.01,-0.08,0.07,472,0.35,0.01,20.72,0.0,0.34,0.36,353.0,8,347.35,0
0.32,0.06,1406,5.8,94.2,11.82,0.01,-0.07,0.06,620,0.29,0.01,20.76,0.0,0.28,0.3,354.0,8,347.35,0
0.26,0.08,509,4.97,95.03,10.14,0.0,-0.06,0.06,7189,0.245,0.01,20.91,0.0,0.24,0.25,355.0,8,347.35,0
0.22,0.02,133,4.31,95.69,8.77,0.0,-0.06,0.05,289,0.21,0.01,21.12,0.0,0.2,0.22,356.0,8,347.35,0
0.18,0.01,190,3.73,96.27,7.59,0.0,-0.05,0.05,254,0.18,0.01,21.33,0.0,0.17,0.19,357.0,8,347.35,0
0.13,0.01,28,3.23,96.77,6.58,0.0,-0.04,0.04,281,0.155,0.01,21.55,0.0,0.15,0.16,358.0,8,347.35,0
0.12,0.02,37,2.75,97.25,5.59,0.0,-0.04,0.04,195,0.13,0.01,21.68,0.0,0.12,0.14,359.0,8,347.35,0
0.12,0.03,243,2.43,97.57,4.94,0.0,-0.04,0.03,9575,0.115,0.01,22.0,0.0,0.11,0.12,360.0,8,347.35,0
0.1,0.02,2371,2.04,97.96,4.15,0.0,-0.03,0.03,759,0.095,0.0,22.07,0.0,0.09,0.1,361.0,8,347.35,0
0.07,0.0,447,1.82,98.18,3.69,0.0,-0.03,0.03,1282,0.085,0.0,22.42,0.0,0.08,0.09,362.0,8,347.35,0
0.07,0.01,76,1.6,98.4,3.26,0.0,-0.03,0.02,767,0.075,0.0,22.72,0.0,0.07,0.08,363.0,8,347.35,0
0.06,-0.02,137,1.39,98.61,2.83,0.0,-0.02,0.02,455,0.065,0.0,22.95,0.0,0.06,0.07,364.0,8,347.35,0
0.05,0.0,736,1.19,98.81,2.42,0.0,-0.02,0.02,1001,0.055,0.0,23.1,0.0,0.05,0.06,365.0,8,347.35,0
0.04,0.0,841,0.99,99.01,2.01,0.0,-0.02,0.02,255,0.045,0.0,23.15,0.0,0.04,0.05,366.0,8,347.35,0
0.04,0.0,6947,0.96,99.04,1.95,0.0,-0.02,0.02,18200,0.045,0.0,23.8,0.0,0.04,0.05,367.0,8,347.35,0
0.04,0.0,53,0.77,99.23,1.56,0.0,-0.01,0.01,204,0.035,0.0,23.71,0.0,0.03,0.04,368.0,8,347.35,0
0.03,-0.01,35,0.75,99.25,1.52,0.0,-0.01,0.01,237,0.035,0.0,24.33,0.0,0.03,0.04,369.0,8,347.35,0
0.02,-0.01,92,0.56,99.44,1.14,0.0,-0.01,0.01,5070,0.025,0.0,24.04,0.0,0.02,0.03,370.0,8,347.35,0
0.03,0.0,52,0.55,99.45,1.11,0.0,-0.01,0.01,214,0.025,0.0,24.63,0.0,0.02,0.03,371.0,8,347.35,0
0.03,0.01,79,0.53,99.47,1.08,0.0,-0.01,0.01,184,0.025,0.0,25.2,0.0,0.02,0.03,372.0,8,347.35,0
0.02,0.0,188,0.52,99.48,1.05,0.0,-0.01,0.01,156,0.025,0.0,25.79,0.0,0.02,0.03,373.0,8,347.35,0
0.02,0.0,166,0.5,99.5,1.02,0.0,-0.01,0.01,9071,0.025,0.0,26.38,0.0,0.02,0.03,374.0,8,347.35,0
0.02,0.0,197,0.33,99.67,0.67,0.0,-0.01,0.01,507,0.015,0.0,25.6,0.0,0.01,0.02,375.0,8,347.35,0
0.02,0.01,15,0.32,99.68,0.65,0.0,-0.01,0.01,43,0.015,0.0,26.14,0.0,0.01,0.02,376.0,8,347.35,0
0.02,0.01,76,0.31,99.69,0.63,0.0,-0.01,0.01,100,0.015,0.0,26.68,0.0,0.01,0.02,377.0,8,347.35,0
0.01,-0.13,7,0.3,99.7,0.62,0.0,-0.01,0.01,33,0.015,0.0,27.22,0.0,0.01,0.02,378.0,8,347.35,0
0.01,-0.03,20,0.3,99.7,0.6,0.0,-0.01,0.01,43,0.015,0.0,27.77,0.0,0.01,0.02,379.0,8,347.35,0
0.01,0.0,25,0.29,99.71,0.59,0.0,-0.01,0.01,317,0.015,0.0,28.32,0.0,0.01,0.02,380.0,8,347.35,0
0.01,-0.01,10,0.29,99.71,0.58,0.0,-0.01,0.01,8,0.015,0.0,28.86,0.0,0.01,0.02,381.0,8,347.35,0
0.01,0.0,55,0.27,99.73,0.55,0.0,-0.01,0.01,52,0.015,0.0,29.31,0.0,0.01,0.02,382.0,8,347.35,0
0.01,0.0,10,0.27,99.73,0.55,0.0,-0.01,0.01,7,0.015,0.0,29.88,0.0,0.01,0.02,383.0,8,347.35,0
0.01,0.0,17,0.27,99.73,0.54,0.0,-0.01,0.01,11,0.015,0.0,30.44,0.0,0.01,0.02,384.0,8,347.35,0
0.01,-0.01,80,0.1,99.9,0.21,0.0,0.0,0.0,144,0.005,0.0,28.09,0.0,0.0,0.01,385.0,8,347.35,0
0.13,-0.25,1,0.26,99.74,0.53,0.0,-0.01,0.0,6,0.015,0.0,31.62,0.0,0.01,0.02,386.0,8,347.35,0
0.01,-0.02,15,0.26,99.74,0.52,0.0,-0.01,0.0,11,0.015,0.0,32.12,0.0,0.01,0.02,387.0,8,347.35,0
0.05,-0.08,3,0.25,99.75,0.51,0.0,-0.01,0.0,5,0.015,0.0,32.63,0.0,0.01,0.02,388.0,8,347.35,0
0.01,-0.06,10,0.25,99.75,0.5,0.0,-0.01,0.0,0,0.015,0.0,33.15,0.0,0.01,0.02,389.0,8,347.35,0
0.02,-0.02,5,0.24,99.76,0.49,0.0,-0.01,0.0,185,0.015,0.0,33.67,0.0,0.01,0.02,390.0,8,347.35,0
0.01,-0.02,20,0.23,99.77,0.47,0.0,-0.01,0.0,5,0.015,0.0,34.11,0.0,0.01,0.02,391.0,8,347.35,0
0.01,-0.03,10,0.23,99.77,0.47,0.0,-0.01,0.0,5,0.015,0.0,34.66,0.0,0.01,0.02,392.0,8,347.35,0
0.01,0.0,15,0.23,99.77,0.47,0.0,-0.01,0.0,0,0.015,0.0,35.31,0.0,0.01,0.02,393.0,8,347.35,0
0.01,-0.01,1968,0.22,99.78,0.45,0.0,-0.01,0.0,252,0.015,0.0,36.28,0.0,0.01,0.02,395.0,8,347.35,0
0.01,0.0,20,0.08,99.92,0.17,0.0,0.0,0.0,408,0.005,0.0,35.27,0.0,0.0,0.01,400.0,8,347.35,0
0.01,-0.02,4,0.08,99.92,0.15,0.0,0.0,0.0,52,0.005,0.0,37.58,0.0,0.0,0.01,405.0,8,347.35,0
0.01,-0.01,10,0.07,99.93,0.14,0.0,0.0,0.0,232,0.005,0.0,39.84,0.0,0.0,0.01,410.0,8,347.35,0
0.01,-0.01,957,0.07,99.93,0.14,0.0,0.0,0.0,1165,0.005,0.0,42.07,0.0,0.0,0.01,415.0,8,347.35,0
0.01,0.0,1,0.06,99.94,0.13,0.0,0.0,0.0,568,0.005,0.0,44.26,0.0,0.0,0.01,420.0,8,347.35,0
0.01,0.0,240,0.06,99.94,0.12,0.0,0.0,0.0,306,0.005,0.0,46.41,0.0,0.0,0.01,425.0,8,347.35,0
4.96,1.26,607,47.74,52.26,98.7,0.05,-0.21,0.24,2968,4.93,0.03,21.21,0.0,4.9,4.96,337.0,11,354.02,1
4.45,1.14,361,44.62,55.38,92.15,0.05,-0.2,0.24,1268,4.385,0.03,20.87,0.0,4.36,4.41,338.0,11,354.02,1
4.1,1.34,84,41.46,58.54,85.53,0.04,-0.2,0.24,602,3.89,0.03,20.6,0.0,3.87,3.91,339.0,11,354.02,1
3.5,1.03,601,38.29,61.71,78.91,0.04,-0.19,0.24,1283,3.43,0.03,20.35,0.0,3.41,3.45,340.0,11,354.02,1
3.1,0.25,224,35.15,64.85,72.36,0.04,-0.19,0.23,889,3.01,0.03,20.13,0.0,2.99,3.03,341.0,11,354.02,1
2.62,0.75,217,32.04,67.96,65.89,0.04,-0.18,0.22,275,2.62,0.03,19.89,0.0,2.6,2.64,342.0,11,354.02,1
2.33,0.71,77,29.06,70.94,59.7,0.03,-0.17,0.21,668,2.28,0.03,19.73,0.0,2.26,2.3,343.0,11,354.02,1
2.06,0.22,128,26.17,73.83,53.73,0.03,-0.16,0.2,371,1.97,0.03,19.57,0.0,1.95,1.99,344.0,11,354.02,1
1.7,0.53,482,23.41,76.59,48.0,0.03,-0.15,0.19,938,1.69,0.03,19.41,0.0,1.67,1.71,345.0,11,354.02,1
1.42,0.09,71,20.84,79.16,42.71,0.02,-0.14,0.18,361,1.45,0.03,19.31,0.0,1.43,1.47,346.0,11,354.02,1
1.19,0.09,237,18.43,81.57,37.74,0.02,-0.13,0.17,907,1.235,0.02,19.2,0.0,1.22,1.25,347.0,11,354.02,1
0.96,0.07,302,16.26,83.74,33.27,0.02,-0.12,0.16,633,1.055,0.02,19.16,0.0,1.04,1.07,348.0,11,354.02,1
0.95,0.06,226,14.25,85.75,29.13,0.02,-0.11,0.14,226,0.895,0.02,19.11,0.0,0.88,0.91,349.0,11,354.02,1
0.74,0.05,546,12.46,87.54,25.45,0.01,-0.1,0.13,2416,0.76,0.02,19.09,0.0,0.75,0.77,350.0,11,354.02,1
0.66,0.26,127,10.91,89.09,22.27,0.01,-0.09,0.12,249,0.65,0.02,19.15,0.0,0.64,0.66,351.0,11,354.02,1
0.55,0.09,188,9.47,90.53,19.32,0.01,-0.08,0.11,288,0.55,0.02,19.16,0.0,0.54,0.56,352.0,11,354.02,1
0.45,-0.06,20,8.25,91.75,16.83,0.01,-0.07,0.1,79,0.47,0.01,19.25,0.0,0.46,0.48,353.0,11,354.02,1
0.38,0.08,18,7.16,92.84,14.6,0.01,-0.07,0.09,114,0.4,0.01,19.32,0.0,0.39,0.41,354.0,11,354.02,0
0.31,0.0,40,6.2,93.8,12.64,0.01,-0.06,0.08,406,0.34,0.01,19.4,0.0,0.33,0.35,355.0,11,354.02,0
0.28,0.05,20,5.38,94.62,10.95,0.01,-0.05,0.07,14,0.29,0.01,19.51,0.0,0.28,0.3,356.0,11,354.02,0
0.24,0.04,25,4.69,95.31,9.54,0.01,-0.05,0.06,108,0.25,0.01,19.66,0.0,0.24,0.26,357.0,11,354.02,0
0.22,-0.04,4,4.14,95.86,8.43,0.0,-0.04,0.06,463,0.22,0.01,19.9,0.0,0.21,0.23,358.0,11,354.02,0
0.16,0.01,413,3.16,96.84,6.43,0.0,-0.04,0.05,441,0.165,0.01,20.24,0.0,0.16,0.17,360.0,11,354.02,0
0.15,0.03,28,2.72,97.28,5.53,0.0,-0.03,0.04,31,0.14,0.01,20.34,0.0,0.13,0.15,361.0,11,354.02,0
0.14,0.01,3,2.43,97.57,4.93,0.0,-0.03,0.04,23,0.125,0.0,20.61,0.0,0.12,0.13,362.0,11,354.02,0
0.11,0.0,3,2.14,97.86,4.35,0.0,-0.03,0.03,467,0.11,0.0,20.83,0.0,0.1,0.12,363.0,11,354.02,0
0.09,-0.02,15,1.86,98.14,3.78,0.0,-0.02,0.03,1,0.095,0.0,20.98,0.0,0.09,0.1,364.0,11,354.02,0
0.09,0.01,6,1.66,98.34,3.38,0.0,-0.02,0.03,129,0.085,0.0,21.25,0.0,0.08,0.09,365.0,11,354.02,0
0.07,0.0,3,1.28,98.72,2.6,0.0,-0.02,0.02,0,0.065,0.0,21.63,0.0,0.06,0.07,367.0,11,354.02,0
0.04,-0.01,1,0.89,99.11,1.8,0.0,-0.01,0.02,367,0.045,0.0,22.27,0.0,0.04,0.05,370.0,11,354.02,0
0.03,0.0,11,0.49,99.51,1.0,0.0,-0.01,0.01,53,0.025,0.0,23.34,0.0,0.02,0.03,375.0,11,354.02,0
0.02,0.0,1,0.44,99.56,0.89,0.0,-0.01,0.01,63,0.025,0.0,25.81,0.0,0.02,0.03,380.0,11,354.02,0
0.02,0.0,26,0.27,99.73,0.55,0.0,-0.01,0.01,66,0.015,0.0,26.93,0.0,0.01,0.02,385.0,11,354.02,0
0.01,0.0,155,0.1,99.9,0.19,0.0,0.0,0.0,163,0.005,0.0,26.43,0.0,0.0,0.01,390.0,11,354.02,0
0.01,-0.01,20,0.22,99.78,0.45,0.0,-0.01,0.01,15,0.015,0.0,31.41,0.0,0.01,0.02,395.0,11,354.02,0
0.01,0.0,20,0.21,99.79,0.42,0.0,-0.01,0.0,58,0.015,0.0,33.61,0.0,0.01,0.02,400.0,11,354.02,0
0.03,-0.01,3,0.08,99.92,0.15,0.0,0.0,0.0,13,0.005,0.0,32.54,0.0,0.0,0.01,405.0,11,354.02,0
0.02,-0.01,3,0.07,99.93,0.14,0.0,0.0,0.0,1,0.005,0.0,34.5,0.0,0.0,0.01,410.0,11,354.02,0
5.75,1.44,460,47.82,52.18,98.85,0.06,-0.2,0.26,647,5.58,0.03,22.1,0.0,5.55,5.61,337.0,13,351.93,1
5.11,0.45,335,45.05,54.95,93.03,0.06,-0.2,0.26,467,5.03,0.03,21.78,0.0,5.01,5.05,338.0,13,351.93,1
4.26,0.7,173,42.24,57.76,87.15,0.05,-0.19,0.26,1861,4.52,0.03,21.5,0.0,4.5,4.54,339.0,13,351.93,1
4.29,1.3,729,39.41,60.59,81.23,0.05,-0.19,0.26,706,4.04,0.03,21.23,0.0,4.02,4.06,340.0,13,351.93,1
3.26,0.64,146,36.6,63.4,75.35,0.05,-0.18,0.25,297,3.6,0.03,20.99,0.0,3.58,3.62,341.0,13,351.93,1
2.97,0.73,74,33.8,66.2,69.52,0.04,-0.18,0.24,436,3.19,0.03,20.76,0.0,3.17,3.21,342.0,13,351.93,1
2.62,0.07,61,31.04,68.96,63.78,0.04,-0.17,0.24,690,2.81,0.03,20.53,0.0,2.79,2.83,343.0,13,351.93,1
2.39,0.41,102,28.37,71.63,58.24,0.04,-0.16,0.23,565,2.47,0.03,20.35,0.0,2.45,2.49,344.0,13,351.93,1
2.01,0.12,368,25.8,74.2,52.93,0.03,-0.15,0.22,1344,2.165,0.02,20.19,0.0,2.15,2.18,345.0,13,351.93,1
1.84,0.15,82,23.35,76.65,47.87,0.03,-0.15,0.21,495,1.89,0.02,20.06,0.0,1.87,1.91,346.0,13,351.93,1
1.43,-0.03,167,21.04,78.96,43.09,0.03,-0.14,0.2,730,1.645,0.02,19.94,0.0,1.63,1.66,347.0,13,351.93,1
1.47,0.29,251,18.85,81.15,38.58,0.02,-0.13,0.18,904,1.425,0.02,19.84,0.0,1.41,1.44,348.0,13,351.93,1
1.23,0.22,146,16.84,83.16,34.45,0.02,-0.12,0.17,497,1.235,0.02,19.77,0.0,1.22,1.25,349.0,13,351.93,1
1.06,0.33,348,15.05,84.95,30.76,0.02,-0.11,0.16,839,1.075,0.02,19.77,0.0,1.06,1.09,350.0,13,351.93,1
1.01,0.19,96,13.33,86.67,27.22,0.02,-0.1,0.15,300,0.925,0.02,19.71,0.0,0.91,0.94,351.0,13,351.93,0
0.83,0.29,7,11.81,88.19,24.11,0.02,-0.09,0.14,256,0.8,0.02,19.72,0.0,0.79,0.81,352.0,13,351.93,0
0.69,-0.13,37,10.43,89.57,21.28,0.01,-0.09,0.13,150,0.69,0.01,19.72,0.0,0.68,0.7,353.0,13,351.93,0
0.65,0.17,10,9.24,90.76,18.84,0.01,-0.08,0.12,468,0.6,0.01,19.79,0.0,0.59,0.61,354.0,13,351.93,0
0.52,0.15,326,8.15,91.85,16.62,0.01,-0.07,0.11,395,0.52,0.01,19.86,0.0,0.51,0.53,355.0,13,351.93,0
0.46,-0.05,42,7.18,92.82,14.63,0.01,-0.07,0.1,79,0.45,0.01,19.92,0.0,0.44,0.46,356.0,13,351.93,0
0.42,0.15,2,6.32,93.68,12.88,0.01,-0.06,0.09,224,0.39,0.01,20.0,0.0,0.38,0.4,357.0,13,351.93,0
0.36,0.1,6,5.58,94.42,11.37,0.01,-0.05,0.08,26,0.34,0.01,20.12,0.0,0.33,0.35,358.0,13,351.93,0
0.28,0.0,21,4.97,95.03,10.11,0.01,-0.05,0.07,4,0.3,0.01,20.29,0.0,0.29,0.31,359.0,13,351.93,0
0.25,0.01,44,4.36,95.64,8.87,0.01,-0.04,0.07,218,0.26,0.01,20.38,0.0,0.25,0.27,360.0,13,351.93,0
0.24,0.01,19,3.88,96.12,7.89,0.01,-0.04,0.06,29,0.23,0.01,20.56,0.0,0.22,0.24,361.0,13,351.93,0
0.21,0.01,6,3.47,96.53,7.06,0.0,-0.04,0.05,35,0.205,0.01,20.77,0.0,0.2,0.21,362.0,13,351.93,0
0.19,0.03,25,3.07,96.93,6.24,0.0,-0.03,0.05,52,0.18,0.01,20.92,0.0,0.17,0.19,363.0,13,351.93,0
0.18,0.04,5,2.74,97.26,5.57,0.0,-0.03,0.05,1,0.16,0.0,21.11,0.0,0.15,0.17,364.0,13,351.93,0
0.15,0.04,1,2.48,97.52,5.04,0.0,-0.03,0.04,192,0.145,0.0,21.36,0.0,0.14,0.15,365.0,13,351.93,0
0.13,0.0,1,2.16,97.84,4.39,0.0,-0.03,0.04,30,0.125,0.0,21.45,0.0,0.12,0.13,366.0,13,351.93,0
0.11,0.0,40,1.8,98.2,3.66,0.0,-0.02,0.03,0,0.105,0.0,22.01,0.0,0.1,0.11,368.0,13,351.93,0
0.09,0.0,6,1.62,98.38,3.29,0.0,-0.02,0.03,0,0.095,0.0,22.23,0.0,0.09,0.1,369.0,13,351.93,0
0.08,0.01,5,1.45,98.55,2.95,0.0,-0.02,0.03,48,0.085,0.0,22.42,0.0,0.08,0.09,370.0,13,351.93,0
0.03,-0.01,1,0.58,99.42,1.18,0.0,-0.01,0.01,51,0.035,0.0,24.85,0.0,0.03,0.04,380.0,13,351.93,0
0.02,0.01,6,0.4,99.6,0.82,0.0,-0.01,0.01,76,0.025,0.0,26.2,0.0,0.02,0.03,385.0,13,351.93,0
0.03,0.01,3,0.24,99.76,0.49,0.0,0.0,0.01,3,0.015,0.0,26.99,0.0,0.01,0.02,390.0,13,351.93,0
0.01,0.0,1849,0.22,99.78,0.45,0.0,0.0,0.01,23,0.015,0.0,29.08,0.0,0.01,0.02,395.0,13,351.93,0
0.01,0.0,80,0.21,99.79,0.42,0.0,0.0,0.01,51,0.015,0.0,31.11,0.0,0.01,0.02,400.0,13,351.93,0
0.03,0.0,6,0.2,99.8,0.4,0.0,-0.01,0.01,12,0.015,0.0,33.2,0.0,0.01,0.02,405.0,13,351.93,0
0.02,-0.01,11,0.07,99.93,0.14,0.0,0.0,0.0,10,0.005,0.0,31.94,0.0,0.0,0.01,410.0,13,351.93,0
6.3,1.55,3005,47.87,52.13,98.96,0.07,-0.2,0.28,19499,6.21,0.02,22.91,0.0,6.19,6.23,337.0,15,350.75,1
5.8,1.49,2109,45.38,54.62,93.71,0.07,-0.19,0.28,9946,5.655,0.03,22.59,0.0,5.64,5.67,338.0,15,350.75,1
5.21,1.42,1365,42.85,57.15,88.4,0.06,-0.19,0.28,17347,5.135,0.03,22.31,0.0,5.12,5.15,339.0,15,350.75,1
4.64,1.15,5816,40.29,59.71,83.05,0.06,-0.19,0.28,42620,4.645,0.03,22.05,0.0,4.63,4.66,340.0,15,350.75,1
4.2,1.14,1091,37.73,62.27,77.71,0.06,-0.18,0.27,15317,4.185,0.03,21.79,0.0,4.17,4.2,341.0,15,350.75,1
3.84,1.16,1351,35.18,64.82,72.39,0.05,-0.18,0.27,23300,3.755,0.02,21.55,0.0,3.74,3.77,342.0,15,350.75,1
3.36,0.95,1511,32.66,67.34,67.13,0.05,-0.17,0.26,10814,3.355,0.02,21.32,0.0,3.34,3.37,343.0,15,350.75,1
2.97,0.8,816,30.17,69.83,61.97,0.04,-0.16,0.25,11626,2.985,0.02,21.1,0.0,2.97,3.0,344.0,15,350.75,1
2.69,0.82,4117,27.78,72.22,57.01,0.04,-0.16,0.24,80515,2.655,0.02,20.94,0.0,2.64,2.67,345.0,15,350.75,1
2.45,0.79,1928,25.45,74.55,52.2,0.04,-0.15,0.23,10955,2.35,0.02,20.78,0.0,2.34,2.36,346.0,15,350.75,1
2.12,0.51,319,23.23,76.77,47.61,0.04,-0.14,0.22,12263,2.075,0.02,20.64,0.0,2.06,2.09,347.0,15,350.75,1
1.73,0.48,767,21.13,78.87,43.28,0.03,-0.13,0.21,6775,1.83,0.02,20.53,0.0,1.82,1.84,348.0,15,350.75,1
1.63,0.36,835,19.15,80.85,39.2,0.03,-0.12,0.2,7492,1.61,0.02,20.44,0.0,1.6,1.62,349.0,15,350.75,1
1.46,0.5,3366,17.28,82.72,35.34,0.03,-0.12,0.19,142268,1.41,0.02,20.35,0.0,1.4,1.42,350.0,15,350.75,0
1.28,0.45,367,15.55,84.45,31.79,0.02,-0.11,0.18,6468,1.235,0.02,20.29,0.0,1.23,1.24,351.0,15,350.75,0
1.12,0.36,907,13.99,86.01,28.58,0.02,-0.1,0.16,7873,1.085,0.02,20.27,0.0,1.08,1.09,352.0,15,350.75,0
0.95,0.32,394,12.54,87.46,25.6,0.02,-0.09,0.15,14299,0.95,0.02,20.26,0.0,0.94,0.96,353.0,15,350.75,0
0.87,0.22,445,11.21,88.79,22.87,0.02,-0.09,0.14,6306,0.83,0.01,20.25,0.0,0.82,0.84,354.0,15,350.75,0
0.74,0.26,1878,10.04,89.96,20.47,0.02,-0.08,0.13,24222,0.73,0.01,20.3,0.0,0.72,0.74,355.0,15,350.75,0
0.61,0.11,577,9.0,91.0,18.36,0.01,-0.07,0.12,4567,0.645,0.01,20.38,0.0,0.64,0.65,356.0,15,350.75,0
0.53,0.08,110,8.03,91.97,16.36,0.01,-0.07,0.11,5503,0.565,0.01,20.42,0.0,0.56,0.57,357.0,15,350.75,0
0.5,0.08,162,7.15,92.85,14.56,0.01,-0.06,0.1,6472,0.495,0.01,20.47,0.0,0.49,0.5,358.0,15,350.75,0
0.46,0.14,21,6.37,93.63,12.97,0.01,-0.06,0.09,7914,0.435,0.01,20.55,0.0,0.43,0.44,359.0,15,350.75,0
0.39,0.04,2514,5.7,94.3,11.6,0.01,-0.05,0.09,30565,0.385,0.01,20.67,0.0,0.38,0.39,360.0,15,350.75,0
0.36,0.06,20,5.14,94.86,10.46,0.01,-0.05,0.08,10564,0.345,0.01,20.84,0.0,0.34,0.35,361.0,15,350.75,0
0.31,0.04,21,4.59,95.41,9.34,0.01,-0.05,0.07,38602,0.305,0.01,20.95,0.0,0.3,0.31,362.0,15,350.75,0
0.28,0.07,11,4.15,95.85,8.45,0.01,-0.04,0.07,11468,0.275,0.01,21.15,0.0,0.27,0.28,363.0,15,350.75,0
0.23,0.02,12,3.73,96.27,7.58,0.01,-0.04,0.06,6177,0.245,0.01,21.29,0.0,0.24,0.25,364.0,15,350.75,0
0.23,0.05,4989,3.3,96.7,6.71,0.01,-0.04,0.06,22512,0.215,0.01,21.37,0.0,0.21,0.22,365.0,15,350.75,0
0.18,0.04,5,3.0,97.0,6.09,0.0,-0.03,0.05,6940,0.195,0.0,21.58,0.0,0.19,0.2,366.0,15,350.75,0
0.17,0.0,46,2.7,97.3,5.49,0.0,-0.03,0.05,5694,0.175,0.0,21.75,0.0,0.17,0.18,367.0,15,350.75,0
0.15,0.01,7,2.52,97.48,5.12,0.0,-0.03,0.05,4280,0.165,0.0,22.1,0.0,0.16,0.17,368.0,15,350.75,0
0.14,0.02,88,2.24,97.76,4.54,0.0,-0.03,0.04,4254,0.145,0.0,22.19,0.0,0.14,0.15,369.0,15,350.75,0
0.13,0.02,277,2.07,97.93,4.2,0.0,-0.03,0.04,16235,0.135,0.0,22.48,0.0,0.13,0.14,370.0,15,350.75,0
0.13,0.03,1,1.79,98.21,3.64,0.0,-0.02,0.03,5828,0.115,0.0,22.46,0.0,0.11,0.12,371.0,15,350.75,0
0.11,0.0,220,1.63,98.37,3.32,0.0,-0.02,0.03,4501,0.105,0.0,22.67,0.0,0.1,0.11,372.0,15,350.75,0
0.1,0.01,187,1.48,98.52,3.01,0.0,-0.02,0.03,3819,0.095,0.0,22.85,0.0,0.09,0.1,373.0,15,350.75,0
0.09,0.0,20,1.45,98.55,2.94,0.0,-0.02,0.03,4530,0.095,0.0,23.36,0.0,0.09,0.1,374.0,15,350.75,0
0.08,0.02,245,1.3,98.7,2.64,0.0,-0.02,0.03,21163,0.085,0.0,23.49,0.0,0.08,0.09,375.0,15,350.75,0
0.07,-0.01,87,1.16,98.84,2.34,0.0,-0.02,0.02,3723,0.075,0.0,23.59,0.0,0.07,0.08,376.0,15,350.75,0
0.06,-0.01,2,0.99,99.01,2.01,0.0,-0.01,0.02,1647,0.065,0.0,24.1,0.0,0.06,0.07,378.0,15,350.75,0
0.06,0.01,112,0.97,99.03,1.97,0.0,-0.01,0.02,3059,0.065,0.0,24.57,0.0,0.06,0.07,379.0,15,350.75,0
0.05,0.01,255,0.83,99.17,1.69,0.0,-0.01,0.02,16088,0.055,0.0,24.52,0.0,0.05,0.06,380.0,15,350.75,0
0.05,0.01,201,0.82,99.18,1.66,0.0,-0.01,0.02,1453,0.055,0.0,24.98,0.0,0.05,0.06,381.0,15,350.75,0
0.05,0.0,1,0.68,99.32,1.39,0.0,-0.01,0.02,573,0.045,0.0,24.83,0.0,0.04,0.05,382.0,15,350.75,0
0.05,0.01,1,0.67,99.33,1.36,0.0,-0.01,0.02,470,0.045,0.0,25.27,0.0,0.04,0.05,383.0,15,350.75,0
0.04,0.0,60,0.65,99.35,1.33,0.0,-0.01,0.01,122,0.045,0.0,25.69,0.0,0.04,0.05,384.0,15,350.75,0
0.04,0.02,151,0.53,99.47,1.07,0.0,-0.01,0.01,9674,0.035,0.0,25.42,0.0,0.03,0.04,385.0,15,350.75,0
0.03,0.0,1,0.51,99.49,1.03,0.0,-0.01,0.01,1952,0.035,0.0,26.25,0.0,0.03,0.04,387.0,15,350.75,0
0.02,-0.01,6,0.5,99.5,1.02,0.0,-0.01,0.01,258,0.035,0.0,26.72,0.0,0.03,0.04,388.0,15,350.75,0
0.02,0.0,7,0.37,99.63,0.75,0.0,-0.01,0.01,87,0.025,0.0,26.13,0.0,0.02,0.03,389.0,15,350.75,0
0.02,0.0,7,0.37,99.63,0.75,0.0,-0.01,0.01,12998,0.025,0.0,26.6,0.0,0.02,0.03,390.0,15,350.75,0
0.02,0.01,157,0.22,99.78,0.45,0.0,0.0,0.01,16426,0.015,0.0,27.2,0.0,0.01,0.02,395.0,15,350.75,0
0.01,0.0,147,0.21,99.79,0.42,0.0,0.0,0.01,32918,0.015,0.0,29.1,0.0,0.01,0.02,400.0,15,350.75,0
0.01,0.0,5,0.2,99.8,0.4,0.0,0.0,0.01,12440,0.015,0.0,31.05,0.0,0.01,0.02,405.0,15,350.75,0
0.01,-0.01,1,0.07,99.93,0.14,0.0,0.0,0.0,6375,0.005,0.0,29.87,0.0,0.0,0.01,410.0,15,350.75,0
0.01,0.0,2,0.07,99.93,0.14,0.0,0.0,0.0,1650,0.005,0.0,31.54,0.0,0.0,0.01,415.0,15,350.75,0
0.01,-0.01,100,0.06,99.94,0.13,0.0,0.0,0.0,3578,0.005,0.0,33.18,0.0,0.0,0.01,420.0,15,350.75,0
0.01,-0.01,1,0.06,99.94,0.12,0.0,0.0,0.0,1882,0.005,0.0,34.8,0.0,0.0,0.01,425.0,15,350.75,0
0.01,0.0,5,0.06,99.94,0.11,0.0,0.0,0.0,1061,0.005,0.0,36.39,0.0,0.0,0.01,430.0,15,350.75,0
0.01,0.0,1,0.05,99.95,0.11,0.0,0.0,0.0,2739,0.005,0.0,37.95,0.0,0.0,0.01,435.0,15,350.75,0
0.01,0.0,10,0.05,99.95,0.1,0.0,0.0,0.0,885,0.005,0.0,39.5,0.0,0.0,0.01,440.0,15,350.75,0
0.01,0.0,9,0.05,99.95,0.1,0.0,0.0,0.0,486,0.005,0.0,41.01,0.0,0.0,0.01,445.0,15,350.75,0
0.01,0.0,1,0.05,99.95,0.09,0.0,0.0,0.0,1567,0.005,0.0,42.51,0.0,0.0,0.01,450.0,15,350.75,0
0.02,-0.01,1,0.04,99.96,0.09,0.0,0.0,0.0,284,0.005,0.0,43.99,0.0,0.0,0.01,455.0,15,350.75,0
0.02,0.0,50,0.04,99.96,0.09,0.0,0.0,0.0,991,0.005,0.0,45.44,0.0,0.0,0.01,460.0,15,350.75,0
0.03,0.0,35,0.04,99.96,0.08,0.0,0.0,0.0,431,0.005,0.0,46.88,0.0,0.0,0.01,465.0,15,350.75,0
0.01,0.0,5,0.04,99.96,0.08,0.0,0.0,0.0,1899,0.005,0.0,48.3,0.0,0.0,0.01,470.0,15,350.75,0
6.55,1.26,138,47.87,52.13,99.01,0.08,-0.17,0.31,139,6.545,0.02,22.12,0.0,6.51,6.58,337.0,18,349.33,1
5.76,0.22,155,45.5,54.5,94.02,0.08,-0.17,0.31,399,5.985,0.02,21.82,0.0,5.96,6.01,338.0,18,349.33,1
5.36,0.27,80,43.09,56.91,88.96,0.07,-0.17,0.3,227,5.455,0.02,21.53,0.0,5.43,5.48,339.0,18,349.33,1
4.97,1.25,196,40.66,59.34,83.85,0.07,-0.16,0.3,217,4.955,0.02,21.27,0.0,4.93,4.98,340.0,18,349.33,1
4.2,0.9,30,38.22,61.78,78.76,0.07,-0.16,0.3,242,4.49,0.02,21.03,0.0,4.47,4.51,341.0,18,349.33,1
4.13,1.02,147,35.8,64.2,73.69,0.06,-0.16,0.29,416,4.055,0.02,20.81,0.0,4.03,4.08,342.0,18,349.33,1
3.84,1.17,149,33.38,66.62,68.65,0.06,-0.15,0.28,251,3.645,0.02,20.59,0.0,3.62,3.67,343.0,18,349.33,1
3.38,0.48,95,30.99,69.01,63.7,0.05,-0.15,0.28,160,3.265,0.02,20.39,0.0,3.24,3.29,344.0,18,349.33,1
2.92,0.62,684,28.66,71.34,58.86,0.05,-0.14,0.27,169,2.915,0.02,20.2,0.0,2.89,2.94,345.0,18,349.33,1
2.59,0.76,44,26.4,73.6,54.18,0.05,-0.13,0.26,396,2.595,0.02,20.03,0.0,2.57,2.62,346.0,18,349.33,1
2.3,-0.1,144,24.23,75.77,49.68,0.04,-0.13,0.25,70,2.305,0.02,19.88,0.0,2.28,2.33,347.0,18,349.33,1
1.88,0.08,257,22.15,77.85,45.38,0.04,-0.12,0.24,123,2.04,0.02,19.75,0.0,2.02,2.06,348.0,18,349.33,0
1.66,-0.39,40,20.18,79.82,41.33,0.04,-0.11,0.22,202,1.805,0.02,19.64,0.0,1.79,1.82,349.0,18,349.33,0
1.64,0.32,435,18.34,81.66,37.54,0.03,-0.11,0.21,384,1.595,0.02,19.57,0.0,1.58,1.61,350.0,18,349.33,0
1.46,0.48,4,16.6,83.4,33.96,0.03,-0.1,0.2,308,1.405,0.02,19.49,0.0,1.39,1.42,351.0,18,349.33,0
1.0,0.08,26,13.53,86.47,27.63,0.02,-0.09,0.18,178,1.09,0.02,19.41,0.0,1.08,1.1,353.0,18,349.33,0
0.75,0.02,9,10.94,89.06,22.33,0.02,-0.08,0.15,361,0.845,0.01,19.41,0.0,0.83,0.86,355.0,18,349.33,0
0.75,0.1,1,9.82,90.18,20.04,0.02,-0.07,0.14,11,0.745,0.01,19.43,0.0,0.73,0.76,356.0,18,349.33,0
0.67,0.13,1,8.84,91.16,18.02,0.02,-0.06,0.13,22,0.66,0.01,19.5,0.0,0.65,0.67,357.0,18,349.33,0
0.42,0.05,42,6.41,93.59,13.05,0.01,-0.05,0.1,359,0.46,0.01,19.73,0.0,0.45,0.47,360.0,18,349.33,0
0.4,0.08,3,5.77,94.23,11.74,0.01,-0.05,0.1,7,0.41,0.01,19.84,0.0,0.4,0.42,361.0,18,349.33,0
0.29,0.05,8,3.78,96.22,7.69,0.01,-0.04,0.07,285,0.26,0.01,20.31,0.0,0.25,0.27,365.0,18,349.33,0
0.25,0.1,1,3.43,96.57,6.97,0.01,-0.03,0.06,4,0.235,0.01,20.48,0.0,0.23,0.24,366.0,18,349.33,0
0.22,0.07,18,3.14,96.86,6.38,0.01,-0.03,0.06,1,0.215,0.0,20.69,0.0,0.21,0.22,367.0,18,349.33,0
0.17,0.02,7,2.35,97.65,4.77,0.0,-0.02,0.05,459,0.16,0.0,21.19,0.0,0.15,0.17,370.0,18,349.33,0
0.1,0.0,252,1.47,98.53,2.99,0.0,-0.02,0.03,72,0.1,0.0,22.06,0.0,0.09,0.11,375.0,18,349.33,0
0.07,-0.01,16,0.95,99.05,1.93,0.0,-0.01,0.02,15,0.065,0.0,22.98,0.0,0.06,0.07,380.0,18,349.33,0
0.06,-0.09,2,0.64,99.36,1.31,0.0,-0.01,0.02,3,0.045,0.0,23.99,0.0,0.04,0.05,385.0,18,349.33,0
0.04,0.01,5,0.49,99.51,0.98,0.0,-0.01,0.01,27,0.035,0.0,25.29,0.0,0.03,0.04,390.0,18,349.33,0
0.01,-0.01,3,0.34,99.66,0.69,0.0,-0.01,0.01,17,0.025,0.0,26.25,0.0,0.02,0.03,395.0,18,349.33,0
6.87,0.31,207,47.89,52.11,99.08,0.09,-0.17,0.32,836,7.06,0.02,22.63,0.0,7.03,7.09,337.0,20,348.6847,1
6.42,1.45,418,45.69,54.31,94.44,0.09,-0.17,0.32,492,6.495,0.02,22.33,0.0,6.47,6.52,338.0,20,348.6847,1
5.89,0.95,87,43.45,56.55,89.72,0.08,-0.16,0.32,771,5.955,0.02,22.04,0.0,5.93,5.98,339.0,20,348.6847,1
5.5,0.4,201,41.18,58.82,84.97,0.08,-0.16,0.32,883,5.445,0.02,21.77,0.0,5.42,5.47,340.0,20,348.6847,1
5.08,0.9,35,38.91,61.09,80.2,0.07,-0.16,0.31,225,4.965,0.02,21.52,0.0,4.94,4.99,341.0,20,348.6847,1
4.21,0.79,122,36.62,63.38,75.43,0.07,-0.15,0.31,485,4.51,0.02,21.27,0.0,4.49,4.53,342.0,20,348.6847,1
3.8,-0.04,55,34.35,65.65,70.69,0.07,-0.15,0.3,372,4.085,0.02,21.04,0.0,4.06,4.11,343.0,20,348.6847,1
3.53,0.59,335,32.1,67.9,65.99,0.06,-0.14,0.3,746,3.685,0.02,20.82,0.0,3.66,3.71,344.0,20,348.6847,1
3.4,0.45,359,29.88,70.12,61.39,0.06,-0.14,0.29,1409,3.315,0.02,20.61,0.0,3.29,3.34,345.0,20,348.6847,1
2.83,0.64,166,27.72,72.28,56.9,0.05,-0.13,0.28,221,2.975,0.02,20.43,0.0,2.95,3.0,346.0,20,348.6847,0
2.7,0.29,55,25.61,74.39,52.54,0.05,-0.13,0.27,876,2.66,0.02,20.25,0.0,2.64,2.68,347.0,20,348.6847,0
2.35,0.22,447,23.61,76.39,48.4,0.05,-0.12,0.26,324,2.38,0.02,20.12,0.0,2.36,2.4,348.0,20,348.6847,0
2.14,-0.04,214,21.67,78.33,44.4,0.04,-0.11,0.25,481,2.12,0.02,19.99,0.0,2.1,2.14,349.0,20,348.6847,0
1.88,0.59,108,19.81,80.19,40.56,0.04,-0.11,0.23,1203,1.88,0.02,19.85,0.0,1.86,1.9,350.0,20,348.6847,0
1.7,0.14,264,18.08,81.92,37.0,0.04,-0.1,0.22,430,1.67,0.02,19.76,0.0,1.65,1.69,351.0,20,348.6847,0
1.51,0.19,7,16.48,83.52,33.69,0.03,-0.1,0.21,145,1.485,0.02,19.7,0.0,1.47,1.5,352.0,20,348.6847,0
1.36,0.21,4,14.96,85.04,30.57,0.03,-0.09,0.2,488,1.315,0.02,19.64,0.0,1.3,1.33,353.0,20,348.6847,0
1.15,-0.05,3,13.56,86.44,27.7,0.03,-0.08,0.19,457,1.165,0.01,19.6,0.0,1.15,1.18,354.0,20,348.6847,0
1.03,0.29,8,12.26,87.74,25.02,0.02,-0.08,0.17,288,1.03,0.01,19.57,0.0,1.02,1.04,355.0,20,348.6847,0
0.9,0.25,37,11.09,88.91,22.64,0.02,-0.07,0.16,26,0.915,0.01,19.58,0.0,0.9,0.93,356.0,20,348.6847,0
0.76,0.06,7,10.01,89.99,20.41,0.02,-0.07,0.15,1,0.81,0.01,19.58,0.0,0.8,0.82,357.0,20,348.6847,0
0.75,0.14,2,9.04,90.96,18.43,0.02,-0.06,0.14,34,0.72,0.01,19.62,0.0,0.71,0.73,358.0,20,348.6847,0
0.55,0.16,10,7.36,92.64,15.0,0.02,-0.05,0.12,900,0.57,0.01,19.72,0.0,0.56,0.58,360.0,20,348.6847,0
0.47,0.04,11,6.66,93.34,13.56,0.01,-0.05,0.11,10,0.51,0.01,19.81,0.0,0.5,0.52,361.0,20,348.6847,0
0.35,0.12,3,4.95,95.05,10.08,0.01,-0.04,0.09,1,0.37,0.01,20.14,0.0,0.36,0.38,364.0,20,348.6847,0
0.34,0.04,19,4.46,95.54,9.08,0.01,-0.04,0.08,193,0.33,0.01,20.22,0.0,0.32,0.34,365.0,20,348.6847,0
0.27,0.0,2,3.69,96.31,7.5,0.01,-0.03,0.07,0,0.27,0.01,20.5,0.0,0.26,0.28,367.0,20,348.6847,0
0.2,0.01,12,2.82,97.18,5.73,0.01,-0.03,0.06,135,0.205,0.0,21.0,0.0,0.2,0.21,370.0,20,348.6847,0
0.09,0.0,25,1.23,98.77,2.49,0.0,-0.01,0.03,31,0.09,0.0,22.81,0.0,0.08,0.1,380.0,20,348.6847,0
0.04,0.0,1,0.87,99.13,1.76,0.0,-0.01,0.02,31,0.065,0.0,23.88,0.0,0.06,0.07,385.0,20,348.6847,0
0.03,0.0,1,0.59,99.41,1.2,0.0,-0.01,0.02,0,0.045,0.0,24.72,0.0,0.04,0.05,390.0,20,348.6847,0
0.03,0.0,1,0.32,99.68,0.65,0.0,-0.01,0.01,82,0.025,0.0,26.73,0.0,0.02,0.03,400.0,20,348.6847,0
0.01,0.0,8,0.16,99.84,0.33,0.0,0.0,0.01,9,0.015,0.0,31.77,0.0,0.01,0.02,420.0,20,348.6847,0
7.69,1.74,295,47.87,52.13,99.14,0.1,-0.16,0.34,866,7.53,0.02,23.03,0.0,7.5,7.56,337.0,22,345.99,1
7.05,1.63,448,45.81,54.19,94.78,0.09,-0.16,0.34,2235,6.97,0.02,22.76,0.0,6.94,7.0,338.0,22,345.99,1
6.64,1.68,307,43.71,56.29,90.35,0.09,-0.16,0.34,702,6.425,0.02,22.47,0.0,6.4,6.45,339.0,22,345.99,1
5.95,1.35,190,41.59,58.41,85.88,0.09,-0.16,0.33,1116,5.905,0.02,22.19,0.0,5.88,5.93,340.0,22,345.99,1
5.59,1.09,436,39.45,60.55,81.39,0.08,-0.15,0.33,669,5.415,0.02,21.93,0.0,5.39,5.44,341.0,22,345.99,0
4.99,1.23,448,37.29,62.71,76.88,0.08,-0.15,0.33,1433,4.945,0.02,21.67,0.0,4.92,4.97,342.0,22,345.99,0
4.46,1.07,83,35.15,64.85,72.39,0.07,-0.15,0.32,1859,4.505,0.02,21.43,0.0,4.48,4.53,343.0,22,345.99,0
4.02,0.77,65,33.01,66.99,67.93,0.07,-0.14,0.31,1023,4.09,0.02,21.2,0.0,4.07,4.11,344.0,22,345.99,0
3.73,1.04,3446,30.91,69.09,63.56,0.07,-0.14,0.31,3648,3.71,0.02,21.0,0.0,3.69,3.73,345.0,22,345.99,0
3.47,0.72,105,28.84,71.16,59.25,0.06,-0.13,0.3,2343,3.35,0.02,20.8,0.0,3.33,3.37,346.0,22,345.99,0
3.13,0.98,163,26.82,73.18,55.07,0.06,-0.13,0.29,1018,3.02,0.02,20.62,0.0,3.0,3.04,347.0,22,345.99,0
2.79,0.77,44,24.84,75.16,50.97,0.05,-0.12,0.28,883,2.71,0.02,20.44,0.0,2.69,2.73,348.0,22,345.99,0
2.49,0.38,16,22.97,77.03,47.1,0.05,-0.12,0.27,1780,2.435,0.02,20.31,0.0,2.41,2.46,349.0,22,345.99,0
2.22,0.6,393,21.14,78.86,43.31,0.05,-0.11,0.25,2195,2.175,0.02,20.16,0.0,2.16,2.19,350.0,22,345.99,0
1.82,-0.31,164,19.42,80.58,39.77,0.04,-0.1,0.24,1534,1.945,0.02,20.05,0.0,1.93,1.96,351.0,22,345.99,0
1.75,-0.05,133,17.82,82.18,36.46,0.04,-0.1,0.23,1184,1.74,0.02,19.97,0.0,1.72,1.76,352.0,22,345.99,0
1.53,0.1,6,16.28,83.72,33.3,0.04,-0.09,0.22,2278,1.55,0.02,19.88,0.0,1.53,1.57,353.0,22,345.99,0
1.41,0.42,4,14.87,85.13,30.4,0.03,-0.09,0.21,584,1.385,0.01,19.84,0.0,1.37,1.4,354.0,22,345.99,0
1.24,0.4,203,13.52,86.48,27.62,0.03,-0.08,0.19,4024,1.23,0.01,19.77,0.0,1.22,1.24,355.0,22,345.99,0
1.13,0.15,77,12.29,87.71,25.1,0.03,-0.08,0.18,684,1.095,0.01,19.74,0.0,1.08,1.11,356.0,22,345.99,0
0.92,0.16,17,11.19,88.81,22.84,0.03,-0.07,0.17,1307,0.98,0.01,19.75,0.0,0.96,1.0,357.0,22,345.99,0
0.87,0.26,27,10.13,89.87,20.67,0.02,-0.07,0.16,3717,0.87,0.01,19.73,0.0,0.86,0.88,358.0,22,345.99,0
0.73,0.05,12,9.21,90.79,18.79,0.02,-0.06,0.15,537,0.78,0.01,19.77,0.0,0.77,0.79,359.0,22,345.99,0
0.73,0.13,148,8.38,91.62,17.08,0.02,-0.06,0.14,1593,0.7,0.01,19.83,0.0,0.69,0.71,360.0,22,345.99,0
0.64,0.24,3,7.59,92.41,15.46,0.02,-0.05,0.13,169,0.625,0.01,19.86,0.0,0.61,0.64,361.0,22,345.99,0
0.5,0.11,6,6.88,93.12,14.02,0.02,-0.05,0.12,326,0.56,0.01,19.92,0.0,0.55,0.57,362.0,22,345.99,0
0.49,0.08,11,6.26,93.74,12.76,0.01,-0.05,0.11,2627,0.505,0.01,20.01,0.0,0.49,0.52,363.0,22,345.99,0
0.42,0.1,1,5.74,94.26,11.68,0.01,-0.04,0.11,589,0.46,0.01,20.15,0.0,0.45,0.47,364.0,22,345.99,0
0.43,0.14,914,5.17,94.83,10.54,0.01,-0.04,0.1,1275,0.41,0.01,20.2,0.0,0.4,0.42,365.0,22,345.99,0
0.34,-0.04,1,4.71,95.29,9.58,0.01,-0.04,0.09,161,0.37,0.01,20.3,0.0,0.36,0.38,366.0,22,345.99,0
0.34,0.0,17,4.33,95.67,8.82,0.01,-0.04,0.09,129,0.34,0.01,20.47,0.0,0.33,0.35,367.0,22,345.99,0
0.32,0.02,1,3.97,96.03,8.07,0.01,-0.03,0.08,95,0.31,0.01,20.61,0.0,0.3,0.32,368.0,22,345.99,0
0.26,0.03,185,3.34,96.66,6.8,0.01,-0.03,0.07,775,0.26,0.0,20.92,0.0,0.25,0.27,370.0,22,345.99,0
0.25,0.15,20,3.08,96.92,6.27,0.01,-0.03,0.07,5,0.24,0.0,21.1,0.0,0.23,0.25,371.0,22,345.99,0
0.19,0.1,1,2.83,97.17,5.76,0.01,-0.03,0.06,21,0.22,0.0,21.25,0.0,0.21,0.23,372.0,22,345.99,0
0.18,0.06,1,2.63,97.37,5.35,0.01,-0.03,0.06,24,0.205,0.0,21.46,0.0,0.2,0.21,373.0,22,345.99,0
0.17,0.02,66,2.25,97.75,4.56,0.01,-0.02,0.05,491,0.175,0.0,21.81,0.0,0.17,0.18,375.0,22,345.99,0
0.12,0.0,202,1.48,98.52,3.01,0.0,-0.02,0.04,2654,0.115,0.0,22.56,0.0,0.11,0.12,380.0,22,345.99,0
0.09,0.01,2,1.07,98.93,2.17,0.0,-0.01,0.03,270,0.085,0.0,23.62,0.0,0.08,0.09,385.0,22,345.99,0
0.07,0.02,12,0.7,99.3,1.42,0.0,-0.01,0.02,941,0.055,0.0,24.21,0.0,0.05,0.06,390.0,22,345.99,0
0.02,0.0,150,0.32,99.68,0.65,0.0,0.0,0.01,4008,0.025,0.0,25.54,0.0,0.02,0.03,400.0,22,345.99,0
0.02,0.0,300,0.3,99.7,0.6,0.0,-0.01,0.01,291,0.025,0.0,27.16,0.0,0.02,0.03,405.0,22,345.99,0
0.01,-0.02,8,0.28,99.72,0.56,0.0,-0.01,0.01,90,0.025,0.0,28.75,0.0,0.02,0.03,410.0,22,345.99,0
0.02,-0.03,10,0.17,99.83,0.35,0.0,0.0,0.01,174,0.015,0.0,28.9,0.0,0.01,0.02,415.0,22,345.99,0
0.01,0.0,25,0.16,99.84,0.33,0.0,0.0,0.01,143,0.015,0.0,30.36,0.0,0.01,0.02,420.0,22,345.99,0
0.01,0.0,5,0.15,99.85,0.31,0.0,0.0,0.01,283,0.015,0.0,31.81,0.0,0.01,0.02,425.0,22,345.99,0
8.0,1.46,152,47.88,52.12,99.17,0.11,-0.15,0.36,79,7.84,0.02,22.51,0.0,7.81,7.87,337.0,25,342.98,0
7.1,0.83,290,45.9,54.1,94.97,0.11,-0.15,0.36,91,7.27,0.02,22.23,0.0,7.24,7.3,338.0,25,342.98,0
6.78,1.46,153,43.88,56.12,90.71,0.1,-0.15,0.36,131,6.725,0.02,21.96,0.0,6.69,6.76,339.0,25,342.98,0
5.9,0.16,64,41.84,58.16,86.41,0.1,-0.14,0.35,404,6.2,0.02,21.69,0.0,6.17,6.23,340.0,25,342.98,0
5.75,0.59,683,39.78,60.22,82.07,0.09,-0.14,0.35,18,5.7,0.02,21.43,0.0,5.67,5.73,341.0,25,342.98,0
5.09,1.08,192,37.7,62.3,77.72,0.09,-0.14,0.35,128,5.225,0.02,21.18,0.0,5.2,5.25,342.0,25,342.98,0
4.9,0.24,362,35.62,64.38,73.37,0.09,-0.13,0.34,13,4.775,0.02,20.94,0.0,4.75,4.8,343.0,25,342.98,0
4.25,-0.05,127,33.56,66.44,69.07,0.08,-0.13,0.33,60,4.355,0.02,20.72,0.0,4.33,4.38,344.0,25,342.98,0
4.09,0.9,32,31.5,68.5,64.78,0.08,-0.13,0.33,109,3.955,0.02,20.49,0.0,3.93,3.98,345.0,25,342.98,0
3.37,-0.32,169,29.48,70.52,60.58,0.07,-0.12,0.32,27,3.585,0.02,20.29,0.0,3.56,3.61,346.0,25,342.98,0
3.04,0.55,71,27.51,72.49,56.5,0.07,-0.12,0.31,73,3.245,0.02,20.12,0.0,3.22,3.27,347.0,25,342.98,0
2.74,0.5,107,25.58,74.42,52.49,0.06,-0.11,0.3,716,2.925,0.02,19.94,0.0,2.9,2.95,348.0,25,342.98,0
2.72,0.38,11,23.72,76.28,48.65,0.06,-0.11,0.29,11,2.635,0.02,19.79,0.0,2.61,2.66,349.0,25,342.98,0
2.45,0.34,805,21.92,78.08,44.93,0.05,-0.1,0.28,477,2.365,0.02,19.64,0.0,2.34,2.39,350.0,25,342.98,0
1.98,0.41,59,20.21,79.79,41.38,0.05,-0.1,0.26,82,2.12,0.02,19.52,0.0,2.1,2.14,351.0,25,342.98,0
1.79,0.11,146,18.59,81.41,38.04,0.05,-0.09,0.25,10,1.9,0.02,19.42,0.0,1.88,1.92,352.0,25,342.98,0
1.69,0.44,1,17.05,82.95,34.88,0.04,-0.09,0.24,147,1.7,0.02,19.32,0.0,1.68,1.72,353.0,25,342.98,0
1.48,0.35,2,15.61,84.39,31.92,0.04,-0.08,0.23,14,1.52,0.01,19.25,0.0,1.5,1.54,354.0,25,342.98,0
1.34,0.4,5,14.27,85.73,29.16,0.04,-0.08,0.21,667,1.36,0.01,19.2,0.0,1.34,1.38,355.0,25,342.98,0
1.21,0.2,128,13.05,86.95,26.66,0.03,-0.07,0.2,26,1.22,0.01,19.19,0.0,1.2,1.24,356.0,25,342.98,0
1.09,0.4,22,11.89,88.11,24.28,0.03,-0.07,0.19,54,1.09,0.01,19.16,0.0,1.07,1.11,357.0,25,342.98,0
0.95,0.27,1523,10.83,89.17,22.11,0.03,-0.06,0.18,19,0.975,0.01,19.15,0.0,0.96,0.99,358.0,25,342.98,0
0.87,0.09,5,9.87,90.13,20.14,0.03,-0.06,0.17,27,0.875,0.01,19.18,0.0,0.86,0.89,359.0,25,342.98,0
0.79,0.17,3,8.99,91.01,18.34,0.02,-0.06,0.16,132,0.785,0.01,19.2,0.0,0.77,0.8,360.0,25,342.98,0
0.46,0.0,1,6.78,93.22,13.81,0.02,-0.05,0.13,1,0.57,0.01,19.35,0.0,0.56,0.58,363.0,25,342.98,0
0.45,0.07,4,6.18,93.82,12.59,0.02,-0.04,0.12,4,0.515,0.01,19.43,0.0,0.5,0.53,364.0,25,342.98,0
0.46,0.02,55,5.63,94.37,11.47,0.01,-0.04,0.11,59,0.465,0.01,19.5,0.0,0.45,0.48,365.0,25,342.98,0
0.42,0.1,918,5.13,94.87,10.45,0.01,-0.04,0.1,2,0.42,0.01,19.59,0.0,0.41,0.43,366.0,25,342.98,0
0.35,0.0,10,4.68,95.32,9.52,0.01,-0.04,0.1,7,0.38,0.01,19.68,0.0,0.37,0.39,367.0,25,342.98,0
0.25,0.0,1,4.32,95.68,8.78,0.01,-0.03,0.09,2,0.35,0.01,19.84,0.0,0.34,0.36,368.0,25,342.98,0
0.24,0.0,1,3.96,96.04,8.06,0.01,-0.03,0.08,2,0.32,0.01,19.97,0.0,0.31,0.33,369.0,25,342.98,0
0.29,0.03,5,3.61,96.39,7.35,0.01,-0.03,0.08,53,0.29,0.0,20.07,0.0,0.28,0.3,370.0,25,342.98,0
0.24,0.08,5,3.11,96.89,6.32,0.01,-0.03,0.07,1,0.25,0.0,20.43,0.0,0.24,0.26,372.0,25,342.98,0
0.21,0.03,4,2.86,97.14,5.82,0.01,-0.02,0.07,0,0.23,0.0,20.58,0.0,0.22,0.24,373.0,25,342.98,0
0.2,0.02,4,2.67,97.33,5.43,0.01,-0.02,0.06,1,0.215,0.0,20.78,0.0,0.21,0.22,374.0,25,342.98,0
0.17,0.01,5,2.25,97.75,4.57,0.01,-0.02,0.05,8,0.18,0.0,21.02,0.0,0.17,0.19,376.0,25,342.98,0
0.16,0.01,5,2.06,97.94,4.19,0.01,-0.02,0.05,6,0.165,0.0,21.15,0.0,0.16,0.17,377.0,25,342.98,0
0.16,0.09,1,1.93,98.07,3.93,0.01,-0.02,0.05,20,0.155,0.0,21.35,0.0,0.15,0.16,378.0,25,342.98,0
0.07,0.0,10,1.8,98.2,3.66,0.0,-0.02,0.05,10,0.145,0.0,21.54,0.0,0.14,0.15,379.0,25,342.98,0
0.11,0.01,3,1.24,98.76,2.51,0.0,-0.01,0.03,1,0.1,0.0,22.32,0.0,0.09,0.11,384.0,25,342.98,0
0.1,0.05,10,1.17,98.83,2.37,0.0,-0.01,0.03,20,0.095,0.0,22.54,0.0,0.09,0.1,385.0,25,342.98,0
0.06,0.0,10,0.92,99.08,1.87,0.0,-0.01,0.03,10,0.075,0.0,22.93,0.0,0.07,0.08,388.0,25,342.98,0
0.07,0.0,2,0.8,99.2,1.62,0.0,-0.01,0.02,0,0.065,0.0,23.23,0.0,0.06,0.07,390.0,25,342.98,0
0.04,0.0,5,0.42,99.58,0.85,0.0,-0.01,0.01,6,0.035,0.0,24.86,0.0,0.03,0.04,400.0,25,342.98,0
0.02,0.0,16,0.18,99.82,0.37,0.0,0.0,0.01,0,0.015,0.0,25.78,0.0,0.01,0.02,410.0,25,342.98,0
0.02,0.01,5245,0.16,99.84,0.33,0.0,0.0,0.01,5,0.015,0.0,28.55,0.0,0.01,0.02,420.0,25,342.98,0
7.99,-0.86,35,47.87,52.13,99.21,0.12,-0.15,0.37,18,8.255,0.02,22.81,0.0,8.22,8.29,337.0,27,338.2483,0
7.33,-0.94,46,45.98,54.02,95.21,0.12,-0.15,0.37,198,7.68,0.02,22.52,0.0,7.65,7.71,338.0,27,338.2483,0
7.4,0.43,32,44.07,55.93,91.16,0.11,-0.14,0.37,12,7.13,0.02,22.25,0.0,7.1,7.16,339.0,27,338.2483,0
6.48,0.56,48,42.12,57.88,87.06,0.11,-0.14,0.37,280,6.6,0.02,21.99,0.0,6.57,6.63,340.0,27,338.2483,0
5.95,0.95,11,40.16,59.84,82.92,0.1,-0.14,0.37,8,6.09,0.02,21.72,0.0,6.06,6.12,341.0,27,338.2483,0
5.17,0.9,56,38.18,61.82,78.78,0.1,-0.14,0.36,73,5.61,0.02,21.48,0.0,5.58,5.64,342.0,27,338.2483,0
4.95,0.27,181,36.2,63.8,74.62,0.09,-0.13,0.36,457,5.15,0.02,21.23,0.0,5.12,5.18,343.0,27,338.2483,0
4.8,0.48,8,34.22,65.78,70.48,0.09,-0.13,0.35,138,4.715,0.02,21.0,0.0,4.69,4.74,344.0,27,338.2483,0
3.82,-0.18,2,32.25,67.75,66.37,0.08,-0.12,0.34,205,4.305,0.02,20.78,0.0,4.28,4.33,345.0,27,338.2483,0
3.99,0.48,12,30.31,69.69,62.34,0.08,-0.12,0.33,388,3.925,0.02,20.58,0.0,3.9,3.95,346.0,27,338.2483,0
3.65,0.52,6,28.4,71.6,58.36,0.07,-0.12,0.33,34,3.565,0.02,20.38,0.0,3.54,3.59,347.0,27,338.2483,0
3.13,0.75,11,26.54,73.46,54.49,0.07,-0.11,0.32,178,3.235,0.02,20.2,0.0,3.21,3.26,348.0,27,338.2483,0
3.08,0.91,2,24.71,75.29,50.71,0.07,-0.11,0.31,130,2.925,0.02,20.03,0.0,2.9,2.95,349.0,27,338.2483,0
2.48,0.22,21,22.97,77.03,47.11,0.06,-0.1,0.29,132,2.645,0.02,19.89,0.0,2.62,2.67,350.0,27,338.2483,0
2.41,0.73,208,21.28,78.72,43.62,0.06,-0.1,0.28,3,2.385,0.02,19.76,0.0,2.36,2.41,351.0,27,338.2483,0
1.94,-0.19,99,19.66,80.34,40.27,0.05,-0.09,0.27,21,2.145,0.02,19.63,0.0,2.12,2.17,352.0,27,338.2483,0
1.98,0.0,4,18.13,81.87,37.12,0.05,-0.09,0.26,0,1.93,0.02,19.53,0.0,1.91,1.95,353.0,27,338.2483,0
1.56,0.4,143,16.66,83.34,34.09,0.05,-0.08,0.25,9,1.73,0.01,19.43,0.0,1.71,1.75,354.0,27,338.2483,0
1.43,0.34,16,15.34,84.66,31.37,0.04,-0.08,0.23,69,1.56,0.01,19.39,0.0,1.54,1.58,355.0,27,338.2483,0
1.3,0.11,5,14.06,85.94,28.74,0.04,-0.07,0.22,19,1.4,0.01,19.33,0.0,1.38,1.42,356.0,27,338.2483,0
1.31,0.0,277,12.87,87.13,26.29,0.04,-0.07,0.21,2,1.255,0.01,19.28,0.0,1.24,1.27,357.0,27,338.2483,0
1.13,0.29,126,11.76,88.24,24.02,0.03,-0.07,0.2,110,1.125,0.01,19.25,0.0,1.11,1.14,358.0,27,338.2483,0
0.99,0.16,133,10.78,89.22,22.0,0.03,-0.06,0.18,1,1.015,0.01,19.26,0.0,1.0,1.03,359.0,27,338.2483,0
0.8,-0.08,123,9.86,90.14,20.12,0.03,-0.06,0.17,23,0.915,0.01,19.28,0.0,0.9,0.93,360.0,27,338.2483,0
0.84,0.13,4,9.02,90.98,18.39,0.02,-0.05,0.16,3,0.825,0.01,19.3,0.0,0.81,0.84,361.0,27,338.2483,0
0.71,0.22,18,7.52,92.48,15.32,0.02,-0.05,0.14,18,0.67,0.01,19.37,0.0,0.66,0.68,363.0,27,338.2483,0
0.6,0.0,1,6.86,93.14,13.99,0.02,-0.05,0.13,100,0.605,0.01,19.42,0.0,0.59,0.62,364.0,27,338.2483,0
0.57,0.03,2,6.29,93.71,12.82,0.02,-0.04,0.13,199,0.55,0.01,19.5,0.0,0.54,0.56,365.0,27,338.2483,0
0.38,0.0,2,4.89,95.11,9.96,0.01,-0.04,0.1,0,0.42,0.01,19.83,0.0,0.41,0.43,368.0,27,338.2483,0
0.35,-0.02,5,4.12,95.88,8.39,0.01,-0.03,0.09,15,0.35,0.01,20.03,0.0,0.34,0.36,370.0,27,338.2483,0
0.23,0.0,3,2.79,97.21,5.67,0.01,-0.02,0.07,7,0.235,0.0,20.75,0.0,0.23,0.24,375.0,27,338.2483,0
0.17,0.02,3,1.95,98.05,3.96,0.01,-0.02,0.05,26,0.165,0.0,21.56,0.0,0.16,0.17,380.0,27,338.2483,0
0.12,0.02,1,1.35,98.65,2.75,0.0,-0.01,0.04,50,0.115,0.0,22.29,0.0,0.11,0.12,385.0,27,338.2483,0
0.09,0.0,3,0.99,99.01,2.0,0.0,-0.01,0.03,0,0.085,0.0,23.15,0.0,0.08,0.09,390.0,27,338.2483,0
0.05,0.01,2,0.51,99.49,1.04,0.0,-0.01,0.02,1,0.045,0.0,24.62,0.0,0.04,0.05,400.0,27,338.2483,0
0.02,0.01,1200,0.16,99.84,0.33,0.0,0.0,0.01,1,0.015,0.0,27.51,0.0,0.01,0.02,420.0,27,338.2483,0
8.65,0.98,220,47.85,52.15,99.24,0.13,-0.15,0.38,953,8.665,0.02,23.1,0.0,8.63,8.7,337.0,29,329.69,0
8.15,0.65,297,46.05,53.95,95.43,0.12,-0.14,0.38,936,8.09,0.02,22.82,0.0,8.06,8.12,338.0,29,329.69,0
7.22,0.12,99,44.22,55.78,91.55,0.12,-0.14,0.38,1384,7.53,0.02,22.54,0.0,7.5,7.56,339.0,29,329.69,0
6.99,1.49,1913,42.37,57.63,87.63,0.12,-0.14,0.38,13037,6.99,0.02,22.26,0.0,6.96,7.02,340.0,29,329.69,0
6.4,1.32,112,40.5,59.5,83.69,0.11,-0.14,0.38,812,6.48,0.02,22.01,0.0,6.45,6.51,341.0,29,329.69,0
5.93,0.83,628,38.61,61.39,79.72,0.11,-0.13,0.38,948,5.99,0.02,21.76,0.0,5.96,6.02,342.0,29,329.69,0
5.62,0.56,221,36.71,63.29,75.74,0.1,-0.13,0.37,1230,5.52,0.02,21.51,0.0,5.49,5.55,343.0,29,329.69,0
4.6,0.66,48,34.82,65.18,71.76,0.1,-0.13,0.36,380,5.075,0.02,21.28,0.0,5.05,5.1,344.0,29,329.69,0
4.68,1.07,206,32.93,67.07,67.82,0.09,-0.12,0.36,1240,4.655,0.02,21.05,0.0,4.63,4.68,345.0,29,329.69,0
4.22,0.98,162,31.07,68.93,63.93,0.09,-0.12,0.35,719,4.265,0.02,20.85,0.0,4.24,4.29,346.0,29,329.69,0
4.04,0.66,114,29.2,70.8,60.05,0.08,-0.12,0.34,977,3.885,0.02,20.63,0.0,3.86,3.91,347.0,29,329.69,0
3.28,0.34,63,27.4,72.6,56.31,0.08,-0.11,0.33,946,3.545,0.02,20.46,0.0,3.52,3.57,348.0,29,329.69,0
3.21,0.85,6,25.61,74.39,52.59,0.07,-0.11,0.32,737,3.215,0.02,20.26,0.0,3.19,3.24,349.0,29,329.69,0
3.05,0.89,564,23.9,76.1,49.05,0.07,-0.1,0.31,2554,2.92,0.02,20.11,0.0,2.9,2.94,350.0,29,329.69,0
2.54,0.62,120,22.24,77.76,45.61,0.06,-0.1,0.3,426,2.645,0.02,19.97,0.0,2.62,2.67,351.0,29,329.69,0
2.37,0.63,13,20.64,79.36,42.3,0.06,-0.09,0.29,2557,2.39,0.02,19.83,0.0,2.37,2.41,352.0,29,329.69,0
2.12,0.44,29,19.12,80.88,39.16,0.06,-0.09,0.28,881,2.16,0.02,19.72,0.0,2.14,2.18,353.0,29,329.69,0
2.0,0.51,128,17.67,82.33,36.18,0.05,-0.08,0.26,1090,1.95,0.01,19.62,0.0,1.93,1.97,354.0,29,329.69,0
1.83,0.27,48,16.31,83.69,33.37,0.05,-0.08,0.25,1586,1.76,0.01,19.54,0.0,1.74,1.78,355.0,29,329.69,0
1.57,0.39,177,14.99,85.01,30.66,0.04,-0.08,0.24,624,1.58,0.01,19.45,0.0,1.56,1.6,356.0,29,329.69,0
1.41,0.36,16,13.79,86.21,28.19,0.04,-0.07,0.23,1132,1.425,0.01,19.4,0.0,1.41,1.44,357.0,29,329.69,0
1.32,0.28,21,12.67,87.33,25.9,0.04,-0.07,0.21,2192,1.285,0.01,19.36,0.0,1.27,1.3,358.0,29,329.69,0
1.14,0.34,202,11.64,88.36,23.78,0.03,-0.06,0.2,688,1.16,0.01,19.35,0.0,1.14,1.18,359.0,29,329.69,0
1.08,0.32,567,10.67,89.33,21.78,0.03,-0.06,0.19,5432,1.045,0.01,19.33,0.0,1.03,1.06,360.0,29,329.69,0
0.96,0.27,21,9.79,90.21,19.98,0.03,-0.06,0.18,550,0.945,0.01,19.34,0.0,0.93,0.96,361.0,29,329.69,0
0.85,0.09,12,8.98,91.02,18.32,0.03,-0.05,0.17,386,0.855,0.01,19.36,0.0,0.84,0.87,362.0,29,329.69,0
0.72,0.03,14,8.24,91.76,16.8,0.02,-0.05,0.16,440,0.775,0.01,19.4,0.0,0.76,0.79,363.0,29,329.69,0
0.63,0.08,6,7.57,92.43,15.43,0.02,-0.05,0.15,302,0.705,0.01,19.46,0.0,0.69,0.72,364.0,29,329.69,0
0.64,0.16,35,6.98,93.02,14.23,0.02,-0.04,0.14,1111,0.645,0.01,19.55,0.0,0.63,0.66,365.0,29,329.69,0
0.61,0.03,5,6.39,93.61,13.03,0.02,-0.04,0.13,314,0.585,0.01,19.6,0.0,0.57,0.6,366.0,29,329.69,0
0.53,0.16,11,5.89,94.11,12.0,0.02,-0.04,0.12,376,0.535,0.01,19.69,0.0,0.52,0.55,367.0,29,329.69,0
0.44,0.01,3,5.01,94.99,10.2,0.02,-0.04,0.11,614,0.45,0.01,19.89,0.0,0.44,0.46,369.0,29,329.69,0
0.4,0.06,474,4.6,95.4,9.36,0.01,-0.03,0.1,1218,0.41,0.01,19.97,0.0,0.4,0.42,370.0,29,329.69,0
0.38,0.08,12,4.27,95.73,8.69,0.01,-0.03,0.1,105,0.38,0.01,20.11,0.0,0.37,0.39,371.0,29,329.69,0
0.27,0.04,9,3.16,96.84,6.44,0.01,-0.03,0.08,1408,0.28,0.0,20.66,0.0,0.27,0.29,375.0,29,329.69,0
0.2,-0.01,231,2.21,97.79,4.49,0.01,-0.02,0.06,2155,0.195,0.0,21.38,0.0,0.19,0.2,380.0,29,329.69,0
0.15,0.01,13,1.62,98.38,3.28,0.01,-0.02,0.04,1193,0.145,0.0,22.26,0.0,0.14,0.15,385.0,29,329.69,0
0.1,0.0,2,1.16,98.84,2.36,0.0,-0.01,0.03,736,0.105,0.0,23.0,0.0,0.1,0.11,390.0,29,329.69,0
0.07,-0.02,1,0.83,99.17,1.68,0.0,-0.01,0.03,314,0.075,0.0,23.65,0.0,0.07,0.08,395.0,29,329.69,0
0.06,-0.01,510,0.64,99.36,1.31,0.0,-0.01,0.02,5320,0.06,0.0,24.58,0.0,0.05,0.07,400.0,29,329.69,0
0.05,0.01,21,0.48,99.52,0.97,0.0,-0.01,0.02,390,0.045,0.0,25.28,0.0,0.04,0.05,405.0,29,329.69,0
0.03,0.0,69,0.25,99.75,0.5,0.0,0.0,0.01,183,0.025,0.0,27.89,0.0,0.02,0.03,420.0,29,329.69,0
0.02,0.0,1,0.15,99.85,0.3,0.0,0.0,0.01,102,0.015,0.0,29.17,0.0,0.01,0.02,430.0,29,329.69,0
