LAST,Net Chng,Volume,Prob.ITM,Prob.OTM,Prob.Touch,Rho,Theta,Vega,Open.Int,Extrinsic,Gamma,Impl Vol,Intrinsic,BID,ASK,Strike,expire_days,expire_price,target,dt_predict,rf_predict,kn_predict
2.4,1.25,336,37.43,62.57,76.15,0.03,-0.18,0.22,1227,2.24,0.05,14.74,0.0,2.23,2.25,369.0,8,371.05,0,0,0,0
1.19,0.67,4,15.55,84.45,32.9,0.03,-0.07,0.22,12,1.155,0.02,15.36,0.0,1.14,1.17,379.0,20,378.46,0,1,0,0
1.15,0.61,232,20.71,79.29,41.94,0.02,-0.12,0.19,1459,1.13,0.03,14.73,0.0,1.12,1.14,374.0,10,366.7402,0,1,0,0
3.5,1.75,877,37.95,62.05,77.12,0.06,-0.15,0.29,42163,3.35,0.03,16.06,0.0,3.34,3.36,370.0,15,371.16,0,0,0,0
0.01,0.0,74,0.21,99.79,0.42,0.0,0.0,0.01,2668,0.015,0.0,25.77,0.0,0.01,0.02,430.0,17,371.15,0,0,0,0
0.02,0.0,176,0.24,99.76,0.5,0.0,0.0,0.01,14729,0.015,0.0,22.44,0.0,0.01,0.02,420.0,17,371.15,0,0,0,0
0.01,-0.02,13,0.17,99.83,0.35,0.0,0.0,0.0,88,0.005,0.0,18.07,0.0,0.0,0.01,394.0,6,369.62,0,0,0,0
0.04,-0.02,120,1.28,98.72,2.58,0.0,-0.02,0.02,27,0.045,0.0,16.46,0.0,0.04,0.05,388.0,8,371.05,0,1,0,0
2.93,1.23,7,29.83,70.17,64.17,0.08,-0.08,0.36,44,3.015,0.02,15.06,0.0,2.99,3.04,373.0,27,372.59,0,1,1,0
0.88,0.2,5,12.25,87.75,25.85,0.03,-0.06,0.19,206,0.86,0.02,15.27,0.0,0.85,0.87,381.0,20,378.46,0,0,0,0
4.72,1.87,582,42.24,57.76,91.05,0.08,-0.12,0.35,799,4.795,0.03,17.1,0.0,4.78,4.81,368.0,20,378.46,1,1,0,0
3.02,1.31,236,31.47,68.53,67.37,0.06,-0.11,0.32,138,3.01,0.03,16.2,0.0,2.99,3.03,372.0,20,378.46,1,0,0,0
5.4,2.27,311,42.24,57.76,91.66,0.11,-0.1,0.4,13,5.21,0.02,16.04,0.0,5.18,5.24,368.0,27,372.59,0,0,0,0
0.01,0.0,1696,0.36,99.64,0.74,0.0,0.0,0.0,1229,0.005,0.0,15.91,0.0,0.0,0.01,378.0,1,366.96,0,1,0,0
0.01,0.0,1,0.09,99.91,0.18,0.0,0.0,0.0,1,0.005,0.0,30.48,0.0,0.0,0.01,425.0,8,371.05,0,0,0,0
0.25,0.04,4,4.88,95.12,9.84,0.01,-0.04,0.08,5,0.225,0.01,14.58,0.0,0.22,0.23,384.0,13,369.8,0,0,0,0
0.01,-0.01,14,0.05,99.95,0.11,0.0,0.0,0.0,1450,0.005,0.0,33.54,0.0,0.0,0.01,465.0,17,371.15,0,1,0,0
0.02,0.0,3,0.21,99.79,0.44,0.0,0.0,0.01,3,0.015,0.0,21.34,0.0,0.01,0.02,425.0,22,369.62,0,0,0,0
0.68,0.36,807,10.26,89.74,21.51,0.02,-0.06,0.15,3448,0.67,0.01,15.93,0.0,0.66,0.68,382.0,17,371.15,0,0,0,0
0.05,0.0,1,1.1,98.9,2.21,0.0,-0.01,0.02,1,0.055,0.0,17.38,0.0,0.05,0.06,398.0,15,371.16,0,0,0,0
0.79,0.46,1,10.82,89.18,22.81,0.02,-0.06,0.17,174,0.74,0.01,15.25,0.0,0.73,0.75,382.0,20,378.46,0,1,0,0
2.65,1.11,46,28.88,71.12,61.71,0.06,-0.1,0.31,31,2.655,0.03,16.04,0.0,2.64,2.67,373.0,20,378.46,1,0,0,0
0.01,0.0,301,0.06,99.94,0.13,0.0,0.0,0.0,2558,0.005,0.0,29.34,0.0,0.0,0.01,450.0,17,371.15,0,0,0,0
2.89,1.36,133,29.22,70.78,62.71,0.07,-0.1,0.32,1189,2.795,0.02,15.86,0.0,2.78,2.81,373.0,22,369.62,0,0,0,0
0.03,0.01,2,0.5,99.5,1.01,0.0,-0.01,0.01,31,0.025,0.0,18.72,0.0,0.02,0.03,405.0,15,371.16,0,0,0,0
4.24,1.68,1307,47.28,52.72,96.2,0.06,-0.16,0.29,928,4.18,0.04,15.61,0.0,4.17,4.19,367.0,13,369.8,0,0,0,0
0.01,-0.01,3,0.05,99.95,0.1,0.0,0.0,0.0,299,0.005,0.0,36.24,0.0,0.0,0.01,475.0,17,371.15,0,0,0,0
0.05,0.02,27,0.91,99.09,1.87,0.0,-0.01,0.02,143,0.055,0.0,18.35,0.0,0.05,0.06,405.0,20,378.46,0,0,0,0
0.55,0.3,17,10.91,89.09,22.06,0.02,-0.07,0.14,82,0.56,0.02,14.18,0.0,0.55,0.57,379.0,13,369.8,0,0,0,0
0.01,-0.04,104,0.21,99.79,0.42,0.0,0.0,0.0,104,0.005,0.0,28.48,0.0,0.0,0.01,389.0,1,366.96,0,0,0,0
0.15,0.09,13,2.05,97.95,4.26,0.01,-0.02,0.05,22,0.125,0.0,16.06,0.0,0.12,0.13,397.0,23,369.03,0,1,0,0
0.8,0.45,649,11.61,88.39,24.37,0.02,-0.07,0.17,5489,0.775,0.02,15.9,0.0,0.77,0.78,381.0,17,371.15,0,0,0,0
0.02,-0.1,1,0.18,99.82,0.36,0.0,0.0,0.0,9,0.005,0.0,17.5,0.0,0.0,0.01,393.0,6,369.62,0,1,0,0
0.08,0.02,7,1.38,98.62,2.87,0.0,-0.01,0.04,153,0.095,0.0,16.58,0.0,0.09,0.1,405.0,29,373.1,0,0,0,0
0.04,0.02,4,0.86,99.14,1.73,0.0,-0.01,0.02,296,0.035,0.0,17.68,0.0,0.03,0.04,394.0,10,366.7402,0,0,0,0
0.02,0.0,51,0.59,99.41,1.2,0.0,-0.01,0.01,4657,0.015,0.0,18.96,0.0,0.01,0.02,385.0,3,369.85,0,0,0,0
0.06,0.03,69,1.34,98.66,2.7,0.0,-0.02,0.02,45,0.055,0.0,17.02,0.0,0.05,0.06,391.0,10,366.7402,0,0,0,0
0.01,0.0,560,0.13,99.87,0.26,0.0,0.0,0.0,665,0.005,0.0,24.19,0.0,0.0,0.01,405.0,6,369.62,0,0,0,0
0.01,0.0,5,0.12,99.88,0.23,0.0,0.0,0.0,1950,0.005,0.0,23.68,0.0,0.0,0.01,410.0,8,371.05,0,1,0,0
0.16,0.08,113,3.02,96.98,6.1,0.01,-0.03,0.06,159,0.155,0.01,16.02,0.0,0.15,0.16,390.0,15,371.16,0,1,0,0
0.08,0.04,2,1.93,98.07,3.9,0.0,-0.02,0.04,293,0.085,0.0,15.53,0.0,0.08,0.09,390.0,13,369.8,0,1,0,0
0.18,0.01,4,2.92,97.08,6.08,0.01,-0.02,0.06,6,0.175,0.01,16.24,0.0,0.17,0.18,393.0,20,378.46,0,0,0,0
0.25,0.13,35,4.19,95.81,8.72,0.01,-0.03,0.08,511,0.245,0.01,16.42,0.0,0.24,0.25,389.0,17,371.15,0,0,0,0
0.77,0.44,124,12.15,87.85,24.56,0.02,-0.07,0.16,400,0.73,0.02,15.1,0.0,0.72,0.74,380.0,15,371.16,0,0,0,0
0.11,0.03,2,2.65,97.35,5.34,0.0,-0.02,0.05,135,0.135,0.01,16.18,0.0,0.13,0.14,391.0,15,371.16,0,0,0,0
2.01,1.07,6,22.14,77.86,47.27,0.05,-0.08,0.28,748,1.895,0.02,15.44,0.0,1.88,1.91,376.0,22,369.62,0,0,0,0
0.36,-0.04,1,4.95,95.05,10.37,0.01,-0.03,0.1,24,0.315,0.01,15.39,0.0,0.31,0.32,389.0,22,369.62,0,1,0,0
0.32,0.0,2,5.12,94.88,10.71,0.01,-0.03,0.1,3,0.315,0.01,15.53,0.0,0.31,0.32,388.0,20,378.46,0,1,0,0
0.01,0.0,4,0.15,99.85,0.3,0.0,0.0,0.0,944,0.005,0.0,18.9,0.0,0.0,0.01,400.0,8,371.05,0,1,0,1
0.08,0.03,3,1.15,98.85,2.38,0.0,-0.01,0.03,114,0.075,0.0,16.61,0.0,0.07,0.08,405.0,27,372.59,0,0,0,0
0.07,0.04,16,1.58,98.42,3.18,0.0,-0.02,0.03,641,0.065,0.0,16.84,0.0,0.06,0.07,390.0,10,366.7402,0,1,0,0
1.3,0.7,39,16.17,83.83,34.32,0.04,-0.07,0.24,118,1.255,0.02,14.85,0.0,1.24,1.27,379.0,23,369.03,0,0,0,0
0.01,0.0,5,0.07,99.93,0.14,0.0,0.0,0.0,5,0.005,0.0,33.39,0.0,0.0,0.01,440.0,10,366.7402,0,0,0,0
0.01,0.0,6,0.07,99.93,0.14,0.0,0.0,0.0,2826,0.005,0.0,26.43,0.0,0.0,0.01,440.0,17,371.15,0,0,0,0
0.02,0.01,1,0.11,99.89,0.21,0.0,0.0,0.0,92,0.005,0.0,29.48,0.0,0.0,0.01,415.0,6,369.62,0,1,0,0
0.11,0.01,7,1.8,98.2,3.73,0.0,-0.02,0.04,8,0.105,0.0,16.67,0.0,0.1,0.11,397.0,20,378.46,0,1,0,0
0.04,0.01,12,0.56,99.44,1.17,0.0,-0.01,0.02,385,0.035,0.0,17.95,0.0,0.03,0.04,410.0,23,369.03,0,0,0,0
0.57,0.19,7,7.77,92.23,16.39,0.02,-0.04,0.16,151,0.545,0.01,14.3,0.0,0.53,0.56,386.0,27,372.59,0,1,0,0
0.26,0.13,114,3.92,96.08,8.2,0.01,-0.02,0.09,8,0.245,0.01,15.26,0.0,0.24,0.25,391.0,23,369.03,0,1,0,0
0.55,0.3,2,8.42,91.58,17.68,0.02,-0.05,0.14,8,0.55,0.01,15.26,0.0,0.54,0.56,384.0,20,378.46,0,0,0,0
0.09,0.04,4,2.43,97.57,4.91,0.0,-0.03,0.03,72,0.085,0.01,15.28,0.0,0.08,0.09,384.0,8,371.05,0,1,0,1
0.01,0.0,10,0.06,99.94,0.13,0.0,0.0,0.0,10,0.005,0.0,41.05,0.0,0.0,0.01,450.0,8,371.05,0,0,0,0
1.28,0.61,28,15.34,84.66,32.62,0.04,-0.06,0.25,1693,1.23,0.02,14.34,0.0,1.21,1.25,380.0,27,372.59,0,0,0,0
0.01,0.0,20,0.04,99.96,0.08,0.0,0.0,0.0,1828,0.005,0.0,42.68,0.0,0.0,0.01,500.0,17,371.15,0,0,0,0
0.03,0.01,1,0.98,99.02,1.97,0.0,-0.01,0.02,283,0.035,0.0,17.15,0.0,0.03,0.04,390.0,8,371.05,0,0,0,0
3.14,1.56,764,46.67,53.33,95.14,0.04,-0.19,0.23,378,3.2,0.05,15.26,0.0,3.19,3.21,367.0,8,371.05,1,0,0,0
0.1,-0.03,4,1.86,98.14,3.76,0.0,-0.02,0.04,738,0.095,0.0,16.79,0.0,0.09,0.1,394.0,15,371.16,0,0,0,0
0.17,0.09,8,2.6,97.4,5.41,0.01,-0.02,0.06,3029,0.155,0.0,16.36,0.0,0.15,0.16,394.0,20,378.46,0,0,0,0
0.02,0.0,107,0.62,99.38,1.26,0.0,-0.01,0.01,4386,0.015,0.0,18.08,0.0,0.01,0.02,384.0,3,369.85,0,0,0,0
0.18,0.1,5255,6.97,93.03,14.15,0.0,-0.09,0.05,24971,0.185,0.02,15.2,0.0,0.18,0.19,375.0,3,369.85,0,0,0,0
0.89,0.26,26,10.8,89.2,22.82,0.03,-0.04,0.21,10,0.84,0.01,14.42,0.0,0.83,0.85,384.0,29,373.1,0,0,0,0
1.19,0.81,56128,42.22,57.78,88.39,0.01,-0.39,0.11,9003,1.185,0.1,14.02,0.0,1.18,1.19,367.0,1,366.96,0,1,0,0
0.01,-0.02,301,0.19,99.81,0.39,0.0,0.0,0.0,378,0.005,0.0,21.64,0.0,0.0,0.01,391.0,3,369.85,0,0,0,0
0.08,-0.02,2,1.28,98.72,2.59,0.0,-0.01,0.03,8,0.065,0.0,17.31,0.0,0.06,0.07,397.0,15,371.16,0,0,0,0
0.22,0.0,3,3.36,96.64,7.01,0.01,-0.02,0.09,4,0.23,0.01,15.15,0.0,0.22,0.24,395.0,29,373.1,0,1,0,0
0.02,0.0,1,0.38,99.62,0.76,0.0,-0.01,0.01,0,0.015,0.0,18.5,0.0,0.01,0.02,399.0,10,366.7402,0,0,0,0
0.07,0.03,1481,1.16,98.84,2.4,0.0,-0.01,0.03,41105,0.065,0.0,18.07,0.0,0.06,0.07,400.0,17,371.15,0,0,0,0
0.47,0.0,1,6.27,93.73,13.17,0.02,-0.03,0.14,0,0.45,0.01,14.59,0.0,0.44,0.46,389.0,29,373.1,0,0,0,0
0.65,0.4,276,14.48,85.52,29.32,0.01,-0.1,0.13,491,0.625,0.03,14.15,0.0,0.62,0.63,375.0,8,371.05,0,1,0,0
0.47,0.3,22851,22.67,77.33,47.06,0.0,-0.27,0.08,5064,0.485,0.08,13.46,0.0,0.48,0.49,369.0,1,366.96,0,1,0,0
0.23,0.11,131,5.31,94.69,10.72,0.01,-0.05,0.07,96,0.225,0.01,15.0,0.0,0.22,0.23,382.0,10,366.7402,0,0,0,0
0.26,-0.15,3,5.59,94.41,11.72,0.01,-0.03,0.11,74,0.36,0.01,15.32,0.0,0.35,0.37,388.0,22,369.62,0,0,0,0
0.34,0.2,437,10.48,89.52,21.26,0.01,-0.09,0.09,777,0.355,0.03,13.54,0.0,0.35,0.36,375.0,6,369.62,0,0,0,0
0.01,0.0,100,0.05,99.95,0.1,0.0,0.0,0.0,872,0.005,0.0,34.9,0.0,0.0,0.01,470.0,17,371.15,0,1,0,0
0.11,0.0,6,3.59,96.41,7.48,0.01,-0.03,0.07,6,0.215,0.01,15.87,0.0,0.21,0.22,391.0,20,378.46,0,0,1,0
0.14,-0.11,2,3.25,96.75,6.77,0.01,-0.02,0.07,17,0.195,0.01,16.07,0.0,0.19,0.2,392.0,20,378.46,0,1,0,0
1.25,0.63,401,16.78,83.22,35.39,0.03,-0.08,0.21,12379,1.225,0.02,16.04,0.0,1.22,1.23,378.0,17,371.15,0,0,0,0
2.09,1.01,141,23.92,76.08,50.95,0.05,-0.09,0.28,229,2.035,0.02,15.73,0.0,2.02,2.05,375.0,20,378.46,1,1,0,0
2.8,1.17,2624,31.12,68.88,66.29,0.05,-0.12,0.29,9069,2.84,0.03,16.79,0.0,2.83,2.85,372.0,17,371.15,0,0,0,0
0.7,0.42,4507,21.27,78.73,43.37,0.01,-0.21,0.11,15305,0.725,0.05,15.34,0.0,0.72,0.73,371.0,3,369.85,0,0,0,0
3.28,1.48,8,30.63,69.37,65.83,0.09,-0.08,0.38,32,3.29,0.02,15.29,0.0,3.27,3.31,373.0,29,373.1,0,0,0,0
4.25,1.54,84,37.23,62.77,80.53,0.1,-0.09,0.39,2075,4.23,0.02,15.59,0.0,4.2,4.26,370.0,27,372.59,0,1,1,1
0.01,0.0,15,0.32,99.68,0.65,0.0,0.0,0.0,1681,0.005,0.0,18.28,0.0,0.0,0.01,380.0,1,366.96,0,0,0,0
2.3,1.03,58,32.78,67.22,66.51,0.05,-0.14,0.26,909,2.34,0.03,14.75,0.0,2.33,2.35,371.0,13,369.8,0,1,0,0
2.13,0.94,311,24.42,75.58,52.19,0.06,-0.08,0.3,975,2.165,0.02,15.22,0.0,2.15,2.18,375.0,23,369.03,0,1,0,0
0.49,0.26,64,7.92,92.08,16.57,0.01,-0.05,0.13,8089,0.495,0.01,15.98,0.0,0.49,0.5,384.0,17,371.15,0,0,0,0
0.09,0.0,7,1.88,98.12,3.9,0.0,-0.01,0.05,10,0.115,0.0,16.25,0.0,0.11,0.12,398.0,23,369.03,0,0,0,0
4.05,1.49,3085,39.5,60.5,84.56,0.07,-0.13,0.32,10610,4.105,0.03,17.44,0.0,4.1,4.11,369.0,17,371.15,0,0,0,0
1.39,0.66,288,16.47,83.53,35.02,0.05,-0.06,0.27,934,1.415,0.02,14.56,0.0,1.4,1.43,380.0,29,373.1,0,1,0,0
2.58,1.17,515,42.06,57.94,85.65,0.04,-0.19,0.23,1720,2.69,0.05,14.97,0.0,2.68,2.7,368.0,8,371.05,1,0,0,0
0.03,0.01,554,0.39,99.61,0.81,0.0,0.0,0.01,138,0.025,0.0,20.17,0.0,0.02,0.03,415.0,20,378.46,0,0,0,0
1.73,0.91,51,25.97,74.03,52.62,0.04,-0.12,0.24,917,1.68,0.03,14.46,0.0,1.67,1.69,373.0,13,369.8,0,1,0,0
1.61,0.89,8127,38.85,61.15,79.57,0.02,-0.3,0.15,8270,1.68,0.06,15.8,0.0,1.67,1.69,368.0,3,369.85,1,1,0,0
1.45,0.64,2,14.89,85.11,31.6,0.05,-0.05,0.25,2,1.245,0.02,14.51,0.0,1.23,1.26,381.0,29,373.1,0,0,0,0
0.02,0.01,454,1.01,98.99,2.04,0.0,-0.02,0.01,1868,0.025,0.0,18.38,0.0,0.02,0.03,383.0,3,369.85,0,0,0,0
0.1,0.05,29,2.34,97.66,4.71,0.0,-0.02,0.04,214,0.095,0.01,15.96,0.0,0.09,0.1,387.0,10,366.7402,0,0,0,0
0.05,0.0,1,0.8,99.2,1.62,0.0,-0.01,0.02,4,0.035,0.0,16.59,0.0,0.03,0.04,396.0,13,369.8,0,0,0,0
0.01,-0.02,2,0.19,99.81,0.39,0.0,0.0,0.0,99,0.005,0.0,30.66,0.0,0.0,0.01,391.0,1,366.96,0,1,0,0
0.32,0.16,72,5.43,94.57,11.31,0.01,-0.04,0.1,3186,0.325,0.01,16.23,0.0,0.32,0.33,387.0,17,371.15,0,0,0,0
0.01,0.0,1,0.06,99.94,0.11,0.0,0.0,0.0,1,0.005,0.0,28.53,0.0,0.0,0.01,460.0,22,369.62,0,0,0,0
2.13,1.17,14545,45.35,54.65,93.03,0.02,-0.31,0.15,7388,2.145,0.06,16.09,0.0,2.14,2.15,367.0,3,369.85,1,0,0,0
0.02,0.0,1,0.24,99.76,0.5,0.0,0.0,0.01,100,0.015,0.0,20.81,0.0,0.01,0.02,420.0,20,378.46,0,1,0,0
2.51,1.23,2748,46.04,53.96,94.12,0.03,-0.21,0.2,2632,2.595,0.05,14.36,0.0,2.59,2.6,367.0,6,369.62,1,0,0,0
0.01,-0.01,16,0.28,99.72,0.58,0.0,0.0,0.0,821,0.005,0.0,20.6,0.0,0.0,0.01,382.0,1,366.96,0,0,0,0
0.33,0.15,112,4.84,95.16,10.17,0.01,-0.03,0.11,27,0.32,0.01,14.48,0.0,0.31,0.33,390.0,27,372.59,0,1,0,0
2.74,1.25,1067,39.1,60.9,79.44,0.04,-0.17,0.25,3427,2.78,0.04,15.5,0.0,2.77,2.79,369.0,10,366.7402,0,0,0,0
0.02,0.01,16,0.57,99.43,1.15,0.0,-0.01,0.01,516,0.015,0.0,19.83,0.0,0.01,0.02,386.0,3,369.85,0,0,0,0
0.39,0.2,7,6.57,93.43,13.76,0.01,-0.04,0.12,16,0.415,0.01,15.37,0.0,0.41,0.42,386.0,20,378.46,0,0,0,0
0.01,0.0,10,0.4,99.6,0.81,0.0,-0.01,0.01,0,0.015,0.0,19.39,0.0,0.01,0.02,397.0,8,371.05,0,0,0,0
1.03,0.6,57,17.3,82.7,35.0,0.02,-0.09,0.19,212,0.985,0.03,14.22,0.0,0.98,0.99,376.0,13,369.8,0,0,0,0
0.01,0.0,50,0.19,99.81,0.39,0.0,0.0,0.01,0,0.015,0.0,24.33,0.0,0.01,0.02,435.0,22,369.62,0,1,0,0
1.49,0.89,1891,18.79,81.21,39.7,0.03,-0.09,0.23,12607,1.415,0.02,16.1,0.0,1.41,1.42,377.0,17,371.15,0,1,0,0
0.39,0.25,2616,12.82,87.18,26.09,0.01,-0.15,0.08,5308,0.385,0.04,15.3,0.0,0.38,0.39,373.0,3,369.85,0,0,0,0
0.15,0.06,115,3.76,96.24,7.59,0.0,-0.04,0.06,976,0.155,0.01,15.32,0.0,0.15,0.16,384.0,10,366.7402,0,1,0,0
0.11,-0.03,44,2.8,97.2,5.65,0.0,-0.03,0.04,1703,0.115,0.01,15.83,0.0,0.11,0.12,386.0,10,366.7402,0,0,1,0
1.46,0.0,10,17.04,82.96,36.29,0.05,-0.06,0.27,5,1.405,0.02,14.39,0.0,1.38,1.43,379.0,27,372.59,0,0,0,0
0.01,0.0,100,0.13,99.87,0.27,0.0,0.0,0.01,40,0.015,0.0,30.73,0.0,0.01,0.02,470.0,27,372.59,0,0,0,0
0.01,0.0,5,0.09,99.91,0.18,0.0,0.0,0.0,5,0.005,0.0,64.77,0.0,0.0,0.01,425.0,1,366.96,0,0,0,0
3.71,1.91,125,32.25,67.75,69.51,0.09,-0.09,0.37,57,3.385,0.02,15.21,0.0,3.35,3.42,372.0,27,372.59,0,0,0,0
0.01,0.0,5,0.07,99.93,0.14,0.0,0.0,0.0,78,0.005,0.0,36.92,0.0,0.0,0.01,440.0,8,371.05,0,0,0,0
2.82,1.46,81,29.28,70.72,62.78,0.07,-0.09,0.33,770,2.805,0.02,15.54,0.0,2.79,2.82,373.0,23,369.03,0,0,0,0
0.42,0.24,21,6.86,93.14,13.86,0.01,-0.05,0.11,575,0.375,0.01,15.24,0.0,0.37,0.38,384.0,15,371.16,0,0,0,0
0.17,-0.03,2,2.87,97.13,5.99,0.01,-0.02,0.07,255,0.185,0.0,15.09,0.0,0.18,0.19,395.0,27,372.59,0,0,0,0
0.15,0.06,1,2.53,97.47,5.27,0.01,-0.02,0.06,702,0.155,0.0,15.77,0.0,0.15,0.16,395.0,23,369.03,0,0,0,0
3.88,1.82,51,41.15,58.85,83.66,0.07,-0.15,0.3,351,3.805,0.03,16.26,0.0,3.79,3.82,369.0,15,371.16,0,0,0,0
0.17,0.08,23,3.02,96.98,6.26,0.01,-0.03,0.06,662,0.175,0.01,16.96,0.0,0.17,0.18,392.0,17,371.15,0,0,0,0
2.26,1.16,4,22.97,77.03,49.16,0.06,-0.07,0.32,47,2.085,0.02,14.66,0.0,2.06,2.11,376.0,27,372.59,0,0,0,0
0.01,0.0,20,0.39,99.61,0.78,0.0,-0.01,0.01,0,0.015,0.0,19.93,0.0,0.01,0.02,398.0,8,371.05,0,0,0,0
1.08,0.54,556,14.41,85.59,30.55,0.04,-0.06,0.22,17351,1.085,0.02,14.78,0.0,1.07,1.1,380.0,23,369.03,0,0,0,0
0.04,0.02,43,1.24,98.76,2.5,0.0,-0.02,0.02,167,0.035,0.0,15.21,0.0,0.03,0.04,384.0,6,369.62,0,0,0,0
0.02,0.0,50,0.28,99.72,0.59,0.0,0.0,0.01,50,0.02,0.0,20.01,0.0,0.01,0.03,425.0,27,372.59,0,0,0,0
0.78,-0.01,100,12.29,87.71,26.07,0.04,-0.05,0.22,9,0.935,0.01,14.26,0.0,0.92,0.95,382.0,27,372.59,0,1,0,0
0.64,0.39,637,16.65,83.35,33.82,0.01,-0.12,0.13,1022,0.625,0.04,13.56,0.0,0.62,0.63,373.0,6,369.62,0,0,0,0
0.8,0.48,119,17.4,82.6,35.26,0.02,-0.12,0.15,615,0.785,0.03,14.15,0.0,0.78,0.79,374.0,8,371.05,0,0,0,0
0.52,0.28,299,10.8,89.2,21.82,0.01,-0.08,0.12,714,0.505,0.02,14.67,0.0,0.5,0.51,378.0,10,366.7402,0,0,0,0
0.63,0.17,5,7.75,92.25,16.32,0.02,-0.04,0.16,96,0.57,0.01,14.46,0.0,0.56,0.58,387.0,29,373.1,0,0,0,0
0.01,0.0,108,0.1,99.9,0.19,0.0,0.0,0.0,627,0.005,0.0,25.55,0.0,0.0,0.01,420.0,10,366.7402,0,0,0,0
0.02,0.01,33,0.51,99.49,1.02,0.0,-0.01,0.01,68,0.015,0.0,16.93,0.0,0.01,0.02,389.0,6,369.62,0,1,1,0
0.03,0.01,2,0.17,99.83,0.34,0.0,0.0,0.0,14,0.005,0.0,18.64,0.0,0.0,0.01,395.0,6,369.62,0,0,0,0
0.03,0.01,5,0.84,99.16,1.69,0.0,-0.01,0.01,89,0.025,0.0,16.64,0.0,0.02,0.03,387.0,6,369.62,0,1,0,0
1.28,0.75,5625,32.51,67.49,66.47,0.01,-0.27,0.14,7508,1.29,0.06,15.57,0.0,1.28,1.3,369.0,3,369.85,0,0,0,0
0.29,0.15,212,4.38,95.62,9.16,0.01,-0.03,0.09,2700,0.275,0.01,15.13,0.0,0.27,0.28,390.0,23,369.03,0,0,0,0
0.01,0.0,45,0.08,99.92,0.17,0.0,0.0,0.0,46,0.005,0.0,32.67,0.0,0.0,0.01,430.0,8,371.05,0,0,0,0
0.01,0.0,10,0.08,99.92,0.17,0.0,0.0,0.0,14,0.005,0.0,29.54,0.0,0.0,0.01,430.0,10,366.7402,0,0,0,0
0.03,0.01,82,0.44,99.56,0.9,0.0,-0.01,0.01,13326,0.025,0.0,19.91,0.0,0.02,0.03,410.0,17,371.15,0,0,0,0
0.02,0.0,4,0.24,99.76,0.5,0.0,0.0,0.01,352,0.015,0.0,19.5,0.0,0.01,0.02,420.0,23,369.03,0,0,0,0
0.48,0.29,32343,13.17,86.83,26.73,0.01,-0.1,0.11,652,0.465,0.03,13.46,0.0,0.46,0.47,374.0,6,369.62,0,0,0,0
3.98,1.5,233,37.02,62.98,79.77,0.08,-0.1,0.36,2710,4.01,0.03,16.13,0.0,3.99,4.03,370.0,23,369.03,0,0,0,0
0.94,0.51,94,12.87,87.13,27.25,0.03,-0.06,0.2,305,0.945,0.02,15.09,0.0,0.93,0.96,381.0,22,369.62,0,1,0,0
3.7,1.75,2284,34.39,65.61,74.0,0.08,-0.1,0.35,874,3.57,0.03,15.9,0.0,3.55,3.59,371.0,23,369.03,0,0,0,0
5.1,1.84,505,42.19,57.81,91.32,0.09,-0.11,0.36,207,4.97,0.03,16.94,0.0,4.95,4.99,368.0,22,369.62,0,0,0,0
0.01,-0.01,2,0.12,99.88,0.23,0.0,0.0,0.0,254,0.005,0.0,21.41,0.0,0.0,0.01,410.0,10,366.7402,0,0,0,0
0.29,0.18,45156,15.32,84.68,31.68,0.0,-0.2,0.07,8318,0.295,0.07,13.44,0.0,0.29,0.3,370.0,1,366.96,0,1,0,0
0.19,0.09,1148,4.44,95.56,8.97,0.01,-0.04,0.06,1138,0.185,0.01,15.13,0.0,0.18,0.19,383.0,10,366.7402,0,1,0,0
1.62,0.97,187,28.54,71.46,57.97,0.03,-0.16,0.2,712,1.51,0.04,14.4,0.0,1.5,1.52,371.0,8,371.05,0,0,0,0
0.9,0.39,4,10.97,89.03,23.23,0.03,-0.05,0.2,1,0.815,0.01,14.25,0.0,0.8,0.83,383.0,27,372.59,0,0,0,0
4.88,2.07,1,39.75,60.25,86.1,0.1,-0.09,0.39,17,4.705,0.02,15.81,0.0,4.67,4.74,369.0,27,372.59,0,0,0,0
0.01,-0.01,100,0.11,99.89,0.21,0.0,0.0,0.0,122,0.005,0.0,23.5,0.0,0.0,0.01,415.0,10,366.7402,0,1,0,1
1.59,0.81,5,19.42,80.58,41.22,0.04,-0.08,0.25,1210,1.535,0.02,15.49,0.0,1.52,1.55,377.0,20,378.46,0,1,1,0
1.18,0.22,3,13.39,86.61,28.37,0.04,-0.05,0.24,5,1.09,0.01,14.46,0.0,1.08,1.1,382.0,29,373.1,0,0,0,0
0.08,0.05,154,3.03,96.97,6.14,0.0,-0.04,0.03,1110,0.075,0.01,16.04,0.0,0.07,0.08,378.0,3,369.85,0,0,0,0
3.18,1.24,4284,33.88,66.12,72.28,0.06,-0.13,0.3,8052,3.225,0.03,16.99,0.0,3.22,3.23,371.0,17,371.15,0,0,0,0
0.01,0.0,250,0.34,99.66,0.69,0.0,0.0,0.0,1081,0.005,0.0,17.1,0.0,0.0,0.01,379.0,1,366.96,0,1,0,0
0.7,0.37,70,10.15,89.85,21.43,0.03,-0.05,0.18,661,0.71,0.01,14.74,0.0,0.7,0.72,383.0,23,369.03,0,0,0,0
0.01,0.0,51,0.51,99.49,1.02,0.0,-0.01,0.01,10,0.015,0.0,22.42,0.0,0.01,0.02,389.0,3,369.85,0,0,0,0
0.12,0.06,350,5.25,94.75,10.65,0.0,-0.07,0.04,1328,0.135,0.02,15.43,0.0,0.13,0.14,376.0,3,369.85,0,0,0,0
4.77,2.21,268,47.48,52.52,96.68,0.07,-0.16,0.31,728,4.84,0.03,16.75,0.0,4.83,4.85,367.0,15,371.16,0,1,0,0
0.06,0.03,3,1.22,98.78,2.46,0.0,-0.01,0.02,33,0.055,0.0,16.6,0.0,0.05,0.06,394.0,13,369.8,0,0,0,0
0.08,0.01,25,1.48,98.52,2.98,0.0,-0.02,0.03,4,0.065,0.0,15.96,0.0,0.06,0.07,392.0,13,369.8,0,0,0,0
0.11,-0.04,2,2.35,97.65,4.74,0.0,-0.02,0.04,20,0.105,0.01,15.5,0.0,0.1,0.11,389.0,13,369.8,0,1,0,0
0.01,0.0,855,0.17,99.83,0.34,0.0,0.0,0.0,1016,0.005,0.0,34.96,0.0,0.0,0.01,395.0,1,366.96,0,0,0,0
0.1,0.05,5929,6.34,93.66,13.04,0.0,-0.09,0.03,2561,0.105,0.03,13.78,0.0,0.1,0.11,372.0,1,366.96,0,0,0,0
2.7,1.34,181,36.38,63.62,73.85,0.05,-0.15,0.27,1782,2.735,0.04,14.93,0.0,2.72,2.75,370.0,13,369.8,0,1,0,0
2.3,1.09,6399,35.12,64.88,71.31,0.04,-0.17,0.24,26991,2.36,0.04,15.3,0.0,2.35,2.37,370.0,10,366.7402,0,0,0,0
1.84,0.81,5687,23.35,76.65,49.48,0.04,-0.1,0.26,52605,1.89,0.02,16.32,0.0,1.88,1.9,375.0,17,371.15,0,0,0,0
3.87,1.86,9,34.73,65.27,74.98,0.09,-0.09,0.38,62,3.79,0.02,15.39,0.0,3.76,3.82,371.0,27,372.59,0,0,0,0
5.06,2.26,157,42.24,57.76,91.35,0.09,-0.11,0.37,1417,4.99,0.03,16.62,0.0,4.97,5.01,368.0,23,369.03,0,1,1,1
0.01,0.0,1400,0.1,99.9,0.19,0.0,0.0,0.0,1446,0.005,0.0,60.05,0.0,0.0,0.01,420.0,1,366.96,0,0,0,0
0.29,0.16,34,6.36,93.64,12.84,0.01,-0.05,0.08,207,0.275,0.01,14.89,0.0,0.27,0.28,381.0,10,366.7402,0,1,0,0
0.02,0.01,1,0.21,99.79,0.44,0.0,0.0,0.01,36,0.015,0.0,20.88,0.0,0.01,0.02,425.0,23,369.03,0,0,0,0
0.18,0.1,29,2.69,97.31,5.57,0.01,-0.02,0.05,3822,0.155,0.0,17.11,0.0,0.15,0.16,393.0,17,371.15,0,0,0,0
0.01,0.0,10,0.13,99.87,0.26,0.0,0.0,0.0,809,0.005,0.0,19.27,0.0,0.0,0.01,405.0,10,366.7402,0,0,0,0
0.23,-0.01,45,4.49,95.51,9.06,0.01,-0.04,0.08,7,0.235,0.01,15.54,0.0,0.23,0.24,387.0,15,371.16,0,0,0,0
0.27,0.13,1403,4.43,95.57,9.27,0.01,-0.03,0.09,672,0.28,0.01,15.51,0.0,0.27,0.29,390.0,22,369.62,0,0,0,0
2.85,1.44,25,27.44,72.56,58.93,0.08,-0.08,0.35,64,2.67,0.02,14.9,0.0,2.65,2.69,374.0,27,372.59,0,0,0,0
0.22,0.12,77,3.36,96.64,6.97,0.01,-0.03,0.07,763,0.195,0.01,16.77,0.0,0.19,0.2,391.0,17,371.15,0,0,0,0
0.75,0.45,249,15.09,84.91,30.52,0.02,-0.1,0.15,233,0.755,0.03,14.62,0.0,0.75,0.76,376.0,10,366.7402,0,0,0,0
0.59,0.34,97,12.82,87.18,25.92,0.01,-0.09,0.14,402,0.62,0.02,14.65,0.0,0.61,0.63,377.0,10,366.7402,0,0,0,0
3.08,1.49,152,31.77,68.23,68.29,0.07,-0.1,0.33,861,3.165,0.02,16.05,0.0,3.15,3.18,372.0,22,369.62,0,0,0,0
2.13,1.1,34,21.94,78.06,46.84,0.07,-0.07,0.32,243,2.055,0.02,14.77,0.0,2.04,2.07,377.0,29,373.1,0,1,1,0
2.33,0.98,48,25.14,74.86,53.91,0.07,-0.08,0.33,121,2.36,0.02,14.76,0.0,2.34,2.38,375.0,27,372.59,0,0,0,0
1.94,1.06,65,22.16,77.84,47.27,0.05,-0.08,0.29,495,1.895,0.02,15.1,0.0,1.88,1.91,376.0,23,369.03,0,1,0,0
3.56,1.34,4469,36.69,63.31,78.4,0.06,-0.13,0.31,31661,3.65,0.03,17.21,0.0,3.64,3.66,370.0,17,371.15,0,0,0,0
1.03,0.6,20,12.84,87.16,27.17,0.03,-0.06,0.21,484,0.94,0.02,14.74,0.0,0.93,0.95,381.0,23,369.03,0,0,0,0
0.25,0.0,1,3.54,96.46,7.4,0.01,-0.02,0.09,1,0.23,0.01,14.85,0.0,0.22,0.24,393.0,27,372.59,0,0,1,0
0.33,0.19,3822,7.58,92.42,15.31,0.01,-0.06,0.09,9741,0.335,0.02,14.78,0.0,0.33,0.34,380.0,10,366.7402,0,0,1,0
0.01,0.0,50,0.08,99.92,0.17,0.0,0.0,0.0,50,0.005,0.0,24.49,0.0,0.0,0.01,430.0,15,371.16,0,1,0,0
0.06,-0.02,26,1.01,98.99,2.04,0.0,-0.01,0.02,70,0.045,0.0,16.65,0.0,0.04,0.05,395.0,13,369.8,0,0,0,0
0.11,0.05,582,1.67,98.33,3.47,0.0,-0.01,0.04,4923,0.105,0.0,16.82,0.0,0.1,0.11,400.0,23,369.03,0,0,0,0
0.2,0.06,3,2.84,97.16,5.91,0.01,-0.02,0.06,231,0.175,0.0,16.01,0.0,0.17,0.18,394.0,22,369.62,0,1,0,0
0.17,0.07,10,2.34,97.66,4.88,0.01,-0.02,0.06,1,0.15,0.0,15.34,0.0,0.14,0.16,397.0,27,372.59,0,0,1,0
0.25,0.15,26,6.51,93.49,13.15,0.01,-0.06,0.08,457,0.245,0.02,14.37,0.0,0.24,0.25,379.0,8,371.05,0,0,0,0
0.01,0.0,50,0.09,99.91,0.18,0.0,0.0,0.0,105,0.005,0.0,22.85,0.0,0.0,0.01,425.0,15,371.16,0,1,0,0
0.01,-0.01,1,0.18,99.82,0.36,0.0,0.0,0.0,10,0.005,0.0,32.83,0.0,0.0,0.01,393.0,1,366.96,0,0,0,0
0.36,0.16,13,5.54,94.46,11.61,0.01,-0.03,0.11,71,0.355,0.01,14.94,0.0,0.35,0.36,388.0,23,369.03,0,0,0,0
1.27,0.67,78,18.05,81.95,36.54,0.03,-0.1,0.21,42,1.19,0.02,15.17,0.0,1.18,1.2,377.0,15,371.16,0,0,0,0
0.72,0.17,102,11.41,88.59,24.12,0.03,-0.05,0.19,61,0.815,0.01,14.72,0.0,0.8,0.83,382.0,23,369.03,0,1,0,0
0.29,0.15,41,4.8,95.2,10.0,0.01,-0.04,0.09,3663,0.285,0.01,16.36,0.0,0.28,0.29,388.0,17,371.15,0,0,0,0
0.14,0.04,14,2.05,97.95,4.26,0.01,-0.02,0.05,22,0.125,0.0,16.41,0.0,0.12,0.13,397.0,22,369.62,0,0,0,0
0.07,0.0,2,1.82,98.18,3.67,0.0,-0.02,0.03,65,0.075,0.0,16.6,0.0,0.07,0.08,389.0,10,366.7402,0,0,1,0
1.84,0.9,137,21.6,78.4,45.93,0.05,-0.09,0.27,146,1.77,0.02,15.6,0.0,1.75,1.79,376.0,20,378.46,1,0,0,0
6.03,1.77,293,44.85,55.15,97.31,0.12,-0.1,0.42,497,6.065,0.02,16.5,0.0,6.04,6.09,367.0,29,373.1,1,0,0,0
0.01,-0.01,398,0.08,99.92,0.17,0.0,0.0,0.0,157,0.005,0.0,49.04,0.0,0.0,0.01,430.0,3,369.85,0,0,0,0
0.02,0.0,371,0.26,99.74,0.53,0.0,0.0,0.01,9568,0.015,0.0,20.66,0.0,0.01,0.02,415.0,17,371.15,0,0,0,0
4.24,2.13,452,44.33,55.67,90.2,0.07,-0.16,0.3,1438,4.3,0.03,16.48,0.0,4.29,4.31,368.0,15,371.16,0,0,1,0
0.01,0.0,50,0.07,99.93,0.14,0.0,0.0,0.0,143,0.005,0.0,24.51,0.0,0.0,0.01,440.0,20,378.46,0,0,0,0
0.23,0.08,16,3.94,96.06,7.96,0.01,-0.03,0.07,27,0.205,0.01,15.71,0.0,0.2,0.21,388.0,15,371.16,0,0,0,0
0.11,0.05,13,1.71,98.29,3.55,0.0,-0.01,0.04,33,0.105,0.0,16.43,0.0,0.1,0.11,399.0,23,369.03,0,0,0,0
0.02,-0.01,43,0.53,99.47,1.06,0.0,-0.01,0.01,31,0.015,0.0,16.29,0.0,0.01,0.02,388.0,6,369.62,0,1,0,0
0.01,0.0,71,0.07,99.93,0.14,0.0,0.0,0.0,173,0.005,0.0,22.95,0.0,0.0,0.01,440.0,23,369.03,0,0,0,0
5.43,1.77,296,44.76,55.24,97.05,0.09,-0.12,0.36,259,5.51,0.03,17.21,0.0,5.48,5.54,367.0,22,369.62,0,0,0,0
0.01,0.0,1,0.11,99.89,0.21,0.0,0.0,0.0,165,0.005,0.0,39.02,0.0,0.0,0.01,415.0,3,369.85,0,0,0,0
0.2,0.1,92,3.15,96.85,6.58,0.01,-0.02,0.07,589,0.195,0.01,15.52,0.0,0.19,0.2,393.0,23,369.03,0,1,0,0
0.42,0.19,1187,6.98,93.02,14.59,0.01,-0.05,0.12,11672,0.43,0.01,16.05,0.0,0.42,0.44,385.0,17,371.15,0,1,1,1
0.66,0.38,43,10.54,89.46,21.29,0.02,-0.07,0.15,51,0.615,0.02,15.09,0.0,0.61,0.62,381.0,15,371.16,0,0,0,0
0.03,0.02,31,0.88,99.12,1.78,0.0,-0.01,0.01,113,0.025,0.0,15.98,0.0,0.02,0.03,386.0,6,369.62,0,1,0,0
1.94,0.93,378,25.78,74.22,52.26,0.04,-0.12,0.25,582,1.91,0.03,15.45,0.0,1.9,1.92,374.0,15,371.16,0,0,0,0
0.91,0.5,750,17.74,82.26,35.91,0.02,-0.11,0.17,9096,0.925,0.03,14.66,0.0,0.92,0.93,375.0,10,366.7402,0,0,0,0
1.06,0.64,160,15.9,84.1,32.17,0.03,-0.09,0.19,462,1.015,0.02,15.14,0.0,1.01,1.02,378.0,15,371.16,0,0,0,0
0.09,0.01,27,1.33,98.67,2.74,0.0,-0.01,0.03,249,0.075,0.0,17.98,0.0,0.07,0.08,399.0,17,371.15,0,0,0,0
0.01,0.0,12,0.17,99.83,0.35,0.0,0.0,0.0,39,0.005,0.0,23.92,0.0,0.0,0.01,394.0,3,369.85,0,0,0,0
0.23,0.11,2221,3.59,96.41,7.5,0.01,-0.02,0.08,226,0.225,0.01,15.47,0.0,0.22,0.23,392.0,23,369.03,0,1,0,0
1.65,0.87,1208,35.04,64.96,71.47,0.02,-0.19,0.19,2293,1.695,0.05,13.91,0.0,1.69,1.7,369.0,6,369.62,0,0,1,0
0.01,0.0,100,0.19,99.81,0.38,0.0,0.0,0.0,803,0.005,0.0,22.4,0.0,0.0,0.01,392.0,3,369.85,0,0,0,0
0.38,0.19,12,5.79,94.21,12.11,0.01,-0.04,0.11,16,0.36,0.01,15.43,0.0,0.35,0.37,387.0,20,378.46,0,0,0,0
0.2,0.11,415,3.63,96.37,7.33,0.01,-0.03,0.06,130,0.165,0.01,14.95,0.0,0.16,0.17,386.0,13,369.8,0,1,0,0
0.2,0.1,17,4.09,95.91,8.26,0.01,-0.03,0.07,304,0.185,0.01,14.65,0.0,0.18,0.19,385.0,13,369.8,0,1,0,0
1.58,0.76,21,18.89,81.11,40.3,0.05,-0.06,0.28,9,1.605,0.02,14.46,0.0,1.58,1.63,378.0,27,372.59,0,0,0,0
0.14,0.07,29,2.36,97.64,4.89,0.0,-0.02,0.05,5901,0.135,0.0,17.22,0.0,0.13,0.14,394.0,17,371.15,0,0,0,0
2.4,1.24,95,28.65,71.35,58.11,0.05,-0.13,0.27,666,2.21,0.03,15.56,0.0,2.2,2.22,373.0,15,371.16,0,1,1,0
1.45,0.81,651,23.96,76.04,48.54,0.03,-0.14,0.2,1510,1.37,0.03,14.82,0.0,1.36,1.38,373.0,10,366.7402,0,0,0,0
0.1,0.01,10,1.7,98.3,3.43,0.0,-0.02,0.03,1,0.075,0.0,15.77,0.0,0.07,0.08,391.0,13,369.8,0,0,0,0
0.18,-0.07,54,3.41,96.59,6.88,0.01,-0.03,0.06,85,0.175,0.01,15.81,0.0,0.17,0.18,389.0,15,371.16,0,1,0,0
0.75,0.03,235,11.44,88.56,24.2,0.03,-0.05,0.19,174,0.82,0.01,15.08,0.0,0.81,0.83,382.0,22,369.62,0,0,0,0
0.04,0.02,44,0.89,99.11,1.79,0.0,-0.01,0.02,508,0.035,0.0,17.14,0.0,0.03,0.04,393.0,10,366.7402,0,0,0,0
0.2,0.12,192,5.3,94.7,10.71,0.0,-0.05,0.07,418,0.195,0.01,14.5,0.0,0.19,0.2,380.0,8,371.05,0,0,0,0
0.06,0.02,5234,4.1,95.9,8.41,0.0,-0.06,0.02,1455,0.065,0.02,14.19,0.0,0.06,0.07,373.0,1,366.96,0,0,0,0
0.53,0.33,2811,16.64,83.36,33.89,0.01,-0.18,0.1,4474,0.53,0.04,15.28,0.0,0.52,0.54,372.0,3,369.85,0,0,0,0
0.11,0.07,25,3.89,96.11,7.86,0.0,-0.04,0.04,755,0.115,0.01,13.98,0.0,0.11,0.12,379.0,6,369.62,0,0,0,0
0.16,0.0,1,2.35,97.65,4.88,0.01,-0.02,0.06,0,0.145,0.0,16.02,0.0,0.14,0.15,396.0,23,369.03,0,0,0,0
0.01,0.0,2,0.15,99.85,0.3,0.0,0.0,0.0,1726,0.005,0.0,28.38,0.0,0.0,0.01,400.0,3,369.85,0,0,0,0
0.03,0.01,70,0.39,99.61,0.81,0.0,0.0,0.01,352,0.025,0.0,18.9,0.0,0.02,0.03,415.0,23,369.03,0,1,0,0
1.7,0.97,330,23.04,76.96,46.68,0.04,-0.11,0.24,1138,1.64,0.03,15.34,0.0,1.63,1.65,375.0,15,371.16,0,0,0,0
0.15,0.08,12,2.29,97.71,4.76,0.01,-0.02,0.05,125,0.135,0.0,16.45,0.0,0.13,0.14,395.0,20,378.46,0,0,0,0
3.64,1.43,66,34.34,65.66,73.95,0.08,-0.1,0.34,725,3.56,0.03,16.23,0.0,3.54,3.58,371.0,22,369.62,0,0,0,0
1.03,0.54,160,13.81,86.19,29.17,0.03,-0.07,0.2,1292,0.995,0.02,15.3,0.0,0.98,1.01,380.0,20,378.46,0,0,0,0
0.02,0.01,22,0.39,99.61,0.81,0.0,0.0,0.01,32,0.025,0.0,19.31,0.0,0.02,0.03,415.0,22,369.62,0,0,0,0
0.02,-0.04,1,0.44,99.56,0.89,0.0,-0.01,0.01,5,0.015,0.0,17.79,0.0,0.01,0.02,394.0,8,371.05,0,1,0,0
0.04,0.01,15,0.78,99.22,1.58,0.0,-0.01,0.02,219,0.035,0.0,17.06,0.0,0.03,0.04,397.0,13,369.8,0,0,0,0
0.02,0.0,20,0.18,99.82,0.37,0.0,0.0,0.01,0,0.015,0.0,22.58,0.0,0.01,0.02,440.0,29,373.1,0,1,0,0
5.27,2.36,15,40.12,59.88,86.78,0.11,-0.09,0.41,34,5.015,0.02,16.04,0.0,4.99,5.04,369.0,29,373.1,0,0,0,0
0.5,0.26,53,7.47,92.53,15.67,0.02,-0.04,0.13,47,0.48,0.01,15.34,0.0,0.47,0.49,385.0,20,378.46,0,0,0,0
0.01,-0.02,5,0.11,99.89,0.21,0.0,0.0,0.0,109,0.005,0.0,20.82,0.0,0.0,0.01,415.0,13,369.8,0,0,0,0
0.05,0.03,42,1.58,98.42,3.18,0.0,-0.02,0.02,68,0.045,0.01,15.0,0.0,0.04,0.05,383.0,6,369.62,0,0,0,0
0.01,0.0,2,0.08,99.92,0.15,0.0,0.0,0.0,1816,0.005,0.0,24.94,0.0,0.0,0.01,435.0,17,371.15,0,0,0,0
0.05,0.02,1,0.17,99.83,0.35,0.0,0.0,0.0,11,0.005,0.0,33.9,0.0,0.0,0.01,394.0,1,366.96,0,1,0,0
0.06,0.03,1,1.26,98.74,2.53,0.0,-0.01,0.03,73,0.055,0.0,16.1,0.0,0.05,0.06,393.0,13,369.8,0,0,0,0
0.24,0.08,2,3.53,96.47,7.38,0.01,-0.02,0.08,11,0.22,0.01,15.75,0.0,0.21,0.23,392.0,22,369.62,0,1,0,0
0.01,0.0,20,0.25,99.75,0.5,0.0,0.0,0.01,21,0.015,0.0,23.42,0.0,0.01,0.02,420.0,15,371.16,0,0,0,0
0.25,0.11,11,5.68,94.32,11.46,0.01,-0.04,0.09,188,0.265,0.01,14.43,0.0,0.26,0.27,383.0,13,369.8,0,0,0,0
0.06,0.03,10,1.11,98.89,2.23,0.0,-0.01,0.02,30,0.045,0.0,17.12,0.0,0.04,0.05,392.0,10,366.7402,0,1,0,0
0.04,0.0,4,0.56,99.44,1.17,0.0,-0.01,0.02,295,0.035,0.0,18.34,0.0,0.03,0.04,410.0,22,369.62,0,0,0,0
0.26,0.12,26,4.05,95.95,8.45,0.01,-0.03,0.08,147,0.245,0.01,15.77,0.0,0.24,0.25,390.0,20,378.46,0,1,0,0
0.12,0.04,2,2.96,97.04,5.98,0.0,-0.03,0.04,87,0.105,0.01,15.08,0.0,0.1,0.11,383.0,8,371.05,0,0,0,0
0.02,0.01,979,0.94,99.06,1.91,0.0,-0.01,0.01,1063,0.015,0.01,16.64,0.0,0.01,0.02,377.0,1,366.96,0,1,0,0
0.12,0.0,7,1.95,98.05,4.05,0.01,-0.01,0.05,14,0.125,0.0,15.66,0.0,0.12,0.13,399.0,27,372.59,0,0,0,0
0.02,0.01,3524,1.68,98.32,3.44,0.0,-0.02,0.01,2472,0.025,0.01,15.02,0.0,0.02,0.03,375.0,1,366.96,0,1,0,0
0.07,-0.01,2,1.47,98.53,2.97,0.0,-0.02,0.03,8,0.075,0.0,17.18,0.0,0.07,0.08,396.0,15,371.16,0,0,0,0
0.01,0.0,4,0.12,99.88,0.23,0.0,0.0,0.0,482,0.005,0.0,26.86,0.0,0.0,0.01,410.0,6,369.62,0,1,0,0
0.02,0.0,2,0.24,99.76,0.5,0.0,0.0,0.01,0,0.015,0.0,19.92,0.0,0.01,0.02,420.0,22,369.62,0,0,0,0
0.02,0.0,42,0.23,99.77,0.47,0.0,0.0,0.0,630,0.005,0.0,25.15,0.0,0.0,0.01,386.0,1,366.96,0,0,0,0
0.21,0.06,1,4.4,95.6,9.22,0.01,-0.02,0.1,5,0.29,0.01,14.64,0.0,0.28,0.3,391.0,27,372.59,0,0,0,1
0.14,0.0,4,2.17,97.83,4.52,0.01,-0.01,0.06,4,0.14,0.0,15.56,0.0,0.13,0.15,398.0,27,372.59,0,0,0,0
0.02,0.01,70,0.07,99.93,0.14,0.0,0.0,0.0,78,0.005,0.0,55.42,0.0,0.0,0.01,440.0,3,369.85,0,0,0,0
1.73,0.66,350,20.01,79.99,42.64,0.05,-0.08,0.27,579,1.655,0.02,15.34,0.0,1.64,1.67,377.0,22,369.62,0,0,0,0
0.04,0.03,65,1.19,98.81,2.39,0.0,-0.02,0.02,693,0.035,0.0,15.94,0.0,0.03,0.04,385.0,6,369.62,0,1,0,0
1.94,0.89,55,29.3,70.7,59.41,0.04,-0.13,0.25,633,1.99,0.03,14.59,0.0,1.98,2.0,372.0,13,369.8,0,1,0,0
0.15,0.1,44,3.52,96.48,7.12,0.0,-0.04,0.05,184,0.125,0.01,14.81,0.0,0.12,0.13,382.0,8,371.05,0,1,0,0
4.33,1.84,1047,39.54,60.46,85.08,0.08,-0.12,0.34,472,4.295,0.03,16.84,0.0,4.28,4.31,369.0,20,378.46,1,0,0,0
1.31,0.74,5016,29.81,70.19,60.72,0.02,-0.17,0.18,2497,1.345,0.05,13.77,0.0,1.34,1.35,370.0,6,369.62,0,1,1,0
0.02,0.0,1,0.18,99.82,0.37,0.0,0.0,0.01,1,0.015,0.0,23.37,0.0,0.01,0.02,440.0,27,372.59,0,1,0,0
0.37,0.22,26,6.72,93.28,13.56,0.01,-0.05,0.1,492,0.32,0.01,14.35,0.0,0.31,0.33,382.0,13,369.8,0,0,0,0
0.01,-0.01,1,0.06,99.94,0.11,0.0,0.0,0.0,493,0.005,0.0,32.16,0.0,0.0,0.01,460.0,17,371.15,0,0,0,0
3.31,1.71,92,40.02,59.98,81.31,0.06,-0.15,0.28,519,3.175,0.04,15.14,0.0,3.16,3.19,369.0,13,369.8,0,1,0,0
0.3,0.18,198,7.92,92.08,16.01,0.01,-0.07,0.09,132,0.305,0.02,14.22,0.0,0.3,0.31,378.0,8,371.05,0,1,0,0
0.01,0.0,43,0.16,99.84,0.33,0.0,0.0,0.0,43,0.005,0.0,25.42,0.0,0.0,0.01,396.0,3,369.85,0,0,0,0
1.36,0.34,7,16.16,83.84,34.32,0.04,-0.07,0.23,515,1.255,0.02,15.19,0.0,1.24,1.27,379.0,22,369.62,0,1,0,0
0.18,0.07,1,2.5,97.5,5.22,0.01,-0.02,0.07,3,0.17,0.0,15.51,0.0,0.16,0.18,398.0,29,373.1,0,1,0,0
0.27,0.13,2,3.96,96.04,8.3,0.01,-0.02,0.09,298,0.26,0.01,14.76,0.0,0.25,0.27,392.0,27,372.59,0,0,0,0
0.77,0.44,703,20.52,79.48,41.72,0.01,-0.14,0.15,21536,0.815,0.04,13.59,0.0,0.81,0.82,372.0,6,369.62,0,0,0,0
0.08,0.05,162,2.27,97.73,4.59,0.0,-0.03,0.02,827,0.055,0.01,16.3,0.0,0.05,0.06,379.0,3,369.85,0,0,0,0
0.55,0.29,186,7.96,92.04,16.77,0.02,-0.04,0.14,260,0.535,0.01,15.1,0.0,0.53,0.54,385.0,22,369.62,0,0,0,0
2.63,1.43,23,26.77,73.23,57.35,0.06,-0.09,0.31,364,2.465,0.02,15.7,0.0,2.45,2.48,374.0,22,369.62,0,1,0,0
0.01,-0.01,4,0.04,99.96,0.09,0.0,0.0,0.0,680,0.005,0.0,38.88,0.0,0.0,0.01,485.0,17,371.15,0,0,0,0
0.01,0.0,1,0.12,99.88,0.23,0.0,0.0,0.0,94,0.005,0.0,50.34,0.0,0.0,0.01,410.0,1,366.96,0,0,0,0
0.04,0.01,212,1.84,98.16,3.72,0.0,-0.03,0.02,4082,0.045,0.01,16.83,0.0,0.04,0.05,380.0,3,369.85,0,0,0,0
5.27,1.78,863,44.91,55.09,96.96,0.09,-0.12,0.35,396,5.335,0.03,17.38,0.0,5.32,5.35,367.0,20,378.46,1,0,0,0
0.12,0.07,29,1.85,98.15,3.83,0.0,-0.02,0.04,18,0.105,0.0,17.48,0.0,0.1,0.11,396.0,17,371.15,0,0,0,0
4.03,1.22,13,35.34,64.66,76.2,0.1,-0.09,0.4,10,4.09,0.02,15.64,0.0,4.07,4.11,371.0,29,373.1,0,1,0,0
1.31,0.03,7,18.18,81.82,38.7,0.06,-0.06,0.29,4,1.605,0.02,14.62,0.0,1.59,1.62,379.0,29,373.1,0,0,0,0
1.78,0.87,1926,32.9,67.1,66.88,0.03,-0.17,0.21,2129,1.85,0.04,14.56,0.0,1.84,1.86,370.0,8,371.05,0,0,0,0
0.79,0.31,5,10.15,89.85,21.43,0.02,-0.05,0.17,16,0.71,0.01,15.07,0.0,0.7,0.72,383.0,22,369.62,0,1,0,0
0.09,0.04,18,1.5,98.5,3.1,0.0,-0.01,0.03,3,0.085,0.0,17.85,0.0,0.08,0.09,398.0,17,371.15,0,0,0,0
3.76,1.57,1038,47.08,52.92,95.82,0.05,-0.19,0.25,2032,3.77,0.04,16.01,0.0,3.76,3.78,367.0,10,366.7402,0,1,0,0
0.62,0.3,12,8.7,91.3,18.38,0.03,-0.04,0.17,65,0.62,0.01,14.26,0.0,0.6,0.64,385.0,27,372.59,0,0,0,0
0.07,0.0,11,1.33,98.67,2.68,0.0,-0.02,0.02,63,0.045,0.0,15.82,0.0,0.04,0.05,387.0,8,371.05,0,0,0,0
0.35,0.19,4,4.95,95.05,10.37,0.01,-0.03,0.1,19,0.315,0.01,15.06,0.0,0.31,0.32,389.0,23,369.03,0,1,0,0
0.63,0.35,4,9.57,90.43,20.14,0.02,-0.05,0.16,24,0.64,0.01,15.26,0.0,0.63,0.65,383.0,20,378.46,0,0,1,0
0.01,-0.01,1,0.06,99.94,0.13,0.0,0.0,0.0,233,0.005,0.0,25.48,0.0,0.0,0.01,450.0,23,369.03,0,0,0,0
2.39,1.09,183,26.79,73.21,57.35,0.06,-0.09,0.32,1280,2.465,0.02,15.36,0.0,2.45,2.48,374.0,23,369.03,0,0,0,0
0.48,0.26,1,6.28,93.72,13.2,0.02,-0.04,0.12,6,0.41,0.01,15.24,0.0,0.4,0.42,387.0,22,369.62,0,0,0,0
5.49,2.03,259,44.81,55.19,97.06,0.1,-0.11,0.37,1537,5.52,0.03,16.86,0.0,5.5,5.54,367.0,23,369.03,0,1,0,0
0.34,0.04,3,5.63,94.37,11.82,0.02,-0.03,0.13,30,0.4,0.01,14.67,0.0,0.39,0.41,390.0,29,373.1,0,0,0,0
3.8,1.44,622,36.84,63.16,79.13,0.07,-0.11,0.33,2500,3.835,0.03,16.62,0.0,3.82,3.85,370.0,20,378.46,1,0,0,0
1.03,0.36,16,12.02,87.98,25.44,0.04,-0.05,0.22,11,0.955,0.01,14.42,0.0,0.94,0.97,383.0,29,373.1,0,0,0,0
0.01,-0.01,30,0.05,99.95,0.1,0.0,0.0,0.0,3380,0.005,0.0,37.57,0.0,0.0,0.01,480.0,17,371.15,0,0,0,0
0.08,0.03,93,1.42,98.58,2.95,0.0,-0.01,0.04,604,0.085,0.0,17.41,0.0,0.08,0.09,400.0,20,378.46,0,0,0,0
0.03,-0.06,11,0.47,99.53,0.95,0.0,-0.01,0.01,18,0.015,0.0,18.22,0.0,0.01,0.02,391.0,6,369.62,0,0,0,0
1.46,0.84,235,20.46,79.54,41.42,0.03,-0.11,0.22,260,1.4,0.02,15.25,0.0,1.39,1.41,376.0,15,371.16,0,1,0,0
0.49,0.27,156,9.31,90.69,18.81,0.01,-0.06,0.12,253,0.465,0.02,14.23,0.0,0.46,0.47,380.0,13,369.8,0,0,0,0
0.06,0.01,27,1.61,98.39,3.25,0.0,-0.02,0.02,157,0.055,0.0,15.61,0.0,0.05,0.06,386.0,8,371.05,0,0,0,0
0.14,0.08,6,2.6,97.4,5.24,0.0,-0.02,0.05,399,0.115,0.01,15.17,0.0,0.11,0.12,388.0,13,369.8,0,1,0,0
0.03,0.01,16,1.06,98.94,2.15,0.0,-0.02,0.01,3125,0.025,0.0,17.44,0.0,0.02,0.03,382.0,3,369.85,0,1,0,0
1.04,0.7,103,20.76,79.24,42.1,0.02,-0.13,0.17,346,0.985,0.04,14.21,0.0,0.98,0.99,373.0,8,371.05,0,1,0,0
0.04,-0.02,91,1.01,98.99,2.04,0.0,-0.01,0.02,17,0.035,0.0,16.54,0.0,0.03,0.04,389.0,8,371.05,0,0,0,0
0.01,-0.01,366,0.37,99.63,0.74,0.0,-0.01,0.01,862,0.015,0.0,18.98,0.0,0.01,0.02,400.0,10,366.7402,0,0,1,0
0.04,0.02,43,1.44,98.56,2.91,0.0,-0.02,0.01,1551,0.035,0.01,17.22,0.0,0.03,0.04,381.0,3,369.85,0,0,0,0
0.13,0.03,13,2.11,97.89,4.37,0.0,-0.02,0.05,22,0.125,0.0,16.69,0.0,0.12,0.13,396.0,20,378.46,0,0,0,0
0.01,0.0,1,0.2,99.8,0.4,0.0,0.0,0.0,333,0.005,0.0,29.58,0.0,0.0,0.01,390.0,1,366.96,0,0,0,0
0.01,-0.01,70,0.1,99.9,0.19,0.0,0.0,0.0,79,0.005,0.0,28.26,0.0,0.0,0.01,420.0,8,371.05,0,0,0,0
0.01,0.0,156,0.12,99.88,0.23,0.0,0.0,0.0,343,0.005,0.0,35.55,0.0,0.0,0.01,410.0,3,369.85,0,0,0,0
0.16,0.07,52,4.31,95.69,8.7,0.0,-0.04,0.06,1095,0.155,0.01,14.63,0.0,0.15,0.16,381.0,8,371.05,0,0,0,0
4.21,1.99,60,36.96,63.04,79.72,0.08,-0.11,0.35,1883,3.995,0.03,16.45,0.0,3.98,4.01,370.0,22,369.62,0,0,0,0
0.01,0.0,5179,0.06,99.94,0.12,0.0,0.0,0.0,5779,0.005,0.0,30.76,0.0,0.0,0.01,455.0,17,371.15,0,1,0,0
0.01,0.0,2,0.19,99.81,0.39,0.0,0.0,0.01,0,0.015,0.0,23.81,0.0,0.01,0.02,435.0,23,369.03,0,0,0,0
0.39,0.22,50,6.17,93.83,12.88,0.01,-0.04,0.11,2436,0.375,0.01,16.15,0.0,0.37,0.38,386.0,17,371.15,0,0,0,0
0.1,0.04,75,1.55,98.45,3.21,0.0,-0.01,0.04,908,0.095,0.0,16.95,0.0,0.09,0.1,400.0,22,369.62,0,0,0,0
0.9,0.44,2660,13.17,86.83,27.71,0.02,-0.07,0.18,59516,0.905,0.02,15.94,0.0,0.9,0.91,380.0,17,371.15,0,0,0,0
0.12,0.05,809,2.17,97.83,4.49,0.0,-0.02,0.05,14151,0.125,0.0,17.48,0.0,0.12,0.13,395.0,17,371.15,0,0,0,0
1.34,0.77,86,19.93,80.07,40.35,0.03,-0.1,0.21,2566,1.18,0.03,14.27,0.0,1.17,1.19,375.0,13,369.8,0,0,0,0
1.07,0.68,172,13.91,86.09,28.14,0.02,-0.08,0.18,26,0.86,0.02,15.1,0.0,0.85,0.87,379.0,15,371.16,0,0,0,0
2.35,1.09,3,23.98,76.02,51.28,0.07,-0.07,0.34,6,2.32,0.02,14.88,0.0,2.3,2.34,376.0,29,373.1,0,0,1,0
0.07,0.03,1,0.93,99.07,1.93,0.0,-0.01,0.03,53,0.065,0.0,17.36,0.0,0.06,0.07,410.0,29,373.1,0,0,0,0
0.05,0.02,20,1.93,98.07,3.89,0.0,-0.02,0.03,403,0.055,0.01,14.68,0.0,0.05,0.06,382.0,6,369.62,0,0,0,0
0.02,0.01,50,0.06,99.94,0.11,0.0,0.0,0.0,67,0.005,0.0,27.92,0.0,0.0,0.01,460.0,23,369.03,0,1,0,0
0.01,-0.01,1,0.16,99.84,0.33,0.0,0.0,0.0,223,0.005,0.0,19.2,0.0,0.0,0.01,396.0,6,369.62,0,1,0,0
2.59,1.16,165,26.16,73.84,56.04,0.08,-0.08,0.35,149,2.625,0.02,15.03,0.0,2.61,2.64,375.0,29,373.1,0,0,0,0
0.1,0.04,279,1.67,98.33,3.46,0.0,-0.02,0.04,816,0.095,0.0,17.68,0.0,0.09,0.1,397.0,17,371.15,0,0,0,0
3.22,1.5,989,43.1,56.9,87.66,0.05,-0.18,0.25,2308,3.25,0.04,15.74,0.0,3.24,3.26,368.0,10,366.7402,0,0,0,0
3.71,1.58,15,32.97,67.03,70.97,0.1,-0.09,0.39,33,3.675,0.02,15.46,0.0,3.65,3.7,372.0,29,373.1,0,0,0,0
0.01,0.0,20,0.15,99.85,0.31,0.0,0.0,0.0,20,0.005,0.0,20.33,0.0,0.0,0.01,398.0,6,369.62,0,0,0,0
0.74,0.46,54,12.81,87.19,25.9,0.02,-0.08,0.16,136,0.68,0.02,14.19,0.0,0.67,0.69,378.0,13,369.8,0,0,0,0
0.01,-0.01,10,0.1,99.9,0.19,0.0,0.0,0.0,651,0.005,0.0,42.42,0.0,0.0,0.01,420.0,3,369.85,0,0,0,0
0.02,0.0,1,0.36,99.64,0.75,0.0,0.0,0.01,0,0.025,0.0,19.0,0.0,0.02,0.03,420.0,27,372.59,0,0,0,0
0.02,0.0,100,0.22,99.78,0.44,0.0,0.0,0.0,187,0.005,0.0,27.38,0.0,0.0,0.01,388.0,1,366.96,0,0,0,0
0.01,0.0,343,0.04,99.96,0.08,0.0,0.0,0.0,2286,0.005,0.0,41.43,0.0,0.0,0.01,495.0,17,371.15,0,0,0,0
1.73,0.88,1041,20.98,79.02,44.39,0.04,-0.1,0.24,16492,1.635,0.02,16.18,0.0,1.63,1.64,376.0,17,371.15,0,0,0,0
0.32,0.17,15,5.95,94.05,12.02,0.01,-0.04,0.1,116,0.32,0.01,15.32,0.0,0.31,0.33,385.0,15,371.16,0,0,0,0
3.02,0.69,11,28.35,71.65,60.83,0.08,-0.08,0.36,66,2.94,0.02,15.15,0.0,2.92,2.96,374.0,29,373.1,0,1,0,0
5.95,2.7,51,42.5,57.5,92.07,0.12,-0.1,0.41,63,5.525,0.02,16.27,0.0,5.5,5.55,368.0,29,373.1,0,0,0,0
0.01,0.0,1,0.04,99.96,0.08,0.0,0.0,0.0,114,0.005,0.0,43.93,0.0,0.0,0.01,505.0,17,371.15,0,0,0,0
0.02,0.0,25,0.13,99.87,0.26,0.0,0.0,0.0,138,0.005,0.0,21.32,0.0,0.0,0.01,405.0,8,371.05,0,0,0,0
0.08,0.03,103,1.66,98.34,3.36,0.0,-0.02,0.03,13,0.085,0.0,17.0,0.0,0.08,0.09,395.0,15,371.16,0,1,0,0
0.01,-0.02,3,0.1,99.9,0.19,0.0,0.0,0.0,37,0.005,0.0,32.06,0.0,0.0,0.01,420.0,6,369.62,0,0,0,0
0.01,-0.01,1,0.04,99.96,0.09,0.0,0.0,0.0,1442,0.005,0.0,40.16,0.0,0.0,0.01,490.0,17,371.15,0,1,0,0
1.12,0.62,426,14.47,85.53,30.7,0.03,-0.06,0.22,914,1.095,0.02,15.15,0.0,1.08,1.11,380.0,22,369.62,0,0,0,0
2.53,1.41,16,26.33,73.67,56.19,0.05,-0.1,0.29,178,2.325,0.02,15.86,0.0,2.31,2.34,374.0,20,378.46,1,0,0,0
4.49,1.95,100,39.63,60.37,85.56,0.09,-0.11,0.36,1487,4.48,0.03,16.35,0.0,4.46,4.5,369.0,23,369.03,0,0,0,0
0.01,0.0,2,0.11,99.89,0.21,0.0,0.0,0.0,122,0.005,0.0,25.99,0.0,0.0,0.01,415.0,8,371.05,0,0,0,0
1.87,0.99,6,19.99,80.01,42.62,0.06,-0.07,0.3,207,1.815,0.02,14.68,0.0,1.8,1.83,378.0,29,373.1,0,1,0,1
0.5,0.31,254,11.94,88.06,24.17,0.01,-0.09,0.12,248,0.495,0.03,14.16,0.0,0.49,0.5,376.0,8,371.05,0,0,0,0
0.57,0.28,65,9.01,90.99,18.87,0.02,-0.06,0.14,5133,0.575,0.01,15.94,0.0,0.57,0.58,383.0,17,371.15,0,0,0,0
0.02,0.0,8,0.36,99.64,0.75,0.0,0.0,0.01,1,0.025,0.0,18.36,0.0,0.02,0.03,420.0,29,373.1,0,0,0,0
1.43,0.73,37,18.04,81.96,38.36,0.04,-0.07,0.26,184,1.445,0.02,14.93,0.0,1.43,1.46,378.0,23,369.03,0,1,0,0
0.01,0.0,403,0.55,99.45,1.1,0.0,-0.01,0.01,3683,0.015,0.0,20.7,0.0,0.01,0.02,387.0,3,369.85,0,0,0,0
4.42,1.83,14,39.59,60.41,85.54,0.09,-0.11,0.36,357,4.47,0.03,16.7,0.0,4.45,4.49,369.0,22,369.62,0,0,0,0
2.08,1.14,1547,40.52,59.48,82.74,0.03,-0.2,0.2,1768,2.115,0.05,14.13,0.0,2.11,2.12,368.0,6,369.62,0,0,0,0
0.02,0.0,29,0.47,99.53,0.96,0.0,-0.01,0.01,31,0.015,0.0,18.94,0.0,0.01,0.02,392.0,6,369.62,0,1,0,0
0.01,-0.01,3,0.15,99.85,0.3,0.0,0.0,0.0,183,0.005,0.0,21.45,0.0,0.0,0.01,400.0,6,369.62,0,1,0,0
0.25,0.15,510,8.18,91.82,16.57,0.01,-0.07,0.08,234,0.265,0.02,13.57,0.0,0.26,0.27,376.0,6,369.62,0,0,0,0
4.57,1.61,2363,42.32,57.68,90.74,0.07,-0.14,0.32,55845,4.605,0.03,17.71,0.0,4.59,4.62,368.0,17,371.15,0,0,0,0
0.11,0.06,284,3.85,96.15,7.8,0.0,-0.05,0.03,1685,0.095,0.01,15.58,0.0,0.09,0.1,377.0,3,369.85,0,0,0,0
0.97,0.6,46202,26.59,73.41,54.29,0.01,-0.25,0.13,164663,0.975,0.06,15.43,0.0,0.97,0.98,370.0,3,369.85,0,0,0,0
1.38,0.72,16,17.42,82.58,36.92,0.04,-0.08,0.23,53,1.335,0.02,15.42,0.0,1.32,1.35,378.0,20,378.46,0,1,0,0
1.32,0.77,128,24.45,75.55,49.61,0.02,-0.14,0.18,599,1.22,0.04,14.26,0.0,1.21,1.23,372.0,8,371.05,0,0,0,0
1.16,0.47,23,13.73,86.27,29.15,0.04,-0.05,0.23,6,1.07,0.02,14.28,0.0,1.05,1.09,381.0,27,372.59,0,1,0,0
0.01,0.0,900,0.16,99.84,0.33,0.0,0.0,0.0,950,0.005,0.0,36.02,0.0,0.0,0.01,396.0,1,366.96,0,1,0,0
1.46,0.56,7,18.03,81.97,38.36,0.04,-0.07,0.25,1116,1.445,0.02,15.26,0.0,1.43,1.46,378.0,22,369.62,0,0,0,0
0.09,-0.02,15,2.07,97.93,4.17,0.0,-0.02,0.04,7,0.105,0.0,16.55,0.0,0.1,0.11,393.0,15,371.16,0,0,0,0
0.01,-0.02,11,0.26,99.74,0.52,0.0,0.0,0.0,423,0.005,0.0,22.89,0.0,0.0,0.01,384.0,1,366.96,0,0,0,0
0.01,-0.01,4,0.17,99.83,0.34,0.0,0.0,0.0,668,0.005,0.0,24.67,0.0,0.0,0.01,395.0,3,369.85,0,0,0,0
0.64,0.35,1,8.99,91.01,18.94,0.02,-0.04,0.16,216,0.615,0.01,14.75,0.0,0.6,0.63,384.0,23,369.03,0,1,0,1
0.12,0.03,15,2.43,97.57,4.9,0.0,-0.02,0.05,113,0.125,0.0,16.5,0.0,0.12,0.13,392.0,15,371.16,0,0,0,0
1.95,0.93,493,31.21,68.79,63.32,0.03,-0.16,0.23,746,1.98,0.04,15.09,0.0,1.97,1.99,371.0,10,366.7402,0,0,0,0
0.05,0.03,159,0.63,99.37,1.31,0.0,-0.01,0.02,22644,0.035,0.0,18.71,0.0,0.03,0.04,405.0,17,371.15,0,0,0,0
0.01,0.0,32,0.07,99.93,0.14,0.0,0.0,0.0,1089,0.005,0.0,27.9,0.0,0.0,0.01,445.0,17,371.15,0,1,0,0
0.81,0.48,124,14.94,85.06,30.21,0.02,-0.09,0.17,145,0.82,0.02,14.2,0.0,0.81,0.83,377.0,13,369.8,0,0,0,0
0.43,0.23,5,6.24,93.76,13.09,0.02,-0.03,0.12,182,0.405,0.01,14.86,0.0,0.4,0.41,387.0,23,369.03,0,0,0,0
0.04,0.01,3335,2.36,97.64,4.82,0.0,-0.03,0.02,1386,0.035,0.01,14.25,0.0,0.03,0.04,374.0,1,366.96,0,0,0,0
2.98,1.39,203,34.78,65.22,70.62,0.06,-0.14,0.29,2460,2.93,0.03,15.87,0.0,2.92,2.94,371.0,15,371.16,0,0,0,0
0.55,0.26,15,9.08,90.92,18.35,0.02,-0.06,0.13,225,0.515,0.01,15.08,0.0,0.51,0.52,382.0,15,371.16,0,1,0,0
0.02,-0.01,1237,1.02,98.98,2.07,0.0,-0.01,0.01,669,0.015,0.01,15.3,0.0,0.01,0.02,376.0,1,366.96,0,0,0,0
0.15,0.1,130,4.84,95.16,9.79,0.0,-0.05,0.05,976,0.145,0.01,13.7,0.0,0.14,0.15,378.0,6,369.62,0,1,1,0
5.94,2.53,16,44.7,55.3,97.17,0.12,-0.1,0.4,12,5.75,0.02,16.29,0.0,5.72,5.78,367.0,27,372.59,0,0,0,0
0.01,-0.02,745,0.27,99.73,0.55,0.0,0.0,0.0,963,0.005,0.0,21.75,0.0,0.0,0.01,383.0,1,366.96,0,0,0,0
0.51,0.28,6,7.05,92.95,14.82,0.02,-0.04,0.13,165,0.465,0.01,14.81,0.0,0.46,0.47,386.0,23,369.03,0,0,0,0
4.8,2.25,201,37.75,62.25,81.52,0.11,-0.09,0.4,7062,4.55,0.02,15.87,0.0,4.53,4.57,370.0,29,373.1,0,0,0,0
0.03,0.02,501,0.55,99.45,1.11,0.0,-0.01,0.01,346,0.025,0.0,17.74,0.0,0.02,0.03,400.0,13,369.8,0,0,0,0
0.06,0.03,38,2.3,97.7,4.64,0.0,-0.03,0.03,81,0.065,0.01,14.26,0.0,0.06,0.07,381.0,6,369.62,0,0,0,0
0.01,0.0,13,0.2,99.8,0.4,0.0,0.0,0.0,349,0.005,0.0,20.87,0.0,0.0,0.01,390.0,3,369.85,0,0,0,0
0.27,0.12,1,4.52,95.48,9.45,0.01,-0.03,0.09,5,0.275,0.01,15.61,0.0,0.27,0.28,389.0,20,378.46,0,0,0,0
0.23,0.11,4880,3.71,96.29,7.71,0.01,-0.03,0.07,31840,0.215,0.01,16.55,0.0,0.21,0.22,390.0,17,371.15,0,0,0,0
0.1,0.03,104,1.78,98.22,3.71,0.01,-0.01,0.05,219,0.115,0.0,15.83,0.0,0.11,0.12,400.0,27,372.59,0,0,0,0
2.54,1.12,1625,28.43,71.57,60.46,0.05,-0.12,0.28,14708,2.49,0.03,16.61,0.0,2.48,2.5,373.0,17,371.15,0,0,0,0
1.39,0.83,89,22.83,77.17,46.23,0.03,-0.11,0.22,535,1.41,0.03,14.34,0.0,1.4,1.42,374.0,13,369.8,0,0,0,0
0.02,0.0,1,0.09,99.91,0.18,0.0,0.0,0.0,1,0.005,0.0,24.43,0.0,0.0,0.01,425.0,13,369.8,0,0,0,0
1.7,0.94,414,20.02,79.98,42.64,0.05,-0.08,0.27,1960,1.655,0.02,15.0,0.0,1.64,1.67,377.0,23,369.03,0,0,0,0
0.14,0.07,65,3.28,96.72,6.61,0.0,-0.03,0.05,1615,0.135,0.01,15.61,0.0,0.13,0.14,385.0,10,366.7402,0,0,0,0
3.28,1.28,288,34.14,65.86,73.21,0.07,-0.11,0.33,282,3.405,0.03,16.4,0.0,3.39,3.42,371.0,20,378.46,1,1,0,0
1.62,0.81,761,27.49,72.51,55.73,0.03,-0.15,0.22,1863,1.655,0.04,14.95,0.0,1.65,1.66,372.0,10,366.7402,0,0,0,0
0.01,-0.01,373,0.22,99.78,0.44,0.0,0.0,0.0,742,0.005,0.0,19.31,0.0,0.0,0.01,388.0,3,369.85,0,0,0,0
0.18,0.11,210,6.28,93.72,12.73,0.0,-0.06,0.07,414,0.195,0.02,13.6,0.0,0.19,0.2,377.0,6,369.62,0,0,0,0
0.75,0.36,69,9.69,90.31,20.46,0.03,-0.04,0.19,689,0.74,0.01,14.43,0.0,0.73,0.75,385.0,29,373.1,0,0,0,0
0.02,0.01,1,0.43,99.57,0.86,0.0,-0.01,0.01,107,0.015,0.0,18.33,0.0,0.01,0.02,395.0,8,371.05,0,0,0,0
0.02,0.01,4,0.49,99.51,0.99,0.0,-0.01,0.01,47,0.015,0.0,17.58,0.0,0.01,0.02,390.0,6,369.62,0,1,0,0
0.63,0.29,3,9.77,90.23,20.66,0.03,-0.04,0.18,2,0.71,0.01,14.24,0.0,0.69,0.73,384.0,27,372.59,0,1,0,0
0.01,0.0,16,0.13,99.87,0.26,0.0,0.0,0.0,624,0.005,0.0,32.01,0.0,0.0,0.01,405.0,3,369.85,0,0,0,0
0.27,0.16,2792,9.69,90.31,19.69,0.0,-0.12,0.07,2048,0.275,0.03,15.33,0.0,0.27,0.28,374.0,3,369.85,0,0,0,0
0.01,0.0,276,0.1,99.9,0.19,0.0,0.0,0.0,297,0.005,0.0,22.64,0.0,0.0,0.01,420.0,13,369.8,0,0,0,0
0.18,0.06,2,2.63,97.37,5.49,0.01,-0.02,0.07,2,0.17,0.0,15.27,0.0,0.16,0.18,396.0,27,372.59,0,0,0,0
0.01,-0.01,50,0.08,99.92,0.17,0.0,0.0,0.0,57,0.005,0.0,69.41,0.0,0.0,0.01,430.0,1,366.96,0,0,0,0
0.43,0.26,83,9.11,90.89,18.42,0.01,-0.07,0.11,642,0.415,0.02,14.75,0.0,0.41,0.42,379.0,10,366.7402,0,0,0,0
2.17,1.11,91,24.4,75.6,52.19,0.06,-0.09,0.3,833,2.165,0.02,15.56,0.0,2.15,2.18,375.0,22,369.62,0,0,0,0
0.01,0.0,1,0.04,99.96,0.07,0.0,0.0,0.0,500,0.005,0.0,46.36,0.0,0.0,0.01,515.0,17,371.15,0,0,0,0
0.01,-0.03,4,0.27,99.73,0.53,0.0,0.0,0.01,11,0.015,0.0,21.51,0.0,0.01,0.02,415.0,15,371.16,0,1,0,0
0.54,0.27,1213,7.92,92.08,16.67,0.02,-0.04,0.15,744,0.53,0.01,14.74,0.0,0.52,0.54,385.0,23,369.03,0,1,0,0
0.4,0.26,85,9.69,90.31,19.62,0.01,-0.08,0.1,86,0.385,0.02,14.14,0.0,0.38,0.39,377.0,8,371.05,0,0,0,0
0.02,0.01,74,0.21,99.79,0.44,0.0,0.0,0.01,8858,0.015,0.0,24.02,0.0,0.01,0.02,425.0,17,371.15,0,0,0,0
3.72,1.53,518,43.67,56.33,88.79,0.06,-0.16,0.28,1795,3.655,0.04,15.36,0.0,3.64,3.67,368.0,13,369.8,0,0,1,0
0.05,0.01,2,0.68,99.32,1.37,0.0,-0.01,0.01,8,0.025,0.0,18.21,0.0,0.02,0.03,393.0,8,371.05,0,0,0,0
0.02,-0.01,6,0.59,99.41,1.18,0.0,-0.01,0.01,1,0.025,0.0,19.04,0.0,0.02,0.03,398.0,10,366.7402,0,1,0,0
1.01,0.56,20129,24.95,75.05,50.77,0.02,-0.16,0.16,2092,1.055,0.05,13.67,0.0,1.05,1.06,371.0,6,369.62,0,0,0,0
0.01,-0.01,1,0.18,99.82,0.36,0.0,0.0,0.0,18,0.005,0.0,23.16,0.0,0.0,0.01,393.0,3,369.85,0,0,0,0
0.17,0.1,13010,9.93,90.07,20.47,0.0,-0.14,0.05,3810,0.175,0.05,13.53,0.0,0.17,0.18,371.0,1,366.96,0,0,0,0
0.77,0.51,31026,31.89,68.11,66.48,0.01,-0.35,0.1,6051,0.775,0.1,13.65,0.0,0.77,0.78,368.0,1,366.96,0,0,0,0
5.03,1.7,3668,45.09,54.91,96.86,0.08,-0.14,0.32,12556,5.135,0.03,17.99,0.0,5.13,5.14,367.0,17,371.15,0,0,0,0
0.01,0.0,14,0.09,99.91,0.18,0.0,0.0,0.0,14,0.005,0.0,45.76,0.0,0.0,0.01,425.0,3,369.85,0,1,0,0
2.73,1.37,41,31.67,68.33,64.26,0.05,-0.14,0.28,413,2.55,0.03,15.7,0.0,2.54,2.56,372.0,15,371.16,0,1,0,0
0.15,0.06,168,2.12,97.88,4.41,0.01,-0.01,0.06,265,0.145,0.0,15.84,0.0,0.14,0.15,400.0,29,373.1,0,0,0,0
0.66,0.13,10,9.03,90.97,19.04,0.02,-0.05,0.16,145,0.62,0.01,15.1,0.0,0.61,0.63,384.0,22,369.62,0,0,0,0
0.38,0.2,14,7.91,92.09,15.98,0.01,-0.05,0.11,230,0.385,0.01,14.28,0.0,0.38,0.39,381.0,13,369.8,0,1,0,0
0.55,0.34,1,7.85,92.15,15.86,0.01,-0.05,0.12,11,0.435,0.01,15.12,0.0,0.43,0.44,383.0,15,371.16,0,0,0,0
0.08,0.04,213,2.12,97.88,4.29,0.0,-0.02,0.03,746,0.075,0.01,15.67,0.0,0.07,0.08,385.0,8,371.05,0,0,0,0
0.01,0.0,376,0.08,99.92,0.15,0.0,0.0,0.0,376,0.005,0.0,26.1,0.0,0.0,0.01,435.0,15,371.16,0,0,0,0
0.1,0.05,103,2.95,97.05,5.97,0.0,-0.03,0.04,466,0.085,0.01,14.07,0.0,0.08,0.09,380.0,6,369.62,0,0,0,0
0.06,0.02,4,0.91,99.09,1.87,0.0,-0.01,0.03,739,0.055,0.0,17.2,0.0,0.05,0.06,405.0,23,369.03,0,0,0,0
3.1,1.44,133,31.81,68.19,68.32,0.07,-0.1,0.34,2381,3.17,0.03,15.71,0.0,3.15,3.19,372.0,23,369.03,0,0,0,0
2.13,0.93,1108,25.82,74.18,54.81,0.05,-0.11,0.27,8059,2.17,0.02,16.44,0.0,2.16,2.18,374.0,17,371.15,0,0,0,0
0.06,0.03,2,0.7,99.3,1.41,0.0,-0.01,0.01,24,0.025,0.0,17.63,0.0,0.02,0.03,392.0,8,371.05,0,1,0,0
0.02,0.0,1,0.32,99.68,0.64,0.0,0.0,0.01,45,0.015,0.0,18.87,0.0,0.01,0.02,405.0,13,369.8,0,0,0,0
0.09,-0.07,158,2.07,97.93,4.18,0.0,-0.02,0.03,44,0.085,0.01,16.3,0.0,0.08,0.09,388.0,10,366.7402,0,1,0,0
0.03,0.02,1,0.44,99.56,0.9,0.0,0.0,0.01,92,0.025,0.0,18.48,0.0,0.02,0.03,410.0,20,378.46,0,0,0,0
1.03,0.5,325,14.91,85.09,31.39,0.03,-0.08,0.2,4084,1.055,0.02,15.99,0.0,1.05,1.06,379.0,17,371.15,0,1,0,0
